Name,smiles,RDKit2D_MinEStateIndex,RDKit2D_qed,RDKit2D_SPS,RDKit2D_BalabanJ,RDKit2D_Chi0n,RDKit2D_Kappa1,RDKit2D_Kappa3,RDKit2D_VSA_EState3,RDKit2D_VSA_EState8,RDKit2D_NHOHCount,RDKit2D_NumHDonors,RDKit2D_Phi,RDKit2D_MolLogP,PubChemFP_fp_0,PubChemFP_fp_9,Mordred2D_nAtom,Mordred2D_ATS0se,Mordred2D_ATS2se,Mordred2D_ATS6se,Mordred2D_ATS0are,Mordred2D_ATS5p,Mordred2D_ATS6p,Mordred2D_ATS0i,Mordred2D_ATS2i,Mordred2D_ATS6i,Mordred2D_AATS0v,Mordred2D_ATSC1dv,Mordred2D_ATSC2dv,Mordred2D_ATSC0v,Mordred2D_ATSC1v,Mordred2D_ATSC1pe,Mordred2D_ATSC1are,Mordred2D_ATSC1p,Mordred2D_ATSC0i,Mordred2D_AATSC0i,Mordred2D_BCUTdv-1l,Mordred2D_BCUTse-1l,Mordred2D_BCUTare-1l,Mordred2D_BalabanJ,Mordred2D_SpMAD_DzZ,Mordred2D_SpAbs_Dzse,Mordred2D_SpMAD_Dzse,Mordred2D_SpMAD_Dzpe,Mordred2D_SpMAD_Dzare,Mordred2D_SpAbs_Dzi,Mordred2D_SpDiam_Dzi,Mordred2D_SpMAD_Dzi,Mordred2D_Sse,Mordred2D_Spe,Mordred2D_Sare,Mordred2D_Sp,Mordred2D_Si,Mordred2D_SsCH3,Mordred2D_ETA_dEpsilon_D,Mordred2D_fMF,Mordred2D_CIC0,Mordred2D_ZMIC1,Mordred2D_FilterItLogS,Mordred2D_VMcGowan,Mordred2D_AMID_h,Mordred2D_MID_C,Mordred2D_AMID_O,Mordred2D_apol,Mordred2D_bpol,Mordred2D_TopoPSA
C1,C,0.0,0.35978493788397,0.0,0.0,0.0,0.0,0.0,0.0,0.0,0,0,0.0,0.6361,4,0,5,34.414372,40.310784,0.0,25.61,0.0,0.0,866.464964186996,1109.5059121454938,0.0,109.57037589461012,0.0,0.0,180.10193075137815,-144.08154460110245,-0.07840000000000014,-0.05759999999999999,-0.6441115423033604,4.373530150759195,0.874706030151839,0.0,2.746,2.5,0.0,0.0,0.0,0.0,0.0,0.0,0.0,0.0,0.0,4.775673707210489,4.450980392156863,4.5200000000000005,2.5971089820359285,5.830579291848352,0.0,0.0,0.0,1.5999999999999999,3.816483617504394,0.4829130402062782,24.950000000000006,0.0,1.0,0.0,4.337172,4.012828,0.0
C2,CC,2.0,0.37278555515760503,3.0,1.0,2.0,2.0,0.0,0.0,4.0,0,0,0.0,1.0262,6,0,8,55.391816000000006,83.016576,0.0,41.540000000000006,0.0,0.0,1363.094624325494,2028.2411984228943,0.0,129.1920337605301,-0.5625,-0.75,337.691120158834,-126.63417005956269,-0.06890624999999986,-0.05062500000000024,-0.5661136602275626,8.200369032673493,1.0250461290841866,0.89,2.636,2.39,1.0,1.0,2.0,1.0,1.0,1.0,2.0,2.0,1.0,7.663510560815732,7.176470588235295,7.280000000000001,4.395663473053892,9.245868937772528,4.0,0.0,0.0,2.188721875540867,7.867668746754797,-0.3481257229235901,39.04000000000001,0.0,3.0,0.0,7.340757999999999,6.019242,0.0
C3,CCC,1.25,0.3854706587740357,6.0,1.6329931618554523,2.7071067811865475,3.0,0.0,0.0,4.25,0,0,2.0,1.4163,8,0,11,76.36926,125.74608400000002,0.0,57.47000000000001,0.0,0.0,1859.724284463992,2952.4433973887435,0.0,138.1109691541301,-0.4958677685950414,-3.165289256198346,491.1870838673949,-119.07565669512607,-0.06479338842975063,-0.04760330578512351,-0.5323235886804635,11.92780950207053,1.0843463183700484,0.9773363066878588,2.5909357046106023,2.3449357046106005,1.6329931618554523,1.8213672050459186,5.464101615137755,1.8213672050459186,1.8213672050459186,1.8213672050459186,5.464101615137755,4.7320508075688785,1.8213672050459186,10.551347414420976,9.901960784313728,10.040000000000003,6.194217964071855,12.661158583696704,4.25,0.0,0.0,2.614080682014861,9.926052013809631,-0.8244293766420586,53.130000000000024,0.0,4.914213562373095,0.0,10.344344,8.025656,0.0
C4,CCCC,1.3194444444444444,0.43102435767130914,7.5,1.9747448713915894,3.414213562373095,4.0,2.0,0.0,4.361111111111111,0,0,3.0,1.8064,10,0,14,97.34670399999999,168.475592,0.0,73.40000000000002,4.001516143640999,0.0,2356.35394460249,3876.6455963545927,0.0,143.20750366475866,0.10204081632653068,-4.448979591836734,643.2211812549219,-114.86092522409294,-0.06249999999999911,-0.045918367346938056,-0.5134817779841854,15.619750538425695,1.1156964670304068,0.9860010787499066,2.5757868010618714,2.3297868010618723,1.9747448713915894,2.581138830084191,10.324555320336763,2.581138830084191,2.581138830084191,2.581138830084191,10.324555320336763,8.576491222541478,2.581138830084191,13.439184268026219,12.62745098039216,12.800000000000004,7.992772455089819,16.07644822962088,4.361111111111111,0.0,0.0,2.944234353490973,13.09255135541351,-1.282733202819753,67.22,0.0,6.871320343559642,0.0,13.34793,10.03207,0.0
C5,CCCCC,1.34375,0.46878550980113315,8.4,2.19060968716425,4.121320343559642,5.0,4.0,0.0,4.423611111111111,0,0,4.0,2.1965000000000003,12,0,17,118.32414800000001,211.2051,60.466176000000004,89.33000000000001,12.016620718187998,4.001516143640999,2852.983604740988,4800.84779532044,1664.2588682182409,146.50526128928303,0.48442906574394395,-5.121107266435986,794.5673415501976,-112.17421292473371,-0.06103806228373757,-0.04484429065743998,-0.501470923938603,19.294985959231745,1.1349991740724557,0.9872569003884862,2.5675947494211764,2.3215947494211786,2.19060968716425,3.3152863007600737,16.576431503800364,3.3152863007600737,3.3152863007600737,3.3152863007600737,16.576431503800364,13.524283729399976,3.3152863007600737,16.327021121631464,15.35294117647059,15.560000000000002,9.791326946107784,19.491737875545056,4.423611111111111,0.0,0.0,3.2134817931229813,16.564363271458024,-1.7293109512410845,81.31000000000002,0.0,8.849873734152917,0.0,16.351516,12.038484,0.0
C6,CCCCCC,1.355,0.4629542813199688,9.0,2.3390923149762908,4.82842712474619,6.0,4.0,0.0,4.463611111111111,0,0,5.0,2.5866000000000007,14,0,20,139.30159200000003,253.93460799999997,123.32736000000001,105.26000000000002,21.038149577583994,12.016620718187998,3349.613264879486,5725.049994286289,3137.747110568388,148.81369162645012,0.75,-6.0,945.5351364447349,-110.31243258521903,-0.060025000000002236,-0.04410000000000129,-0.4931478995760074,22.96103329148577,1.1480516645742884,0.9871324231766964,2.562507740815377,2.316507740815375,2.3390923149762908,4.036437167970996,24.218623007825975,4.036437167970996,4.036437167970996,4.036437167970996,24.218623007825975,19.57341311905074,4.036437167970996,19.214857975236708,18.078431372549023,18.32,11.589881437125747,22.90702752146923,4.463611111111111,0.0,0.0,3.44063719565667,20.174385663055805,-2.1674661124533476,95.40000000000003,0.0,10.839150429449553,0.0,19.355102,14.044898,0.0
C7,CCCCCCC,1.3611111111111112,0.4763098736533007,9.428571428571429,2.447472887876344,5.535533905932738,7.0,6.0,0.0,4.491388888888888,0,0,6.0,2.976700000000002,16,0,23,160.27903600000005,296.66411600000004,186.21225999999993,121.19000000000003,30.059678436979993,21.038149577583997,3846.242925017984,6649.252193252139,4616.702265606983,150.51992274522578,0.9451795841209821,-7.001890359168241,1096.2726219649105,-108.94634752446281,-0.05928166351607159,-0.04355387523629764,-0.48704086374544553,26.621487874186418,1.1574559945298442,0.9871447154965195,2.5591599424998854,2.313159942499889,2.447472887876344,4.750109229016721,33.25076460311705,4.750109229016721,4.750109229016721,4.750109229016721,33.25076460311705,26.723216980603134,4.750109229016721,22.10269482884195,20.803921568627455,21.08,13.38843592814371,26.322317167393408,4.491388888888888,0.0,0.0,3.637021063234923,23.862714211800487,-2.599192278361068,109.49000000000004,0.0,12.83378877709787,0.0,22.358688,16.051312,0.0
C8,CCCCCCCC,1.364795918367347,0.4806106052751372,9.75,2.53006045688352,6.242640687119286,8.0,6.0,0.0,4.511797052154195,0,0,7.0,3.3668000000000022,18,0,26,181.25648000000004,339.39362399999993,249.09715999999992,137.12,39.08120729637599,30.059678436979993,4342.872585156481,7573.454392217988,6095.657420645577,151.83240822120703,1.0946745562130213,-8.082840236686389,1246.8595205864642,-107.90130466613651,-0.05871301775148017,-0.04313609467455701,-0.48236903593354497,30.278285659102124,1.1645494484270047,0.9871435010114099,2.5567867747343462,2.310786774734343,2.53006045688352,5.459088336747442,43.67270669397953,5.459088336747442,5.459088336747442,5.459088336747442,43.67270669397953,34.97342453153386,5.459088336747442,24.990531682447198,23.529411764705884,23.84,15.186990419161678,29.737606813317583,4.511797052154195,0.0,0.0,3.8099480779216,27.601553861865273,-3.0258022005496863,123.58000000000004,0.0,14.83110795092203,0.0,25.362274,18.057726,0.0
C9,CCCCCCCCC,1.3671875,0.4777243799437154,10.0,2.595082706793886,6.949747468305834,9.0,8.0,0.0,4.527422052154195,0,0,8.0,3.7569000000000026,20,0,29,202.2339240000001,382.1231319999998,311.98206000000005,153.05,48.10273615577199,39.08120729637599,4839.50224529498,8497.656591183839,7574.612575684173,152.8733449780197,1.212841854934602,-9.217598097502972,1397.342566174485,-107.07605871068867,-0.05826397146254695,-0.042806183115340825,-0.47867980254411097,33.932561514511,1.1700883280865861,0.9871436209956077,2.5550697732657897,2.3090697732657897,2.595082706793886,6.164930959811597,55.48437863830438,6.164930959811597,6.164930959811597,6.164930959811597,55.48437863830438,44.32390805791538,6.164930959811597,27.87836853605244,26.254901960784316,26.599999999999998,16.985544910179645,33.15289645924176,4.527422052154195,0.0,0.0,3.9644098934733814,31.375750671093666,-3.4482147003950465,137.67000000000004,0.0,16.829767537834112,0.0,28.365859999999998,20.06414,0.0
C10,CCCCCCCCCC,1.3688271604938271,0.4684089279615184,10.2,2.6476048489438337,7.6568542494923815,10.0,8.0,0.0,4.539767731166541,0,0,9.0,4.147000000000004,22,0,32,223.21136800000002,424.85263999999995,374.86695999999995,168.98000000000002,57.12426501516799,48.10273615577199,5336.131905433478,9421.858790149687,9053.567730722772,153.71910609293008,1.30859375,-10.390625,1547.7509673946556,-106.40787900838225,-0.057900390625000714,-0.0425390625000003,-0.4756927283856631,37.58502473308684,1.1745320229089637,0.9871436091417667,2.5537607364704105,2.3077607364704087,2.6476048489438337,6.868574350637258,68.68574350637256,6.868574350637258,6.868574350637258,6.868574350637258,68.68574350637256,54.77460084771699,6.868574350637258,30.766205389657685,28.98039215686275,29.360000000000003,18.784099401197608,36.568186105165935,4.539767731166541,0.0,0.0,4.103961767465442,35.17609676811088,-3.867102638111995,151.76000000000002,0.0,18.82909733129015,0.0,31.369446,22.070553999999998,0.0
C11,CCCCCCCCCCC,1.37,0.4526177505443085,10.363636363636363,2.6909155266923976,8.36396103067893,11.0,10.0,0.0,4.549767731166541,0,0,10.0,4.537100000000004,24,0,35,244.18881200000007,467.582148,437.75186,184.91,66.14579387456399,57.12426501516799,5832.761565571976,10346.060989115536,10532.52288576137,154.41987958814147,1.3877551020408168,-11.591836734693873,1698.1039185129935,-105.85582868652409,-0.05759999999999979,-0.042318367346939244,-0.47322480659022254,41.23614142144384,1.1781754691841098,0.9871436103128646,2.5527580211762775,2.306758021176281,2.6909155266923976,7.570616404823237,83.27678045305561,7.570616404823237,7.570616404823237,7.570616404823237,83.27678045305561,66.32546526588193,7.570616404823237,33.654042243262936,31.705882352941178,32.120000000000005,20.582653892215575,39.98347575109011,4.549767731166541,0.0,0.0,4.2312242234948005,38.99655443673954,-4.2829762724663905,165.85000000000005,0.0,20.82876222801817,0.0,34.373031999999995,24.076968,0.0
C12,CCCCCCCCCCCC,1.3708677685950414,0.43046430405249847,10.5,2.72724281291869,9.071067811865477,12.0,10.0,0.0,4.558032193976458,0,0,11.0,4.9272000000000045,26,0,38,265.16625600000003,510.31165599999997,500.6367600000001,200.84000000000003,75.16732273395999,66.145793874564,6329.391225710474,11270.263188081386,12011.478040799966,155.01000463674055,1.4542936288088641,-12.814404432132962,1848.4145524483542,-105.39205781503769,-0.057347645429364776,-0.042132963988922176,-0.4711515350124095,44.88623049463384,1.1812165919640485,0.9871436101971669,2.5519569065420153,2.3059569065420127,2.72724281291869,8.271456415278156,99.25747698333788,8.271456415278156,8.271456415278156,8.271456415278156,99.25747698333788,78.97647876215945,8.271456415278156,36.541879096868186,34.431372549019606,34.88000000000001,22.381208383233542,43.39876539701429,4.558032193976458,0.0,0.0,4.348183754745323,42.83293844949645,-4.696233471684752,179.94000000000003,0.0,22.828594676382178,0.0,37.376618,26.083382,0.0
C13,CCCCCCCCCCCCC,1.3715277777777777,0.4031688486987215,10.615384615384615,2.7581498184332935,9.778174593052025,13.0,12.0,0.0,4.5649766384209025,0,0,12.0,5.317300000000005,28,0,41,286.14369999999997,553.0411639999999,563.5216600000001,216.77,84.18885159335599,75.16732273395999,6826.020885848972,12194.465387047236,13490.433195838563,155.51376992213005,1.5110053539559798,-14.053539559785845,1998.6921583384647,-104.99696141365312,-0.05713265913146914,-0.041975014872101014,-0.46938527026866267,48.535517526717896,1.1837931104077535,0.9871436102085965,2.5513190596440802,2.3053190596440793,2.7581498184332935,8.971371171969356,116.62782523560165,8.971371171969356,8.971371171969356,8.971371171969356,116.62782523560165,92.72762715260271,8.971371171969356,39.42971595047342,37.15686274509804,37.64000000000001,24.1797628742515,46.81405504293846,4.5649766384209025,0.0,0.0,4.4563818086206615,46.68222344049515,-5.107191590682061,194.0300000000001,0.0,24.828510900564183,0.0,40.380204,28.089796,0.0
C14,CCCCCCCCCCCCCC,1.3720414201183433,0.3731035838174365,10.714285714285714,2.7847655305545773,10.485281374238573,14.0,12.0,0.0,4.570893798184216,0,0,13.0,5.707400000000006,30,0,44,307.12114399999996,595.7706719999999,626.4065600000001,232.7,93.21038045275199,84.18885159335599,7322.65054598747,13118.667586013085,14969.38835087716,155.94883994133002,1.5599173553719032,-15.305785123966947,2148.943491919852,-104.65633889220022,-0.05694731404959193,-0.041838842975212814,-0.4678625291136887,52.18416657155858,1.1860037857172403,0.9871436102074689,2.550792371514744,2.3047923715147487,2.7847655305545773,9.670558575852242,135.3878200619314,9.670558575852242,9.670558575852242,9.670558575852242,135.3878200619314,107.57890115145128,9.670558575852242,42.31755280407867,39.882352941176464,40.400000000000006,25.97831736526947,50.22934468886264,4.570893798184216,0.0,0.0,4.557038335842319,50.54214994210777,-5.5161085876553955,208.12000000000006,0.0,26.828469012655187,0.0,43.38379,30.09621,0.0
C15,CCCCCCCCCCCCCCC,1.3724489795918366,0.3429502160022288,10.8,2.8079257388805243,11.192388155425121,15.0,14.0,0.0,4.575995839000543,0,0,14.0,6.097500000000006,32,0,47,328.0985879999999,638.5001799999998,689.2914600000001,248.63000000000002,102.23190931214799,93.21038045275199,7819.280206125968,14042.869784978935,16448.343505915753,156.32836910701513,1.602535083748305,-16.568583069262118,2299.173584060147,-104.3596520424468,-0.05678587596197687,-0.04172023540063809,-0.4665362008534913,55.8322997969259,1.1879212722750192,0.987143610207581,2.5503610422732663,2.304361042273263,2.8079257388805243,10.369163865100477,155.53745797650703,10.369163865100477,10.369163865100477,10.369163865100477,155.53745797650703,123.53029447214064,10.369163865100477,45.205389657683924,42.60784313725489,43.16000000000002,27.776871856287435,53.644634334786815,4.575995839000543,0.0,0.0,4.6511352964708035,54.410985914132354,-5.923197512348028,222.21000000000004,0.0,28.828448068700688,0.0,46.387375999999996,32.102624,0.0
C16,CCCCCCCCCCCCCCCC,1.3727777777777779,0.3149047241460033,10.875,2.828262412638549,11.899494936611669,16.0,14.0,0.0,4.580440283444987,0,0,15.0,6.487600000000007,34,0,50,349.07603199999994,681.229688,752.1763599999999,264.55999999999995,111.25343817154399,102.23190931214799,8315.909866264466,14967.071983944781,17927.29866095435,156.66235477281805,1.639999999999997,-17.839999999999996,2449.386258218742,-104.0989159742972,-0.05664399999999725,-0.04161600000000135,-0.46537058931417824,59.48001005032505,1.189600201006501,0.9871436102075689,2.549996006291886,2.3039960062918863,2.828262412638549,11.067296034414746,177.07673655063599,11.067296034414746,11.067296034414746,11.067296034414746,177.07673655063599,140.5818027352267,11.067296034414746,48.09322651128915,45.333333333333336,45.92,29.575426347305395,57.05992398071099,4.580440283444987,0.0,0.0,4.739474732050231,58.28737500568233,-6.328636744352935,236.3,0.0,30.82843759672344,0.0,49.390961999999995,34.109038,0.0
C17,CCCCCCCCCCCCCCCCC,1.373046875,0.29031715960806453,10.941176470588236,2.846262262649495,12.606601717798217,17.0,16.0,0.0,4.584346533444987,0,0,16.0,6.877700000000007,36,0,53,370.0534759999999,723.9591959999999,815.0612600000002,280.48999999999984,120.27496703093999,111.25343817154399,8812.539526402965,15891.27418291063,19406.253815992946,156.95853074060557,1.6731933072267764,-19.118547525809902,2599.5844721661183,-103.86797003105671,-0.0565183339266646,-0.04152367390530819,-0.4643381534938799,63.12736915718463,1.191082436928012,0.9871436102075715,2.5496905534597953,2.3036905534597913,2.846262262649495,11.765038473530026,200.00565405001043,11.765038473530026,11.765038473530026,11.765038473530026,200.00565405001043,158.7334228137491,11.765038473530026,50.98106336489441,48.058823529411754,48.680000000000014,31.373980838323362,60.47521362663517,4.584346533444987,0.0,0.0,4.822720157607151,62.17023599515104,-6.732577412587707,250.3900000000001,0.0,32.828432360734816,0.0,52.394548,36.115452,0.0
C18,CCCCCCCCCCCCCCCCCC,1.3732698961937717,0.2695410264515143,11.0,2.862306209193584,13.313708498984765,18.0,16.0,0.0,4.5878067410574435,0,0,17.0,7.267800000000007,38,0,56,391.0309199999999,766.6887039999999,877.9461600000002,296.42,129.29649589033602,120.27496703093999,9309.169186541461,16815.47638187648,20885.208971031545,157.22297356898721,1.7028061224489792,-20.403061224489786,2749.770549864791,-103.66198501474372,-0.0564062499999991,-0.041441326530609106,-0.46341730463073055,66.77443355176987,1.1924005991387479,0.9871436102075694,2.549427052286202,2.3034270522862084,2.862306209193584,12.46245606718542,224.32420920933748,12.46245606718542,12.46245606718542,12.46245606718542,224.32420920933748,177.98515242659875,12.46245606718542,53.86890021849963,50.78431372549021,51.44,33.17253532934132,63.89050327255934,4.5878067410574435,0.0,0.0,4.901426706014605,66.05869386515188,-7.135148890169441,264.48000000000013,0.0,34.828429742740504,0.0,55.398134,38.121866,0.0
C19,CCCCCCCCCCCCCCCCCCC,1.373456790123457,0.2520053119130528,11.052631578947368,2.8766966445353965,14.020815280171313,19.0,18.0,0.0,4.590893160810531,0,0,18.0,7.657900000000008,40,0,59,412.0083639999999,809.4182119999998,940.8310600000001,312.34999999999997,138.3180247497321,129.29649589033602,9805.79884667996,17739.67858084233,22364.164126070144,157.46052390634702,1.7293881068658363,-21.692617064062052,2899.946342606936,-103.4771219485098,-0.05630565929328764,-0.04136742315425543,-0.46259088071197857,70.42124819019045,1.1935804777998382,0.9871436102075678,2.549202769504972,2.303202769504973,2.8766966445353965,13.159600057259585,250.03240108793207,13.159600057259585,13.159600057259585,13.159600057259585,250.03240108793207,198.33698987801478,13.159600057259585,56.75673707210488,53.50980392156863,54.2,34.97108982035929,67.30579291848352,4.590893160810531,0.0,0.0,4.976063500863096,69.9520312069355,-7.536462941826279,278.5700000000001,0.0,36.82842843374335,0.0,58.40172,40.12828,0.0
C20,CCCCCCCCCCCCCCCCCCCC,1.3736149584487536,0.23665843587143434,11.1,2.8896766777949185,14.72792206135786,20.0,18.0,0.0,4.593663243913023,0,0,19.0,8.048000000000007,42,0,62,432.98580799999985,852.1477199999997,1003.7159600000002,328.27999999999986,147.3395536091281,138.31802474973213,10302.428506818458,18663.88077980818,23843.119281108746,157.67508550138172,1.7533818938605665,-22.986472424557768,3050.1133433701134,-103.31029066253913,-0.05621488033296755,-0.04130072840789179,-0.4618450672407979,74.0678493273735,1.1946427310866692,0.9871436102075689,2.5490063001423766,2.303006300142375,2.8896766777949185,13.856511448732794,277.130228974656,13.856511448732794,13.856511448732794,13.856511448732794,277.130228974656,219.78893388612215,13.856511448732794,59.64457392571014,56.23529411764705,56.96000000000001,36.769644311377256,70.72108256440774,4.593663243913023,0.0,0.0,5.047030542813793,73.84965312545532,-7.936616906958246,292.6600000000001,0.0,38.82842777924477,0.0,61.405305999999996,42.134693999999996,0.0
C21,CCCCCCCCCCCCCCCCCCCCC,1.37375,0.22251819493515618,11.142857142857142,2.901443984538413,15.435028842544408,21.0,20.0,0.0,4.596163243913024,0,0,20.0,8.438100000000006,44,0,65,453.9632519999999,894.877228,1066.60086,344.21000000000004,156.36108246852402,147.339553609128,10799.058166956956,19588.082978774026,25322.074436147326,157.86984141072082,1.7751479289940795,-24.284023668639055,3200.2727695052577,-103.15897572031575,-0.05613254437868986,-0.041240236686382235,-0.46116861904560813,77.71426652502878,1.1956041003850582,0.9871436102075699,2.548836738447247,2.302836738447243,2.901443984538413,14.553223443991664,305.61769232382494,14.553223443991664,14.553223443991664,14.553223443991664,305.61769232382494,242.34098346734254,14.553223443991664,62.53241077931537,58.9607843137255,59.72,38.56819880239521,74.13637221033187,4.596163243913024,0.0,0.0,5.114671647667616,77.7510613654583,-8.335696179018903,306.75000000000006,0.0,40.82842745199548,0.0,64.408892,44.141107999999996,0.0
C22,CCCCCCCCCCCCCCCCCCCCCC,1.3738662131519275,0.20895316562946994,11.181818181818182,2.9121609469850025,16.142135623730958,22.0,20.0,0.0,4.598430817609168,0,0,21.0,8.828200000000002,46,0,68,474.9406959999999,937.6067360000001,1129.48576,360.14,165.38261132792005,156.36108246852405,11295.687827095455,20512.285177739876,26801.02959118593,158.04741297511833,1.7949826989619346,-25.58477508650519,3350.4256235366665,-103.02110874511374,-0.05605752595154558,-0.04118512110725065,-0.46055228951999955,81.36052412809384,1.19647829600138,0.9871436102075684,2.548686323881796,2.302686323881792,2.9121609469850025,15.24976321413926,335.49479071106396,15.24976321413926,15.24976321413926,15.24976321413926,335.49479071106396,265.9931378567927,15.24976321413926,65.42024763292062,61.68627450980392,62.480000000000004,40.366753293413176,77.55166185625606,4.598430817609168,0.0,0.0,5.179284493950634,81.65583489015047,-8.733776162495898,320.84000000000015,0.0,42.82842728837083,0.0,67.412478,46.147521999999995,0.0
C23,CCCCCCCCCCCCCCCCCCCCCCC,1.3739669421487604,0.19567989082850493,11.217391304347826,2.9219621943934726,16.849242404917504,23.0,22.0,0.0,4.600496933311648,0,0,22.0,9.218300000000001,48,0,71,495.9181399999998,980.3362439999999,1192.37066,376.0699999999999,174.40414018731607,165.3826113279201,11792.317487233953,21436.487376705725,28279.984746224523,158.20997849182027,1.8131323150168632,-26.888315810355085,3500.572738547915,-102.89497333147949,-0.05598889109301644,-0.04113469549690862,-0.4599884055330432,85.00664236686889,1.1972766530544914,0.9871436102075685,2.5485550074828045,2.302555007482807,2.9219621943934726,15.946153208796671,366.76152380232355,15.946153208796671,15.946153208796671,15.946153208796671,366.76152380232355,290.7453964524149,15.946153208796671,68.30808448652587,64.41176470588235,65.24000000000001,42.16530778443114,80.96695150218028,4.600496933311648,0.0,0.0,5.241128521463757,85.5636150715795,-9.13092383603398,334.9300000000001,0.0,44.828427206558516,0.0,70.41606399999999,48.153936,0.0
C24,CCCCCCCCCCCCCCCCCCCCCCCC,1.374054820415879,0.1826494365002578,11.25,2.930960289426317,17.55634918610405,24.0,22.0,0.0,4.602387292479889,0,0,23.0,9.608399999999998,50,0,74,516.8955839999999,1023.065752,1255.2555600000003,392.00000000000006,183.42566904671207,174.40414018731613,12288.947147372452,22360.689575671575,29758.939901263122,158.3593630206814,1.8298027757487287,-28.19430241051863,3650.714812527935,-102.77913323558441,-0.05592585829071282,-0.041088385682966584,-0.4594705464065971,88.65263819106477,1.198008624203578,0.9871436102075689,2.548437288512355,2.302437288512362,2.930960289426317,16.642412138823016,399.41789133175234,16.642412138823016,16.642412138823016,16.642412138823016,399.41789133175234,316.5977587750794,16.642412138823016,71.19592134013111,67.13725490196079,67.99999999999999,43.963862275449095,84.38224114810441,4.602387292479889,0.0,0.0,5.300431209541135,89.47409423884346,-9.527199014455954,349.0200000000001,0.0,46.82842716565235,0.0,73.41964999999999,50.16035,0.0
C25,CCCCCCCCCCCCCCCCCCCCCCCCC,1.3741319444444444,0.16993743727121965,11.28,2.939250071405689,18.263455967290597,25.0,24.0,0.0,4.604123403591001,0,0,24.0,9.998499999999995,52,0,77,537.873028,1065.7952599999999,1318.1404600000003,407.93,192.44719790610807,183.4256690467121,12785.57680751095,23284.891774637425,31237.89505630172,158.49710719664438,1.8451678191937928,-29.50244560634172,3800.852434688176,-102.67237745651502,-0.05586776859502174,-0.041045707539194246,-0.45899329840304726,92.29852590887913,1.198682154660768,0.9871436102075698,2.5483335135248435,2.3023335135248386,2.939250071405689,17.338555723425625,433.4638930856405,17.338555723425625,17.338555723425625,17.338555723425625,433.4638930856405,343.5502244396429,17.338555723425625,74.08375819373636,69.86274509803921,70.75999999999996,45.76241676646707,87.7975307940286,4.604123403591001,0.0,0.0,5.3573931180221415,93.38700671172515,-9.922655377675799,363.1100000000001,0.0,48.82842714519927,0.0,76.423236,52.166764,0.0
C26,CCCCCCCCCCCCCCCCCCCCCCCCCC,1.3742,0.1576690191819601,11.307692307692308,2.94691201256248,18.970562748477143,26.0,24.0,0.0,4.605723403591001,0,0,25.0,10.388599999999993,54,0,80,558.8504719999999,1108.524768,1381.02536,423.8600000000001,201.468726765504,192.447197906108,13282.206467649448,24209.09397360327,32716.85021134031,158.62452055941003,1.859375,-30.8125,3950.9861058583583,-102.57367774824584,-0.055814062499994155,-0.041006249999989065,-0.45855206478434035,95.94431768227982,1.1993039710284976,0.9871436102075716,2.5482396506674037,2.3022396506674014,2.94691201256248,18.034597265023503,468.899528890611,18.034597265023503,18.034597265023503,18.034597265023503,468.899528890611,371.6027931336592,18.034597265023503,76.9715950473416,72.58823529411765,73.52000000000001,47.56097125748502,91.21282043995275,4.605723403591001,0.0,0.0,5.412191972356196,97.30212170123224,-10.31734131706445,377.20000000000005,0.0,50.82842713497273,0.0,79.426822,54.173178,0.0
C27,CCCCCCCCCCCCCCCCCCCCCCCCCCC,1.3742603550295858,0.14597546564954839,11.333333333333334,2.9540148394146155,19.67766952966369,27.0,26.0,0.0,4.607202693531829,0,0,26.0,10.77869999999999,56,0,83,579.827916,1151.2542760000001,1443.9102599999999,439.79,210.49025562490002,201.46872676550404,13778.836127787947,25133.296172569124,34195.8053663789,158.7427233176385,1.8725504427347919,-32.12425606038612,4101.116254459093,-102.48215539924702,-0.05576426186672736,-0.04096966177963165,-0.45814291730098683,99.5900239148781,1.1998798062033507,0.9871436102075704,2.5481562154080426,2.302156215408043,2.9540148394146155,18.730548096474852,505.724798604821,18.730548096474852,18.730548096474852,18.730548096474852,505.724798604821,400.7554646015136,18.730548096474852,79.85943190094683,75.31372549019609,76.27999999999999,49.35952574850299,94.62811008587695,4.607202693531829,0.0,0.0,5.4649860023330055,101.21923763107694,-10.711300637357862,391.2900000000001,0.0,52.82842712985946,0.0,82.430408,56.179592,0.0
C28,CCCCCCCCCCCCCCCCCCCCCCCCCCCC,1.3743141289437586,0.13497266961693322,11.357142857142858,2.9606176003906586,20.384776310850235,28.0,26.0,0.0,4.608574435644313,0,0,27.0,11.168799999999989,58,0,86,600.8053600000001,1193.983784,1506.7951600000001,455.71999999999997,219.51178448429607,210.49025562490007,14275.465787926445,26057.498371534974,35674.7605214175,158.8526793718045,1.8848025959978385,-33.43753380205517,4251.243249131368,-102.3970550039977,-0.05571795565167812,-0.0409356408869487,-0.4577624789388917,103.23565355861817,1.2004145762630019,0.98714361020757,2.5480801688679557,2.302080168867949,2.9606176003906586,19.42641793254698,543.9397021113155,19.42641793254698,19.42641793254698,19.42641793254698,543.9397021113155,431.00823863244915,19.42641793254698,82.7472687545521,78.0392156862745,79.03999999999998,51.158080239520956,98.04339973180114,4.608574435644313,0.0,0.0,5.515916692267583,105.13817755363948,-11.104573143146128,405.3800000000001,0.0,54.828427127302824,0.0,85.433994,58.186006,0.0
C29,CCCCCCCCCCCCCCCCCCCCCCCCCCCCC,1.374362244897959,0.12475265989203768,11.379310344827585,2.9667713115344823,21.09188309203678,29.0,28.0,0.0,4.609849945848394,0,0,28.0,11.558899999999985,60,0,89,621.7828039999999,1236.713292,1569.6800600000001,471.65000000000015,228.53331334369207,219.5117844842961,14772.095448064943,26981.700570500823,37153.71567645609,158.95522265827387,1.896225224087867,-34.752177755333925,4401.367408811769,-102.31772356788353,-0.05567478853678858,-0.040903926271924476,-0.4574078305083321,106.88121435844101,1.2009125208813598,0.9871436102075695,2.5480120822967707,2.302012082296775,2.9667713115344823,20.12221514872307,583.544239312969,20.12221514872307,20.12221514872307,20.12221514872307,583.544239312969,462.36111505144333,20.12221514872307,85.63510560815732,80.76470588235296,81.80000000000001,52.95663473053891,101.45868937772528,4.609849945848394,0.0,0.0,5.565111062867536,109.0587854181525,-11.497195132325981,419.47000000000014,0.0,56.82842712602451,0.0,88.43758,60.19242,0.0
C30,CCCCCCCCCCCCCCCCCCCCCCCCCCCCCC,1.3744054696789536,0.11538186127227373,11.4,2.9725202774353185,21.798989873223327,30.0,28.0,0.0,4.611039006490486,0,0,29.0,11.948999999999982,62,0,92,642.760248,1279.4427999999998,1632.5649600000004,487.58000000000004,237.55484220308807,228.5333133436921,15268.725108203442,27905.902769466673,38632.670831494695,159.05107833910398,1.906899810964074,-36.06805293005673,4551.489010836455,-102.24359372169131,-0.05563445179581893,-0.040874291115292526,-0.45707643560486966,110.52671304907751,1.2013773157508425,0.9871436102075699,2.5479496106497836,2.301949610649785,2.9725202774353185,20.817947004286,624.5384101285799,20.817947004286,20.817947004286,20.817947004286,624.5384101285799,494.8140937121737,20.817947004286,88.52294246176257,83.49019607843138,84.56,54.755189221556876,104.87397902364947,4.611039006490486,0.0,0.0,5.612683577306976,112.98092300907172,-11.889199813943332,433.56000000000006,0.0,58.828427125385346,0.0,91.441166,62.198834,0.0
C31,CCCCCCCCCCCCCCCCCCCCCCCCCCCCCCC,1.3744444444444444,0.1069018002662766,11.419354838709678,2.9779031597789904,22.506096654409873,31.0,30.0,0.0,4.6121501176015975,0,0,30.0,12.33909999999998,64,0,95,663.7376920000002,1322.172308,1695.4498600000004,503.50999999999993,246.57637106248407,237.5548422030881,15765.35476834194,28830.10496843252,40111.6259865333,159.1408799769343,1.9168975069252105,-37.38504155124652,4701.608297509659,-102.17417013264217,-0.055596675900251684,-0.04084653739609775,-0.4567660798605662,114.17215551455583,1.2018121633111138,0.9871436102075687,2.547893324722887,2.3018933247228883,2.9779031597789904,21.513619822252878,666.9222144898395,21.513619822252878,21.513619822252878,21.513619822252878,666.9222144898395,528.3671744915507,21.513619822252878,91.41077931536782,86.2156862745098,87.32,56.55374371257484,108.28926866957369,4.6121501176015975,0.0,0.0,5.658737743389401,116.90446741629198,-12.280617664121444,447.6500000000002,0.0,60.828427125065765,0.0,94.444752,64.205248,0.0
C32,CCCCCCCCCCCCCCCCCCCCCCCCCCCCCCCC,1.3744797086368366,0.09932969801008837,11.4375,2.982953848041781,23.21320343559642,32.0,30.0,0.0,4.613190700327925,0,0,31.0,12.729199999999977,66,0,98,684.7151359999999,1364.901816,1758.3347600000002,519.4400000000002,255.59789992188,246.57637106248401,16261.984428480437,29754.307167398365,41590.58114157189,159.22518355530556,1.9262807163681757,-38.70304039983341,4851.725481465696,-102.1090184237049,-0.05556122448977915,-0.04082049146187172,-0.45647482140798723,117.81754691841094,1.2022198665143973,0.9871436102075698,2.547841378168336,2.3018413781683327,2.982953848041781,22.209239135592167,710.6956523389496,22.209239135592167,22.209239135592167,22.209239135592167,710.6956523389496,563.0203572854256,22.209239135592167,94.29861616897304,88.94117647058826,90.08000000000001,58.352298203592795,111.70455831549782,4.613190700327925,0.0,0.0,5.7033674681393665,120.82930893097259,-12.671476730931598,461.74000000000024,0.0,62.82842712490598,0.0,97.44833799999999,66.211662,0.0
C33,CCCCCCCCCCCCCCCCCCCCCCCCCCCCCCCCC,1.37451171875,0.09265803311375906,11.454545454545455,2.987702173790308,23.920310216782966,33.0,32.0,0.0,4.614167262827925,0,0,32.0,13.119299999999976,68,0,101,705.6925800000001,1407.631324,1821.2196600000002,535.3700000000003,264.61942878127593,255.59789992188004,16758.614088618928,30678.509366364215,43069.53629661048,159.3044790003083,1.935104401529258,-40.02195863150672,5001.840750075404,-102.04775607714942,-0.055527889422574354,-0.04079600039209462,-0.456200950214867,121.4628918106886,1.2026028892147387,0.9871436102075698,2.5477943143508552,2.3017943143508575,2.987702173790308,22.90480980687091,755.8587236267401,22.90480980687091,22.90480980687091,22.90480980687091,755.8587236267401,598.7736420051992,22.90480980687091,97.18645302257829,91.66666666666669,92.84,60.15085269461076,115.11984796142201,4.614167262827925,0.0,0.0,5.746658209345069,124.75534928460296,-13.061802896882515,475.83000000000015,0.0,64.82842712482609,0.0,100.45192399999999,68.218076,0.0
C34,CCCCCCCCCCCCCCCCCCCCCCCCCCCCCCCCCC,1.374540863177227,0.08685376577555898,11.470588235294118,2.9921745004087996,24.62741699796951,34.0,32.0,0.0,4.615085536473471,0,0,33.0,13.509399999999973,70,0,104,726.6700239999998,1450.360832,1884.1045600000002,551.3000000000002,273.6409576406719,264.6194287812759,17255.24374875743,31602.711565330064,44548.49145164908,159.37919970809932,1.9434171597633165,-41.34171597633134,5151.954269089903,-101.99004491976453,-0.055496486686378174,-0.04077292899406767,-0.4559429544896583,125.10819421642896,1.2029634059272014,0.9871436102075706,2.547750654197104,2.3017506541971047,2.9921745004087996,23.600336126799025,802.4114283111669,23.600336126799025,23.600336126799025,23.600336126799025,802.4114283111669,635.6270285751143,23.600336126799025,100.07428987618351,94.39215686274514,95.60000000000002,61.949407185628715,118.53513760734616,4.615085536473471,0.0,0.0,5.788687959506338,128.68250016687762,-13.451620106014289,489.9200000000002,0.0,66.82842712478613,0.0,103.45550999999999,70.22449,0.0
C35,CCCCCCCCCCCCCCCCCCCCCCCCCCCCCCCCCCC,1.3745674740484428,0.08185908682321807,11.485714285714286,2.9963942128844434,25.334523779156058,35.0,34.0,0.0,4.615950588376585,0,0,34.0,13.899499999999971,72,0,107,747.6474679999999,1493.09034,1946.9894600000002,567.2300000000002,282.662486500068,273.64095764067184,17751.873408895925,32526.913764295914,46027.44660668766,159.44973046965902,1.9512621189623538,-42.662241243776734,5302.066185671411,-101.93558487806278,-0.05546685300024104,-0.04075115730629877,-0.45569949276419514,128.753457709266,1.2033033430772524,0.987143610207569,2.547710901921677,2.30171090192168,2.9963942128844434,24.295821895888874,850.3537663561103,24.295821895888874,24.295821895888874,24.295821895888874,850.3537663561103,673.580516930087,24.295821895888874,102.96212672978878,97.11764705882355,98.36000000000001,63.74796167664669,121.95042725327036,4.615950588376585,0.0,0.0,5.829528090625423,132.61068197156249,-13.840950561261351,504.0100000000001,0.0,68.82842712476616,0.0,106.45909599999999,72.230904,0.0
C36,CCCCCCCCCCCCCCCCCCCCCCCCCCCCCCCCCCCC,1.3745918367346939,0.07759553644795648,11.5,3.000382126868542,26.041630560342604,36.0,34.0,0.0,4.616766914907197,0,0,35.0,14.289599999999968,74,0,110,768.624912,1535.8198479999999,2009.8743600000007,583.1600000000003,291.684015359464,282.6624865000679,18248.503069034417,33451.115963261764,47506.40176172627,159.51641409877004,1.9586776859504216,-43.983471074380176,5452.176630928082,-101.88410875977003,-0.055438842975180196,-0.04073057851237779,-0.4554693705647225,132.398685472983,1.2036244133907545,0.9871436102075696,2.5476738547250397,2.301673854725034,3.000382126868542,24.991270492511077,899.6857377303988,24.991270492511077,24.991270492511077,24.991270492511077,899.6857377303988,712.6341070139514,24.991270492511077,105.84996358339403,99.84313725490198,101.12,65.54651616766465,125.36571689919455,4.616766914907197,0.0,0.0,5.869244082804232,136.5398227299653,-14.229814896707701,518.1000000000001,0.0,70.82842712469797,0.0,109.462682,74.237318,0.0
C37,CCCCCCCCCCCCCCCCCCCCCCCCCCCCCCCCCCCCC,1.3746141975308641,0.07397182162107324,11.513513513513514,3.0041568321208016,26.74873734152915,37.0,36.0,0.0,4.617538519845469,0,0,36.0,14.679699999999965,76,0,113,789.6023559999999,1578.549356,2072.7592599999994,599.0900000000003,300.7055442188599,291.68401535946396,18745.132729172925,34375.31816222761,48985.35691676487,159.57955700421155,1.9656981752682234,-45.30534889184744,5602.285722045083,-101.83537787022847,-0.05541232672878391,-0.04071109718848771,-0.45525152081509657,136.0438803532617,1.2039281447191301,0.9871436102075696,2.5476399739182796,2.3016399739182756,3.0041568321208016,25.686684929919398,950.4073424070175,25.686684929919398,25.686684929919398,25.686684929919398,950.4073424070175,752.7877987780307,25.686684929919398,108.73780043699925,102.56862745098043,103.88000000000002,67.3450706586826,128.7810065451187,4.617538519845469,0.0,0.0,5.90789615530959,140.46985719968197,-14.618232328531365,532.1900000000002,0.0,72.82842712463976,0.0,112.466268,76.243732,0.0
C38,CCCCCCCCCCCCCCCCCCCCCCCCCCCCCCCCCCCCCC,1.37463476990504,0.07089357247221245,11.526315789473685,3.007734982296973,27.455844122715696,38.0,36.0,0.0,4.618268980035388,0,0,37.0,15.069799999999963,78,0,116,810.5798,1621.2788639999999,2135.644159999999,615.0200000000003,309.7270730782559,300.7055442188599,19241.762389311418,35299.52036119345,50464.31207180346,159.63943389730255,1.9723543400713386,-46.62782401902499,5752.393564084965,-101.78917831184985,-0.05538718787156896,-0.040692627824003104,-0.4550449872935,139.68904490140363,1.2042159043224452,0.9871436102075709,2.5476082684148484,2.3016082684148587,3.007734982296973,26.38206790427523,1002.518580362459,26.38206790427523,26.38206790427523,26.38206790427523,1002.518580362459,794.0415921799704,26.38206790427523,111.62563729060452,105.29411764705884,106.64000000000001,69.14362514970057,132.19629619104288,4.618268980035388,0.0,0.0,5.9455398153630306,144.40072608256784,-15.006220787774517,546.2800000000001,0.0,74.82842712458155,0.0,115.469854,78.250146,0.0
C39,CCCCCCCCCCCCCCCCCCCCCCCCCCCCCCCCCCCCCCC,1.3746537396121883,0.06827221578128072,11.538461538461538,3.011131540611766,28.162950903902242,39.0,38.0,0.0,4.618961500811012,0,0,38.0,15.45989999999996,80,0,119,831.5572440000001,1664.008372,2198.5290599999985,630.9500000000004,318.74860193765187,309.7270730782559,19738.39204944991,36223.722560159295,51943.26722684206,159.69629178738055,1.9786738224701725,-47.950850928606734,5902.500251515754,-101.74531784556737,-0.05536332179927539,-0.04067509356681062,-0.45484891060190386,143.33418141143588,1.2044889194238309,0.9871436102075691,2.547579156956816,2.30157915695681,3.011131540611766,27.07742183528705,1056.019451576195,27.07742183528705,27.07742183528705,27.07742183528705,1056.019451576195,836.3954871827807,27.07742183528705,114.51347414420977,108.01960784313727,109.4,70.94217964071854,135.6115858369671,4.618961500811012,0.0,0.0,5.98222633719846,148.33237535080977,-15.393797037544324,560.3700000000001,0.0,76.82842712452334,0.0,118.47344,80.25656,0.0
C40,CCCCCCCCCCCCCCCCCCCCCCCCCCCCCCCCCCCCCCCC,1.3746712689020382,0.06603080499572023,11.55,3.0143599890216595,28.87005768508879,40.0,38.0,0.0,4.6196189630069355,0,0,39.0,15.849999999999959,82,0,122,852.5346879999998,1706.7378800000001,2261.4139599999985,646.8800000000003,327.7701307970479,318.74860193765187,20235.021709588418,37147.924759125126,53422.22238188065,159.75035338778264,1.9846815372211715,-49.274388605213694,6052.60586951353,-101.70362321723623,-0.055340634238096,-0.040658425154521574,-0.4546625162137114,146.97929195174345,1.2047482946864216,0.9871436102075706,2.5475518133752226,2.301551813375217,3.0143599890216595,27.772748900755733,1110.9099560302293,27.772748900755733,27.772748900755733,27.772748900755733,1110.9099560302293,879.8494837540371,27.772748900755733,117.40131099781499,110.74509803921572,112.16000000000003,72.7407341317365,139.02687548289123,4.6196189630069355,0.0,0.0,6.018003181755552,152.26475566386873,-15.780976776819472,574.46,0.0,78.82842712446514,0.0,121.477026,82.262974,0.0
C41,CCCCCCCCCCCCCCCCCCCCCCCCCCCCCCCCCCCCCCCCC,1.3746875,0.06410624689725884,11.560975609756097,3.0174325070950796,29.577164466275335,41.0,40.0,0.0,4.620243963006935,0,0,40.0,16.24009999999996,84,0,125,873.5121320000001,1749.4673879999998,2324.2988599999985,662.8100000000004,336.79165965644404,327.7701307970479,20731.65136972691,38072.12695809097,54901.17753691925,159.80182003136534,1.9903999999999928,-50.59839999999997,6202.710495077461,-101.66393787053791,-0.05531903999998435,-0.040642559999985964,-0.45448510424924815,150.6243783921466,1.204995027137173,0.9871436102075701,2.5475266161769103,2.301526616176906,3.0174325070950796,28.468051066066725,1167.1900937087353,28.468051066066725,28.468051066066725,28.468051066066725,1167.1900937087353,924.4035818652238,28.468051066066725,120.28914785142024,113.47058823529414,114.92000000000002,74.53928862275447,142.44216512881542,4.620243963006935,0.0,0.0,6.052914365622058,156.19782186215977,-16.16777473268712,588.5500000000003,0.0,80.82842712440693,0.0,124.480612,84.26938799999999,0.0
C42,CCCCCCCCCCCCCCCCCCCCCCCCCCCCCCCCCCCCCCCCCC,1.3747025580011898,0.06244868673946666,11.571428571428571,3.0203601255738715,30.28427124746188,42.0,40.0,0.0,4.620838847004556,0,0,41.0,16.630199999999963,86,0,128,894.4895759999997,1792.196896,2387.18376,678.7400000000002,345.81318851584,336.791659656444,21228.281029865415,38996.329157056854,56380.13269195785,159.85087417603023,1.995849609375,-51.9228515625,6352.814197988062,-101.62611998269347,-0.055298461914063235,-0.04062744140625601,-0.4543160406947829,154.26944242717005,1.205230018962266,0.9871436102075715,2.5475028695401734,2.3015028695401814,3.0203601255738715,29.16333010947015,1224.8598645977459,29.16333010947015,29.16333010947015,29.16333010947015,1224.8598645977459,970.0577814911766,29.16333010947015,123.17698470502546,116.1960784313726,117.68000000000004,76.33784311377244,145.85745477473955,4.620838847004556,0.0,0.0,6.087000786414753,160.13153252581722,-16.55420474254831,602.6400000000002,0.0,82.82842712434872,0.0,127.48419799999999,86.275802,0.0
C43,CCCCCCCCCCCCCCCCCCCCCCCCCCCCCCCCCCCCCCCCCCC,1.374716553287982,0.06101930678672046,11.581395348837209,3.0231528587077072,30.991378028648427,43.0,42.0,0.0,4.621405740428592,0,0,42.0,17.020299999999967,88,0,131,915.4670199999998,1834.9264039999998,2450.0686599999995,694.6700000000001,354.834717375236,345.81318851583995,21724.910690003915,39920.53135602271,57859.08784699644,159.89768156597745,2.001048889924834,-53.24771283724724,6502.917041633729,-101.59004077112745,-0.05527882990498311,-0.040613017889379203,-0.45415474983222526,157.91448559611445,1.2054540885199576,0.9871436102075686,2.5474809149410422,2.301480914941043,3.0231528587077072,29.85858764383496,1283.9192686849037,29.85858764383496,29.85858764383496,29.85858764383496,1283.9192686849037,1016.8120826096285,29.85858764383496,126.06482155863074,118.921568627451,120.44,78.13639760479042,149.27274442066377,4.621405740428592,0.0,0.0,6.1203005106280335,164.06584958888868,-16.940279827593923,616.7300000000002,0.0,84.82842712429051,0.0,130.487784,88.28221599999999,0.0
C44,CCCCCCCCCCCCCCCCCCCCCCCCCCCCCCCCCCCCCCCCCCCC,1.3747295835586804,0.05978763851624037,11.590909090909092,3.02581981870765,31.698484809834973,44.0,42.0,0.0,4.621946573311232,0,0,43.0,17.410399999999967,90,0,134,936.4444639999997,1877.6559119999997,2512.953559999999,710.5999999999999,363.8562462346319,354.83471737523587,22221.540350142415,40844.73355498854,59338.04300203505,159.94239310264356,2.0060147026063877,-54.572956114947644,6653.019083726283,-101.55558302838571,-0.05526008019602167,-0.04059924259297755,-0.4540007076897359,161.55950930043295,1.2056679798539773,0.98714361020757,2.547460160927903,2.3014601609279004,3.02581981870765,30.553825135437197,1344.3683059592372,30.553825135437197,30.553825135437197,30.553825135437197,1344.3683059592372,1064.666485200814,30.553825135437197,128.952658412236,121.64705882352942,123.20000000000002,79.93495209580838,152.68803406658796,4.621946573311232,0.0,0.0,6.152849029027699,168.0007380009197,-17.326012258658114,630.8200000000003,0.0,86.8284271242323,0.0,133.49137,90.28863,0.0
C45,CCCCCCCCCCCCCCCCCCCCCCCCCCCCCCCCCCCCCCCCCCCCC,1.37474173553719,0.0587290876127795,11.6,3.0283693150755746,32.40559159102152,45.0,44.0,0.0,4.622463102236852,0,0,44.0,17.80049999999997,92,0,137,957.4219079999998,1920.3854199999996,2575.838459999998,726.5300000000001,372.8777750940279,363.85624623463184,22718.17001028091,41768.935753954385,60816.99815707363,159.98514646982065,2.0107624274068856,-55.89855612978844,6803.120376922495,-101.52263985026413,-0.05524215461665164,-0.04058607277957109,-0.45385343635579894,165.2045148188236,1.2058723709403183,0.9871436102075686,2.5474409154154025,2.301440915415398,3.0283693150755746,31.249043920244073,1406.2069764109835,31.249043920244073,31.249043920244073,31.249043920244073,1406.2069764109835,1113.620989247139,31.249043920244073,131.8404952658412,124.37254901960787,125.96,81.73350658682634,156.1033237125121,4.622463102236852,0.0,0.0,6.184679483883799,171.93616542920734,-17.711413615394033,644.9100000000002,0.0,88.8284271241741,0.0,136.494956,92.29504399999999,0.0
C46,CCCCCCCCCCCCCCCCCCCCCCCCCCCCCCCCCCCCCCCCCCCCCC,1.374753086419753,0.05782299470304269,11.608695652173912,3.030808941090845,33.112698372208065,46.0,44.0,0.0,4.622956929397345,0,0,45.0,18.190599999999975,94,0,140,978.3993519999998,1963.1149279999997,2638.723359999998,742.46,381.89930395342395,372.87777509402787,23214.79967041941,42693.13795292022,62295.95331211224,160.026067549833,2.015306122448979,-57.224489795918366,6953.220969365705,-101.49111352800719,-0.05522499999998176,-0.04057346938773704,-0.45371249902682453,168.8495033203818,1.2060678808598702,0.9871436102075725,2.54742267150181,2.301422671501804,3.030808941090845,31.944245218074457,1469.435280031425,31.944245218074457,31.944245218074457,31.944245218074457,1469.435280031425,1163.6755947329004,31.944245218074457,134.72833211944646,127.0980392156863,128.71999999999997,83.53206107784432,159.5186133584363,4.622956929397345,0.0,0.0,6.215822871688004,175.87210199607634,-18.0964948395812,659.0000000000002,0.0,90.82842712411589,0.0,139.498542,94.301458,0.0
C47,CCCCCCCCCCCCCCCCCCCCCCCCCCCCCCCCCCCCCCCCCCCCCCC,1.3747637051039698,0.05705129795440223,11.617021276595745,3.0331456493506446,33.81980515339461,47.0,46.0,0.0,4.623429519189406,0,0,46.0,18.580699999999975,96,0,143,999.3767959999999,2005.8444359999996,2701.608259999998,758.39,390.9208328128201,381.89930395342395,23711.42933055791,43617.34015188606,63774.908467150824,160.0652716614532,2.0196586630153117,-58.550735977309365,7103.320905159249,-101.46091458046156,-0.05520856765609027,-0.04056139664528604,-0.45357749568039724,172.4944758760969,1.2062550760566217,0.9871436102075681,2.547405706958231,2.3014057069582243,3.0331456493506446,32.63943014495244,1534.0532168127647,32.63943014495244,32.63943014495244,32.63943014495244,1534.0532168127647,1214.83030164405,32.63943014495244,137.61616897305174,129.8235294117647,131.47999999999996,85.33061556886229,162.9339030043605,4.623429519189406,0.0,0.0,6.246308224462097,179.80852004641977,-18.481266283260588,673.0900000000001,0.0,92.82842712405768,0.0,142.502128,96.307872,0.0
C48,CCCCCCCCCCCCCCCCCCCCCCCCCCCCCCCCCCCCCCCCCCCCCCCC,1.3747736532367587,0.05639772247489162,11.625,3.0353858179469637,34.52691193458116,48.0,46.0,0.0,4.623882212715888,0,0,47.0,18.970799999999983,98,0,146,1020.3542399999998,2048.5739439999998,2764.49316,774.3200000000002,399.94236167221595,390.92083281282,24208.058990696405,44541.54235085195,65253.86362218943,160.10286464519862,2.0238318633890118,-59.87727528617002,7253.420224781531,-101.43196090590553,-0.05519281291047002,-0.04054982173013281,-0.45344805928363685,176.13943346893197,1.2064344758146026,0.98714361020757,2.547389584100474,2.3013895841004746,3.0353858179469637,33.33459972391689,1600.0607867480103,33.33459972391689,33.33459972391689,33.33459972391689,1600.0607867480103,1267.0851099679871,33.33459972391689,140.50400582665696,132.54901960784315,134.24,87.12917005988024,166.34919265028464,4.623882212715888,0.0,0.0,6.276162772314424,183.74539394147405,-18.865737752297804,687.1800000000002,0.0,94.82842712399948,0.0,145.50571399999998,98.314286,0.0
C49,CCCCCCCCCCCCCCCCCCCCCCCCCCCCCCCCCCCCCCCCCCCCCCCCC,1.3747829861111112,0.055847363248204066,11.63265306122449,3.0375353086068717,35.234018715767704,49.0,48.0,0.0,4.624316240493666,0,0,48.0,19.360899999999983,100,0,149,1041.3316839999998,2091.3034519999997,2827.378059999999,790.25,408.9638905316119,399.9423616722159,24704.6886508349,45465.7445498178,66732.81877722802,160.13894381751803,2.027836583937668,-61.20408990586008,7403.518965450947,-101.40417703671787,-0.055177694698413514,-0.04053871447229318,-0.4533238524611515,179.78437700268503,1.2066065570650002,0.9871436102075697,2.547374553766064,2.3013745537660735,3.0375353086068717,34.02975489450763,1667.457989830874,34.02975489450763,34.02975489450763,34.02975489450763,1667.457989830874,1320.4400196933848,34.02975489450763,143.3918426802622,135.2745098039216,137.0,88.9277245508982,169.76448229620883,4.624316240493666,0.0,0.0,6.305412089524279,187.68269987540634,-19.24991854589423,701.2700000000001,0.0,96.82842712394127,0.0,148.5093,100.3207,0.0
C50,CCCCCCCCCCCCCCCCCCCCCCCCCCCCCCCCCCCCCCCCCCCCCCCCCC,1.3747917534360683,0.05538652176085645,11.64,3.039599517912178,35.94112549695425,50.0,48.0,0.0,4.62473273362153,0,0,49.0,19.750999999999987,102,0,152,1062.3091279999999,2134.0329600000005,2890.262959999999,806.1800000000002,417.9854193910079,408.96389053161187,25201.318310973402,46389.94674878363,68211.77393226663,160.17359881198277,2.031682825484752,-62.53116343490303,7553.617161447603,-101.37749348258563,-0.05516317520775037,-0.04052804709140528,-0.45320456455891805,183.42930730980174,1.2067717586171167,0.9871436102075695,2.547360235478759,2.301360235478764,3.039599517912178,34.724896521113834,1736.2448260556912,34.724896521113834,34.724896521113834,34.724896521113834,1736.2448260556912,1374.8950308100366,34.724896521113834,146.2796795338674,138.00000000000006,139.76,90.72627904191616,173.17977194213296,4.62473273362153,0.0,0.0,6.334080226117294,191.62041571179694,-19.63381749249744,715.3600000000001,0.0,98.82842712388306,0.0,151.51288599999998,102.327114,0.0
C51,CCCCCCCCCCCCCCCCCCCCCCCCCCCCCCCCCCCCCCCCCCCCCCCCCCC,1.3748,0.055002677952049134,11.647058823529411,3.041583422540856,36.648232278140796,51.0,50.0,0.0,4.6251327336215295,0,0,50.0,20.14109999999999,104,0,155,1083.286572,2176.762468000001,2953.147859999998,822.1100000000001,427.006948250404,417.98541939100784,25697.9479711119,47314.148947749476,69690.72908730521,160.20691232279077,2.0353798126951195,-63.85848074921956,7703.7148443976575,-101.35184615020066,-0.055149219562929924,-0.04051779396460603,-0.4530899090500235,187.0742251582804,1.2069304848921316,0.9871436102075697,2.547346856076889,2.3013468560768904,3.041583422540856,35.420025400340165,1806.4212954173486,35.420025400340165,35.420025400340165,35.420025400340165,1806.4212954173486,1430.4501433087298,35.420025400340165,149.1675163874727,140.72549019607845,142.51999999999998,92.52483353293414,176.59506158805718,4.6251327336215295,0.0,0.0,6.362189826627225,195.55852083752035,-20.017442982503997,729.4500000000002,0.0,100.82842712382485,0.0,154.516472,104.333528,0.0
C52,CCCCCCCCCCCCCCCCCCCCCCCCCCCCCCCCCCCCCCCCCCCCCCCCCCCC,1.3748077662437523,0.0546845119539579,11.653846153846153,3.043491619328791,37.35533905932734,52.0,50.0,0.0,4.625517201134024,0,0,51.0,20.531199999999995,106,0,158,1104.264016,2219.4919760000016,3016.0327599999987,838.04,436.0284771098,427.0069482504039,26194.577631250395,48238.35114671531,71169.6842423438,160.23896076356812,2.038936067937845,-65.18602788014742,7853.812043525285,-101.32717582931723,-0.0551357955455635,-0.040507931421223095,-0.4529796212371275,190.7191312577902,1.2070831092265202,0.9871436102075682,2.5473340827777666,2.301334082777767,3.043491619328791,36.11514226752338,1877.9873979112153,36.11514226752338,36.11514226752338,36.11514226752338,1877.9873979112153,1487.105357181124,36.11514226752338,152.05535324107794,143.45098039215688,145.27999999999997,94.3233880239521,180.01035123398137,4.625517201134024,0.0,0.0,6.389762237512886,199.4969960318845,-20.40080299809809,743.5400000000004,0.0,102.82842712376664,0.0,157.520058,106.339942,0.0
C53,CCCCCCCCCCCCCCCCCCCCCCCCCCCCCCCCCCCCCCCCCCCCCCCCCCCCC,1.3748150887573964,0.05442192318088044,11.660377358490566,3.0453283608307467,38.06244584051389,53.0,52.0,0.0,4.6258870236192315,0,0,52.0,20.9213,108,0,161,1125.2414599999997,2262.2214839999997,3078.917659999999,853.9700000000001,445.05000596919604,436.02847710979995,26691.207291388895,49162.5533456812,72648.6393973824,160.26981485251522,2.042359476872047,-66.51379190617648,8003.908785876464,-101.30342773639595,-0.05512287334592768,-0.040498437560261794,-0.4528734562123084,194.36402626510588,1.2072299768019,0.9871436102075701,2.5473221210603096,2.3013221210603203,3.0453283608307467,36.810247802511334,1950.9431335331,36.810247802511334,36.810247802511334,36.810247802511334,1950.9431335331,1544.860672419663,36.810247802511334,154.94319009468316,146.17647058823533,148.04000000000002,96.12194251497004,183.4256408799055,4.6258870236192315,0.0,0.0,6.416817604506237,203.43582334918324,-20.78390514052665,757.6300000000003,0.0,104.82842712370844,0.0,160.523644,108.346356,0.0
C54,CCCCCCCCCCCCCCCCCCCCCCCCCCCCCCCCCCCCCCCCCCCCCCCCCCCCCC,1.3748220007119971,0.05420602139861181,11.666666666666666,3.0470975869596324,38.769552621700434,54.0,52.0,0.0,4.626243022195237,0,0,53.0,21.3114,110,0,164,1146.2189039999998,2304.9509919999996,3141.802559999999,869.9000000000001,454.07153482859195,445.05000596919604,27187.836951527395,50086.75554464704,74127.59455242101,160.29954013333014,2.045657346817356,-67.84176085663297,8154.005096518187,-101.28055110851199,-0.05511042534204541,-0.04048929208801129,-0.45277118704167935,198.0089107889453,1.2073714072496664,0.9871436102075697,2.547310678219283,2.3013106782192816,3.0470975869596324,37.50534263479987,2025.2885022791925,37.50534263479987,37.50534263479987,37.50534263479987,2025.2885022791925,1603.7160890174825,37.50534263479987,157.8310269482884,148.90196078431376,150.8,97.92049700598803,186.84093052582972,4.626243022195237,0.0,0.0,6.4433749610032915,207.37498601307303,-21.166756655075197,771.7200000000003,0.0,106.82842712365023,0.0,163.52723,110.35276999999999,0.0
C55,CCCCCCCCCCCCCCCCCCCCCCCCCCCCCCCCCCCCCCCCCCCCCCCCCCCCCCC,1.3748285322359397,0.05402908314899897,11.672727272727272,3.048802953199546,39.47665940288698,55.0,54.0,0.0,4.626585957723358,0,0,54.0,21.701500000000003,112,0,167,1167.196348,2347.6805000000004,3204.687459999998,885.83,463.0930636879879,454.07153482859195,27684.466611665892,51010.95774361289,75606.54970745959,160.32819743998405,2.0488364588188896,-69.16992362580228,8304.100998716236,-101.25849884117633,-0.055098425902659745,-0.040480476173368654,-0.4526726031462527,201.6537853942863,1.2075076969717742,0.9871436102075694,2.547299940725604,2.301299940725604,3.048802953199546,38.20042734810952,2101.023504146023,38.20042734810952,38.20042734810952,38.20042734810952,2101.023504146023,1663.6716069683353,38.20042734810952,160.7188638018937,151.62745098039215,153.55999999999997,99.71905149700599,190.2562201717539,4.626585957723358,0.0,0.0,6.4694523084689095,211.31446832139412,-21.54936445397691,785.8100000000002,0.0,108.82842712359202,0.0,166.530816,112.359184,0.0
C56,CCCCCCCCCCCCCCCCCCCCCCCCCCCCCCCCCCCCCCCCCCCCCCCCCCCCCCCC,1.3748347107438017,0.05388447774728513,11.678571428571429,3.050447855817788,40.18376618407353,56.0,54.0,0.0,4.626916536235755,0,0,55.0,22.091600000000007,114,0,170,1188.1737919999998,2390.410008000001,3267.5723599999983,901.7600000000002,472.1145925473839,463.09306368798786,28181.09627180439,51935.15994257872,77085.5048624982,160.35584331228543,2.051903114186851,-70.49826989619382,8454.196514094103,-101.23722716457225,-0.055086851211057476,-0.04047197231832003,-0.4525775088545875,205.29865060622578,1.2076391212130928,0.9871436102075715,2.5472896497966566,2.3012896497966633,3.050447855817788,38.89550248447201,2178.1481391304324,38.89550248447201,38.89550248447201,38.89550248447201,2178.1481391304324,1724.7272262665285,38.89550248447201,163.6067006554989,154.3529411764706,156.32,101.51760598802394,193.67150981767804,4.626916536235755,0.0,0.0,6.4950666897059195,215.25425556024166,-21.931735137460212,799.9000000000003,0.0,110.82842712353381,0.0,169.534402,114.36559799999999,0.0
C57,CCCCCCCCCCCCCCCCCCCCCCCCCCCCCCCCCCCCCCCCCCCCCCCCCCCCCCCCC,1.3748405612244898,0.05376657182788109,11.68421052631579,3.052035454441773,40.89087296526007,57.0,56.0,0.0,4.627235413786775,0,0,56.0,22.48170000000001,116,0,173,1209.151236,2433.1395160000015,3330.457259999998,917.69,481.13612140678003,472.11459254738395,28677.72593194288,52859.36214154457,78564.46001753678,160.38253036820643,2.054863176183627,-71.82679006983196,8604.291662775378,-101.21669535361188,-0.05507567910719104,-0.04046376424201206,-0.45248572210659765,208.9435069134378,1.2077659359158255,0.9871436102075685,2.547279974977768,2.301279974977762,3.052035454441773,39.59056854788664,2256.662407229539,39.59056854788664,39.59056854788664,39.59056854788664,2256.662407229539,1786.882946906866,39.59056854788664,166.49453750910413,157.07843137254906,159.07999999999998,103.31616047904194,197.08679946360223,4.627235413786775,0.0,0.0,6.520234255735194,219.19433392624518,-22.313875013116462,813.9900000000002,0.0,112.8284271234756,0.0,172.53798799999998,116.372012,0.0
C58,CCCCCCCCCCCCCCCCCCCCCCCCCCCCCCCCCCCCCCCCCCCCCCCCCCCCCCCCCC,1.374846106494306,0.05367062222580495,11.689655172413794,3.053568692316689,41.59797974644662,58.0,56.0,0.0,4.627543200798163,0,0,57.0,22.871800000000015,118,0,176,1230.1286799999998,2475.8690240000005,3393.34216,933.6200000000002,490.157650266176,481.13612140678003,29174.35559208139,53783.56434051045,80043.41517257539,160.40830763813014,2.057722107438018,-73.15547520661156,8754.386463511593,-101.19686546771116,-0.055064888946263664,-0.04045583677683859,-0.45239707329020884,212.58835477127798,1.2078883793822612,0.987143610207569,2.5472706863913595,2.30127068639136,3.053568692316689,40.2856260075983,2336.5663084407024,40.2856260075983,40.2856260075983,40.2856260075983,2336.5663084407024,1850.1387688845925,40.2856260075983,169.38237436270936,159.80392156862752,161.84000000000003,105.11471497005988,200.50208910952637,4.627543200798163,0.0,0.0,6.54497032694373,223.13469045614914,-22.695790113748764,828.0800000000002,0.0,114.8284271234174,0.0,175.541574,118.37842599999999,0.0
C59,CCCCCCCCCCCCCCCCCCCCCCCCCCCCCCCCCCCCCCCCCCCCCCCCCCCCCCCCCCC,1.3748513674197385,0.053592665680081565,11.694915254237289,3.0550503145171453,42.305086527633165,59.0,58.0,0.0,4.627840465958687,0,0,58.0,23.261900000000022,120,0,179,1251.106124,2518.5985319999995,3456.227059999999,949.5500000000002,499.179179125572,490.157650266176,29670.98525221988,54707.7665394763,81522.37032761397,160.43322086548656,2.0604850035891555,-74.48431696888363,8904.480933797187,-101.17770211681176,-0.055054461471217196,-0.04044817577476814,-0.4523114041954402,216.23319460457475,1.208006673768574,0.9871436102075704,2.5472619384948416,2.301261938494834,3.0550503145171453,40.98067530104243,2417.8598427615025,40.98067530104243,40.98067530104243,40.98067530104243,2417.8598427615025,1914.4946921953533,40.98067530104243,172.27021121631464,162.5294117647059,164.60000000000002,106.91326946107785,203.91737875545059,4.627840465958687,0.0,0.0,6.569289449080284,227.07531296289892,-23.077486213845035,842.1700000000003,0.0,116.82842712335919,0.0,178.54515999999998,120.38484,0.0
C60,CCCCCCCCCCCCCCCCCCCCCCCCCCCCCCCCCCCCCCCCCCCCCCCCCCCCCCCCCCCC,1.3748563631140476,0.053529411726654264,11.7,3.056482884349935,43.01219330881971,60.0,58.0,0.0,4.628127739730591,0,0,59.0,23.652000000000026,122,0,182,1272.083568,2561.32804,3519.111959999999,965.48,508.20070798496795,499.1791791255719,30167.614912358375,55631.968738442134,83001.32548265258,160.4573127776554,2.063156623596191,-75.81330757154936,9054.575089973132,-101.15917225061496,-0.055044378698193654,-0.04044076802315885,-0.4522285670719836,219.87802681014637,1.2081210264293756,0.9871436102075715,2.547253526192296,2.3012535261922933,3.056482884349935,41.675716836495425,2500.543010189727,41.675716836495425,41.675716836495425,41.675716836495425,2500.543010189727,1979.9507168351543,41.675716836495425,175.1580480699199,165.25490196078434,167.36,108.71182395209581,207.33266840137478,4.628127739730591,0.0,0.0,6.593205444610897,231.016189977537,-23.45896884480269,856.2600000000002,0.0,118.82842712330098,0.0,181.548746,122.39125399999999,0.0
C61,CCCCCCCCCCCCCCCCCCCCCCCCCCCCCCCCCCCCCCCCCCCCCCCCCCCCCCCCCCCCC,1.374861111111111,0.053478142977006454,11.704918032786885,3.057868798154117,43.71930009000626,61.0,60.0,0.0,4.628405517508369,0,0,60.0,24.04210000000003,124,0,185,1293.0610119999997,2604.0575480000007,3581.9968599999975,981.4100000000002,517.2222368443639,508.20070798496783,30664.24457249688,56556.17093740798,84480.28063769118,160.4806233305107,2.0657414170927573,-77.14243973703431,9204.668947320433,-101.14124496834255,-0.05503462381298022,-0.0404336011687257,-0.4521484237790625,223.52285175907133,1.2082316311301153,0.987143610207571,2.5472455904721722,2.301245590472166,3.057868798154117,42.370750995464526,2584.615810723336,42.370750995464526,42.370750995464526,42.370750995464526,2584.615810723336,2046.506842800326,42.370750995464526,178.0458849235251,167.9803921568628,170.12000000000003,110.51037844311375,210.7479580472989,4.628405517508369,0.0,0.0,6.616731459888154,234.9573106962967,-23.84024330901872,870.3500000000004,0.0,120.82842712324278,0.0,184.55233199999998,124.397668,0.0
C62,CCCCCCCCCCCCCCCCCCCCCCCCCCCCCCCCCCCCCCCCCCCCCCCCCCCCCCCCCCCCCC,1.374865627519484,0.05343662513712344,11.709677419354838,3.0592102986781513,44.4264068711928,62.0,60.0,0.0,4.628674262469401,0,0,61.0,24.432200000000034,126,0,188,1314.0384559999998,2646.7870560000015,3644.8817599999984,997.3400000000001,526.2437657037599,517.2222368443639,31160.87423263537,57480.37313637381,85959.23579272977,160.5031899295514,2.068243549117236,-78.47170665459483,9354.762520144723,-101.12389134679492,-0.055025181077394535,-0.04042666364868919,-0.45207084501650363,227.1676697987422,1.2083386691422457,0.9871436102075706,2.547237947606192,2.3012379476061855,3.0592102986781513,43.065778134846056,2670.078244360456,43.065778134846056,43.065778134846056,43.065778134846056,2670.078244360456,2114.163070087492,43.065778134846056,180.93372177713036,170.70588235294122,172.88000000000002,112.30893293413172,214.16324769322313,4.628674262469401,0.0,0.0,6.639880008537105,238.89866493235496,-24.22131469294681,884.4400000000003,0.0,122.82842712318457,0.0,187.555918,126.40408199999999,0.0
C63,CCCCCCCCCCCCCCCCCCCCCCCCCCCCCCCCCCCCCCCCCCCCCCCCCCCCCCCCCCCCCCC,1.374869927159209,0.05340302772763809,11.714285714285714,3.0605094871912284,45.13351365237935,63.0,62.0,0.0,4.6289344081509824,0,0,62.0,24.822300000000038,128,0,191,1335.0158999999999,2689.516564000002,3707.766659999998,1013.2700000000001,535.2652945631557,526.24376570376,31657.503892773864,58404.57533533966,87438.19094776837,160.52504763019297,2.0706669225076006,-79.80110194347739,9504.855821852834,-101.10708428464886,-0.05501603574460877,-0.040419944628688045,-0.4519957096287408,230.81248125472618,1.2084423102341684,0.987143610207569,2.547230726539293,2.301230726539287,3.0605094871912284,43.76079858887877,2756.9303110993624,43.76079858887877,43.76079858887877,43.76079858887877,2756.9303110993624,2182.919398693544,43.76079858887877,183.82155863073564,173.4313725490196,175.64000000000001,114.10748742514969,217.57853733914732,4.6289344081509824,0.0,0.0,6.662663011416203,242.84024307176801,-24.60218787921256,898.5300000000004,0.0,124.82842712312636,0.0,190.559504,128.410496,0.0
C64,CCCCCCCCCCCCCCCCCCCCCCCCCCCCCCCCCCCCCCCCCCCCCCCCCCCCCCCCCCCCCCCC,1.3748740236835475,0.05337585550635677,11.71875,3.0617683344663336,45.840620433565896,64.0,62.0,0.0,4.629186360783887,0,0,63.0,25.21240000000004,130,0,194,1355.9933439999998,2732.246072,3770.6515600000002,1029.2000000000003,544.286823422552,535.265294563156,32154.133552912368,59328.77753430555,88917.14610280696,160.54622931947446,2.073015198214485,-81.13061961951325,9654.948865022334,-101.09079836122181,-0.05500717398234388,-0.040413433946193206,-0.4519229039735412,234.45728643245175,1.208542713569339,0.9871436102075694,2.5472237620646236,2.30122376206462,3.0617683344663336,44.45581267091344,2845.1720109384605,44.45581267091344,44.45581267091344,44.45581267091344,2845.1720109384605,2252.775828615609,44.45581267091344,186.70939548434086,176.15686274509807,178.40000000000003,115.90604191616765,220.99382698507145,4.629186360783887,0.0,0.0,6.685091833472676,246.78203603317056,-24.982867557868552,912.6200000000003,0.0,126.82842712306815,0.0,193.56309,130.41691,0.0
C65,CCCCCCCCCCCCCCCCCCCCCCCCCCCCCCCCCCCCCCCCCCCCCCCCCCCCCCCCCCCCCCCCC,1.3748779296875,0.05335388999367448,11.723076923076922,3.062988690755798,46.54772721475244,65.0,64.0,0.0,4.629430501408887,0,0,64.0,25.602500000000045,132,0,197,1376.970788,2774.97558,3833.5364599999984,1045.13,553.3083522819479,544.286823422552,32650.76321305086,60252.97973327139,90396.10125784557,160.56676588116363,2.0752918137545526,-82.46025406477878,9805.041661464618,-101.07500970818828,-0.05499858280293206,-0.04040712205927572,-0.45185232134838504,238.10208561874296,1.208640028521538,0.9871436102075714,2.547217172338947,2.3012171723389465,3.062988690755798,45.150820675019744,2934.803343876283,45.150820675019744,45.150820675019744,45.150820675019744,2934.803343876283,2323.7323598510434,45.150820675019744,189.59723233794608,178.88235294117652,181.16000000000003,117.70459640718562,224.40911663099564,4.629430501408887,0.0,0.0,6.707177317777489,250.72403523086442,-25.363358236862766,926.7100000000003,0.0,128.82842712300996,0.0,196.566676,132.423324,0.0
C66,CCCCCCCCCCCCCCCCCCCCCCCCCCCCCCCCCCCCCCCCCCCCCCCCCCCCCCCCCCCCCCCCCC,1.3748816568047337,0.05333614017268464,11.727272727272727,3.0641722948655445,47.25483399593899,66.0,64.0,0.0,4.62966718779942,0,0,65.0,25.99260000000005,134,0,200,1397.9482319999997,2817.705088000001,3896.4213599999985,1061.0600000000002,562.3298811413439,553.3083522819478,33147.39287318937,61177.181932237225,91875.05641288418,160.58668634600212,2.077500000000011,-83.79,9955.134222282428,-101.05969589286742,-0.05499024999998167,-0.04040099999999263,-0.4517838614687288,241.74687908321457,1.2087343954160727,0.9871436102075694,2.5472108082886824,2.3012108082886837,3.0641722948655445,45.845822877446444,3025.8243099114634,45.845822877446444,45.845822877446444,45.845822877446444,3025.8243099114634,2395.788992397389,45.845822877446444,192.4850691915513,181.60784313725497,183.92000000000004,119.50315089820359,227.82440627691977,4.62966718779942,0.0,0.0,6.728929816994997,254.6662325409671,-25.743664251786488,940.8000000000004,0.0,130.82842712295175,0.0,199.57026199999999,134.429738,0.0
C67,CCCCCCCCCCCCCCCCCCCCCCCCCCCCCCCCCCCCCCCCCCCCCCCCCCCCCCCCCCCCCCCCCCC,1.3748852157943068,0.05332180129382246,11.73134328358209,3.0653207824216415,47.961940777125534,67.0,66.0,0.0,4.629896756210806,0,0,66.0,26.382700000000053,136,0,203,1418.9256759999998,2860.4345960000014,3959.306259999998,1076.9900000000002,571.3514100007397,562.3298811413439,33644.022533327865,62101.38413120307,93354.01156792276,160.60601802862865,2.0796427964765,-85.11985245941415,10105.226557922153,-101.04483581188376,-0.05498216409033521,-0.04039505933167554,-0.4517174299926498,245.39166707954305,1.2088259462046456,0.9871436102075692,2.5472047783886986,2.3012047783887,3.0653207824216415,46.5408195379515,3118.234909042751,46.5408195379515,46.5408195379515,46.5408195379515,3118.234909042751,2468.9457262523815,46.5408195379515,195.37290604515658,184.33333333333337,186.68000000000004,121.30170538922155,231.239695922844,4.629896756210806,0.0,0.0,6.750359222515847,258.60862027032556,-26.123789774961423,954.8900000000003,0.0,132.82842712289354,0.0,202.573848,136.436152,0.0
C68,CCCCCCCCCCCCCCCCCCCCCCCCCCCCCCCCCCCCCCCCCCCCCCCCCCCCCCCCCCCCCCCCCCCC,1.3748886166184004,0.053310220694247,11.735294117647058,3.066435693411784,48.66904755831208,68.0,66.0,0.0,4.630119522974006,0,0,67.0,26.772800000000057,138,0,206,1439.90312,2903.164104000002,4022.1911599999985,1092.9200000000005,580.3729388601357,571.3514100007397,34140.652193466354,63025.5863301689,94832.96672296136,160.6247866525379,2.081723065321865,-86.44980676783855,10255.318678221676,-101.03040959413585,-0.05497431426145583,-0.04038929211044007,-0.45165293808710183,249.03644984662796,1.2089148050807184,0.9871436102075702,2.5471989476829178,2.301198947682915,3.066435693411784,47.23581090101426,3212.0351412689693,47.23581090101426,47.23581090101426,47.23581090101426,3212.0351412689693,2543.202561413915,47.23581090101426,198.26074289876183,187.0588235294118,189.44,123.10025988023952,234.65498556876818,4.630119522974006,0.0,0.0,6.7714749914583034,262.55119112793307,-26.50373882391997,968.9800000000002,0.0,134.82842712283534,0.0,205.57743399999998,138.442566,0.0
C69,CCCCCCCCCCCCCCCCCCCCCCCCCCCCCCCCCCCCCCCCCCCCCCCCCCCCCCCCCCCCCCCCCCCCC,1.3748918685121108,0.0533008695970992,11.73913043478261,3.0675184790748555,49.376154339498626,69.0,68.0,0.0,4.630335785949784,0,0,68.0,27.16290000000006,140,0,209,1460.8805639999996,2945.8936120000003,4085.0760599999994,1108.8500000000004,589.3944677195319,580.3729388601361,34637.28185360486,63949.78852913479,96311.92187799995,160.64301646427754,2.0837435040406787,-87.77985851972254,10405.410592454024,-101.01639851213615,-0.05496669032301205,-0.04038369084954766,-0.45159030203154454,252.68122760965213,1.2090010890413978,0.9871436102075701,2.5471934159404217,2.301193415940423,3.0675184790748555,47.93079719694264,3307.2250065890426,47.93079719694264,47.93079719694264,47.93079719694264,3307.2250065890426,2618.559497880039,47.93079719694264,201.14857975236706,189.78431372549025,192.20000000000005,124.89881437125749,238.07027521469232,4.630335785949784,0.0,0.0,6.792286171722435,266.49393819861604,-26.883515269327415,983.0700000000002,0.0,136.82842712277713,0.0,208.58102,140.44898,0.0
C70,CCCCCCCCCCCCCCCCCCCCCCCCCCCCCCCCCCCCCCCCCCCCCCCCCCCCCCCCCCCCCCCCCCCCCC,1.3748949800462087,0.05329331994873994,11.742857142857142,3.068570508203371,50.08326112068517,70.0,68.0,0.0,4.630545825857366,0,0,69.0,27.553000000000065,142,0,212,1481.8580079999997,2988.6231199999997,4147.960960000001,1124.7800000000004,598.4159965789279,589.3944677195319,35133.911513743355,64873.99072810064,97790.87703303853,160.66073033794902,2.085706657173384,-89.11000355998573,10555.502309367326,-101.00278490095373,-0.054959282662847865,-0.040378248486972385,-0.45152944285542723,256.32600058105186,1.209084908401188,0.9871436102075688,2.547188060611593,2.3011880606115955,3.068570508203371,48.62577864288509,3403.8045050019564,48.62577864288509,48.62577864288509,48.62577864288509,3403.8045050019564,2695.016535648938,48.62577864288509,204.0364166059723,192.50980392156868,194.96000000000004,126.69736886227545,241.48556486061653,4.630545825857366,0.0,0.0,6.812801425263266,270.43685491878034,-27.263122842390334,997.1600000000003,0.0,138.82842712271892,0.0,211.58460599999998,142.45539399999998,0.0
C71,CCCCCCCCCCCCCCCCCCCCCCCCCCCCCCCCCCCCCCCCCCCCCCCCCCCCCCCCCCCCCCCCCCCCCCC,1.3748979591836734,0.053287225461643155,11.746478873239436,3.0695930729163576,50.79036790187172,71.0,70.0,0.0,4.63074990749002,0,0,70.0,27.943100000000072,144,0,215,1502.8354519999998,3031.3526280000005,4210.845860000001,1140.7100000000005,607.4375254383239,598.4159965789278,35630.54117388185,65798.19292706647,99269.83218807714,160.67794987095994,2.0876149269875475,-90.4402379664684,10705.593837221453,-100.98955208385068,-0.05495208220656802,-0.04037295835582794,-0.4514702860059899,259.97076896140703,1.2091663672623583,0.9871436102075717,2.547182973622196,2.301182973622197,3.0695930729163576,49.32075544375742,3501.7736365067776,49.32075544375742,49.32075544375742,49.32075544375742,3501.7736365067776,2772.5736747189258,49.32075544375742,206.92425345957759,195.23529411764707,197.72000000000003,128.49592335329342,244.90085450654072,4.63074990749002,0.0,0.0,6.833029049732676,274.3799350540314,-27.642565141791337,1011.2500000000002,0.0,140.8284271226607,0.0,214.588192,144.461808,0.0
C72,CCCCCCCCCCCCCCCCCCCCCCCCCCCCCCCCCCCCCCCCCCCCCCCCCCCCCCCCCCCCCCCCCCCCCCCC,1.3749008133306884,0.053282306144301766,11.75,3.0705873939538715,51.497474683058265,72.0,70.0,0.0,4.630948280828643,0,0,71.0,28.333200000000076,146,0,218,1523.8128959999997,3074.0821360000014,4273.730760000002,1156.6400000000003,616.4590542977198,607.4375254383239,36127.170834020355,66722.39512603232,100748.78734311575,160.6946954718696,2.089470583284262,-91.77055803383553,10855.6851838216,-100.97668430415433,-0.054945080380425955,-0.0403678141570459,-0.4514127610436961,263.61553294025606,1.2092455639461288,0.9871436102075696,2.5471780433691573,2.301178043369148,3.0705873939538715,50.01572779309215,3601.1324011026345,50.01572779309215,50.01572779309215,50.01572779309215,3601.1324011026345,2851.2309150884316,50.01572779309215,209.8120903131828,197.96078431372553,200.48000000000005,130.29447784431136,248.31614415246486,4.630948280828643,0.0,0.0,6.852976998625362,278.323172678499,-28.021845640186665,1025.3400000000001,0.0,142.8284271226025,0.0,217.59177799999998,146.468222,0.0
C73,CCCCCCCCCCCCCCCCCCCCCCCCCCCCCCCCCCCCCCCCCCCCCCCCCCCCCCCCCCCCCCCCCCCCCCCCC,1.374903549382716,0.05327833570528776,11.753424657534246,3.071554625538781,52.20458146424481,73.0,72.0,0.0,4.631141182063211,0,0,72.0,28.72330000000008,148,0,221,1544.79034,3116.8116440000017,4336.6156599999995,1172.5700000000004,625.4805831571158,616.4590542977197,36623.800494158844,67646.59732499819,102227.74249815433,160.71098644108034,2.0912757724043423,-93.100960258799,11005.776356549148,-100.96416666269698,-0.05493826907717174,-0.04036280993424394,-0.4513568013622014,267.26029269684585,1.2093225913884427,0.987143610207569,2.547173354698097,2.301173354698097,3.071554625538781,50.710695873818054,3701.8807987887176,50.710695873818054,50.710695873818054,50.710695873818054,3701.8807987887176,2930.9882567559926,50.710695873818054,212.69992716678803,200.68627450980398,203.24000000000004,132.09303233532933,251.73143379838905,4.631141182063211,0.0,0.0,6.872652900051248,282.2665621557169,-28.400967690299794,1039.4300000000003,0.0,144.8284271225443,0.0,220.595364,148.474636,0.0
C74,CCCCCCCCCCCCCCCCCCCCCCCCCCCCCCCCCCCCCCCCCCCCCCCCCCCCCCCCCCCCCCCCCCCCCCCCCC,1.374906173766185,0.05327513131596726,11.756756756756756,3.072495859846486,52.91168824543136,74.0,72.0,0.0,4.631328834530841,0,0,73.0,29.113400000000084,150,0,224,1565.7677839999997,3159.5411520000007,4399.50056,1188.5000000000002,634.502112016512,625.480583157116,37120.430154297355,68570.79952396404,103706.69765319294,160.7268410450444,2.0930325255101767,-94.4314413265306,11155.867362390054,-100.95198506024082,-0.05493164062498751,-0.04035794005101204,-0.45130234393137714,270.9050484008207,1.2093975375036639,0.9871436102075676,2.547168805700728,2.301168805700717,3.072495859846486,51.40565985897653,3804.018829564264,51.40565985897653,51.40565985897653,51.40565985897653,3804.018829564264,3011.845699720241,51.40565985897653,215.58776402039325,203.41176470588243,206.00000000000006,133.8915868263473,255.14672344431318,4.631328834530841,0.0,0.0,6.892064074245198,286.21009812092046,-28.77993453064142,1053.5200000000002,0.0,146.8284271224861,0.0,223.59895,150.48104999999998,0.0
C75,CCCCCCCCCCCCCCCCCCCCCCCCCCCCCCCCCCCCCCCCCCCCCCCCCCCCCCCCCCCCCCCCCCCCCCCCCCC,1.3749086924762601,0.053272545303098495,11.76,3.073412131119017,53.6187950266179,75.0,74.0,0.0,4.631511449578321,0,0,74.0,29.503500000000088,152,0,227,1586.7452279999998,3202.2706599999997,4462.3854599999995,1204.4300000000003,643.523640875908,634.5021120165119,37617.05981443585,69495.0017229299,105185.65280823152,160.7422765845865,2.0947427662093303,-95.76199809815827,11305.958207960963,-100.9401261444984,-0.05492518775832988,-0.04035319916937204,-0.4512493290603349,274.549800212857,1.2094704855191938,0.9871436102075698,2.5471644748191955,2.3011644748191786,3.073412131119017,52.100619912380914,3907.5464934285687,52.100619912380914,52.100619912380914,52.100619912380914,3907.5464934285687,3093.803243979905,52.100619912380914,218.47560087399853,206.13725490196083,208.76000000000005,135.69014131736526,258.56201309023743,4.631511449578321,0.0,0.0,6.911217549914609,290.1537754646419,-29.15874929088338,1067.6100000000001,0.0,148.82842712242788,0.0,226.602536,152.487464,0.0
C76,CCCCCCCCCCCCCCCCCCCCCCCCCCCCCCCCCCCCCCCCCCCCCCCCCCCCCCCCCCCCCCCCCCCCCCCCCCCC,1.3749111111111112,0.053270458414520126,11.763157894736842,3.074304419456058,54.32590180780445,76.0,74.0,0.0,4.631689227356098,0,0,75.0,29.89360000000009,154,0,230,1607.7226719999999,3245.0001680000005,4525.270360000001,1220.3600000000006,652.545169735304,643.5236408759079,38113.68947457434,70419.20392189575,106664.60796327013,160.75730945787967,2.0964083175803387,-97.09262759924385,11456.048899533314,-100.92857726133883,-0.054918903591659796,-0.040348582230608485,-0.45119770017916905,278.19454828524795,1.2095415142836867,0.9871436102075695,2.5471602687616244,2.3011602687616106,3.074304419456058,52.7955761892233,4012.4637903809717,52.7955761892233,52.7955761892233,52.7955761892233,4012.4637903809717,3176.860889533792,52.7955761892233,221.36343772760378,208.86274509803926,211.52000000000004,137.48869580838323,261.9773027361616,4.631689227356098,0.0,0.0,6.930120079516206,294.0975893174905,-29.537414996911796,1081.7,0.0,150.82842712236967,0.0,229.606122,154.493878,0.0
C77,CCCCCCCCCCCCCCCCCCCCCCCCCCCCCCCCCCCCCCCCCCCCCCCCCCCCCCCCCCCCCCCCCCCCCCCCCCCCC,1.3749134349030472,0.053268774366269464,11.766233766233766,3.075173654312128,55.033008588990995,77.0,76.0,0.0,4.631862357550004,0,0,76.0,30.283700000000096,156,0,233,1628.7001159999995,3287.729676000001,4588.155260000001,1236.2900000000004,661.5666985946999,652.5451697353038,38610.319134712845,71343.4061208616,108143.56311830874,160.77195521855586,2.0980309086555438,-98.42332700915475,11606.139443055547,-100.91732640970955,-0.05491278159478626,-0.04034408443697796,-0.4511474036376433,281.8392927624435,1.2096106985512596,0.9871436102075694,2.547156260167646,2.3011562601676516,3.075173654312128,53.49052883663451,4118.770720420857,53.49052883663451,53.49052883663451,53.49052883663451,4118.770720420857,3261.018636380789,53.49052883663451,224.251274581209,211.5882352941177,214.28000000000006,139.2872502994012,265.3925923820857,4.631862357550004,0.0,0.0,6.948778153545143,298.04153503601964,-29.915934575582487,1095.7900000000002,0.0,152.82842712231147,0.0,232.60970799999998,156.500292,0.0
C78,CCCCCCCCCCCCCCCCCCCCCCCCCCCCCCCCCCCCCCCCCCCCCCCCCCCCCCCCCCCCCCCCCCCCCCCCCCCCCC,1.3749156687468376,0.05326741542902658,11.76923076923077,3.0760207177261516,55.74011537017754,78.0,76.0,0.0,4.6320310200563295,0,0,77.0,30.6738000000001,158,0,236,1649.6775599999996,3330.4591840000016,4651.040160000001,1252.2200000000005,670.5882274540958,661.5666985946998,39106.94879485134,72267.60831982747,109622.51827334732,160.7862286293843,2.099612180407919,-99.7540936512497,11756.229844173646,-100.90636220010153,-0.05490681557024381,-0.040339701235261226,-0.4510983885192794,285.4840337815483,1.2096781092438487,0.98714361020757,2.5471523634289834,2.3011523634289826,3.0760207177261516,54.185477994200404,4226.467283547631,54.185477994200404,54.185477994200404,54.185477994200404,4226.467283547631,3346.2764845198426,54.185477994200404,227.13911143481425,214.31372549019613,217.04000000000005,141.08580479041916,268.80788202800994,4.6320310200563295,0.0,0.0,6.967198013912024,301.9856081895914,-30.294310859199914,1109.8800000000006,0.0,154.82842712225326,0.0,235.613294,158.50670599999998,0.0
C79,CCCCCCCCCCCCCCCCCCCCCCCCCCCCCCCCCCCCCCCCCCCCCCCCCCCCCCCCCCCCCCCCCCCCCCCCCCCCCCC,1.3749178172255094,0.05326631885974994,11.772151898734178,3.076846447306989,56.44722215136409,79.0,78.0,0.0,4.632195385605311,0,0,78.0,31.063900000000103,160,0,239,1670.6550039999997,3373.188692000002,4713.925059999999,1268.1500000000005,679.6097563134916,670.5882274540958,39603.57845498984,73191.81051879334,111101.47342838593,160.8001437119075,2.1011536912868913,-101.08492498380632,11906.3201082501,-100.89567381600978,-0.054900999632336765,-0.04033542830127358,-0.4510506064692863,289.1287714727837,1.2097438136936556,0.9871436102075711,2.547148645917456,2.301148645917462,3.076846447306989,54.880423794439984,4335.55347976076,54.880423794439984,54.880423794439984,54.880423794439984,4335.55347976076,3432.6344339499815,54.880423794439984,230.02694828841953,217.03921568627453,219.8,142.88435928143713,272.22317167393413,4.632195385605311,0.0,0.0,6.9853856664768585,305.92980454815466,-30.672546589738936,1123.9700000000005,0.0,156.82842712219505,0.0,238.61687999999998,160.51312,0.0
C80,CCCCCCCCCCCCCCCCCCCCCCCCCCCCCCCCCCCCCCCCCCCCCCCCCCCCCCCCCCCCCCCCCCCCCCCCCCCCCCCC,1.3749198846338728,0.05326543401654274,11.775,3.077651638996214,57.154328932550634,80.0,78.0,0.0,4.6323556163375645,0,0,79.0,31.454000000000107,162,0,242,1691.6324479999996,3415.9182,4776.8099600000005,1284.0800000000004,688.6312851728879,679.609756313492,40100.208115128335,74116.01271775913,112580.42858342451,160.81371379238462,2.1026569223413487,-102.41581859162628,12056.41024038151,-100.88525097840167,-0.0548953281879501,-0.04033126152581772,-0.4510040115356803,292.7735059599131,1.2098078758674096,0.9871436102075701,2.5471450288979667,2.3011450288979676,3.077651638996214,55.5753663632468,4446.029309059742,55.5753663632468,55.5753663632468,55.5753663632468,4446.029309059742,3520.0924846702956,55.5753663632468,232.91478514202475,219.76470588235298,222.56000000000006,144.68291377245507,275.63846131985827,4.6323556163375645,0.0,0.0,7.0033468928028855,309.8741200708647,-31.050644422827265,1138.0600000000006,0.0,158.82842712213684,0.0,241.620466,162.519534,0.0
C81,CCCCCCCCCCCCCCCCCCCCCCCCCCCCCCCCCCCCCCCCCCCCCCCCCCCCCCCCCCCCCCCCCCCCCCCCCCCCCCCCC,1.374921875,0.0532647200273031,11.777777777777779,3.078437049627252,57.86143571373718,81.0,80.0,0.0,4.632511866337564,0,0,80.0,31.84410000000011,164,0,245,1712.6098919999997,3458.647708000001,4839.694860000001,1300.0100000000004,697.6528140322839,688.6312851728879,40596.83777526683,75040.21491672499,114059.38373846309,160.8269515443603,2.1041232819658835,-103.74677217825905,12206.500245414833,-100.87508391272743,-0.05488979591834533,-0.04032719700123457,-0.45095856002161355,296.4182373606385,1.2098703565740347,0.9871436102075707,2.547141574951245,2.3011415749512385,3.078437049627252,56.27030582029741,4557.894771444089,56.27030582029741,56.27030582029741,56.27030582029741,4557.894771444089,3608.6506366799126,56.27030582029741,235.80262199562998,222.49019607843144,225.32000000000005,146.48146826347306,279.05375096578246,4.632511866337564,0.0,0.0,7.021087261187839,313.8185508954762,-31.428606931505012,1152.1500000000005,0.0,160.82842712207864,0.0,244.62405199999998,164.525948,0.0
C82,CCCCCCCCCCCCCCCCCCCCCCCCCCCCCCCCCCCCCCCCCCCCCCCCCCCCCCCCCCCCCCCCCCCCCCCCCCCCCCCCCC,1.374923792104862,0.05326414390710079,11.78048780487805,3.079203399298189,58.568542494923726,82.0,80.0,0.0,4.632664282127841,0,0,81.0,32.23420000000011,166,0,248,1733.5873359999996,3501.377216000001,4902.579760000002,1315.9400000000003,706.6743428916798,697.6528140322838,41093.46743540534,75964.41711569084,115538.3388935017,160.83986902814297,2.105554110301762,-105.07778355879294,12356.590127962498,-100.86516331834147,-0.05488439776272795,-0.04032323100936478,-0.45091421034886336,300.0629657869667,1.2099313136571237,0.9871436102075687,2.54713821150872,2.3011382115087406,3.079203399298189,56.96524227943117,4671.149866913357,56.96524227943117,56.96524227943117,56.96524227943117,4671.149866913357,3698.3088899780278,56.96524227943117,238.6904588492352,225.2156862745099,228.08000000000007,148.280022754491,282.4690406117066,4.632664282127841,0.0,0.0,7.038612137025291,317.7630933284494,-31.80643660977631,1166.2400000000005,0.0,162.82842712202043,0.0,247.627638,166.532362,0.0
C83,CCCCCCCCCCCCCCCCCCCCCCCCCCCCCCCCCCCCCCCCCCCCCCCCCCCCCCCCCCCCCCCCCCCCCCCCCCCCCCCCCCC,1.3749256395002973,0.05326367903707084,11.783132530120483,3.0799513735738984,59.27564927611027,83.0,82.0,0.0,4.632813003127246,0,0,82.0,32.624300000000105,168,0,251,1754.5647799999995,3544.1067240000016,4965.464660000001,1331.8700000000001,715.6958717510757,706.6743428916799,41590.09709554384,76888.61931465672,117017.29404854031,160.85247772745277,2.106950683322498,-106.40885065316425,12506.679892416414,-100.85548034013205,-0.05487912890270877,-0.04031936001012602,-0.45087092293100967,303.70769134554894,1.2099908021735017,0.9871436102075695,2.547134996785872,2.301134996785879,3.0799513735738984,57.66017584900142,4785.794595467119,57.66017584900142,57.66017584900142,57.66017584900142,4785.794595467119,3789.0672445638784,57.66017584900142,241.57829570284048,227.9411764705883,230.84000000000003,150.078577245509,285.88433025763084,4.632813003127246,0.0,0.0,7.055926692544329,321.7077438357117,-32.18413587596697,1180.3300000000004,0.0,164.82842712196222,0.0,250.63122399999997,168.53877599999998,0.0
C84,CCCCCCCCCCCCCCCCCCCCCCCCCCCCCCCCCCCCCCCCCCCCCCCCCCCCCCCCCCCCCCCCCCCCCCCCCCCCCCCCCCCC,1.3749274205254753,0.05326330393642734,11.785714285714286,3.0806816255316436,59.98275605729682,84.0,82.0,0.0,4.632958162076295,0,0,83.0,33.014400000000094,170,0,254,1775.5422239999994,3586.836232000003,5028.34956,1347.8000000000002,724.7174006104717,715.6958717510757,42086.726755682335,77812.82151362258,118496.2492035789,160.8647885834718,2.108314216628439,-107.73997147994298,12656.769542961021,-100.84602654215148,-0.05487398474797994,-0.040315580631150594,-0.45082866005537336,307.3524141379985,1.2100488745590492,0.9871436102075708,2.5471318637621745,2.3011318637621776,3.0806816255316436,58.35510663220223,4901.828957104987,58.35510663220223,58.35510663220223,58.35510663220223,4901.828957104987,3880.925700436756,58.35510663220223,244.46613255644576,230.66666666666669,233.60000000000005,151.87713173652696,289.299619903555,4.632958162076295,0.0,0.0,7.073035915971753,325.65249903402685,-32.56170707590095,1194.4200000000005,0.0,166.828427121904,0.0,253.63481,170.54519,0.0
C85,CCCCCCCCCCCCCCCCCCCCCCCCCCCCCCCCCCCCCCCCCCCCCCCCCCCCCCCCCCCCCCCCCCCCCCCCCCCCCCCCCCCCC,1.3749291383219955,0.05326300127145296,11.788235294117648,3.081394777662944,60.689862838483364,85.0,84.0,0.0,4.633099885432304,0,0,84.0,33.40450000000009,172,0,257,1796.5196679999997,3629.5657400000005,5091.23446,1363.7300000000002,733.7389294698679,724.7174006104718,42583.35641582083,78737.02371258837,119975.2043586175,160.87681202650984,2.109645868976068,-109.0711441505549,12806.85908358535,-100.83679388311371,-0.05486896092296012,-0.040311889657663476,-0.45078738577375876,310.99713426118404,1.2101055807828174,0.9871436102075719,2.5471288666687744,2.3011288666687757,3.081394777662944,59.05003472737145,5019.252951826573,59.05003472737145,59.05003472737145,59.05003472737145,5019.252951826573,3973.884257595978,59.05003472737145,247.35396941005098,233.39215686274514,236.36000000000004,153.6756862275449,292.7149095494791,4.633099885432304,0.0,0.0,7.089944620157454,329.59735568292393,-32.93915248590738,1208.5100000000004,0.0,168.8284271218458,0.0,256.638396,172.551604,0.0
C86,CCCCCCCCCCCCCCCCCCCCCCCCCCCCCCCCCCCCCCCCCCCCCCCCCCCCCCCCCCCCCCCCCCCCCCCCCCCCCCCCCCCCCC,1.3749307958477508,0.05326275705478819,11.790697674418604,3.0820914236434227,61.39696961966991,86.0,84.0,0.0,4.633238293736802,0,0,85.0,33.79460000000008,174,0,260,1817.4971119999996,3672.295248000001,5154.1193600000015,1379.6600000000003,742.7604583292639,733.7389294698679,43079.98607595933,79661.22591155423,121454.1595136561,160.8885580054778,2.110946745562142,-110.40236686390531,12956.948518094336,-100.82777469357609,-0.054864053254436114,-0.04030828402364896,-0.45074706580007784,314.6418518075029,1.2101609684903958,0.987143610207571,2.5471259434901277,2.301125943490117,3.0820914236434227,59.744960228273676,5138.066579631537,59.744960228273676,59.744960228273676,59.744960228273676,5138.066579631537,4067.9429160409136,59.744960228273676,250.24180626365623,236.11764705882356,239.12000000000006,155.47424071856287,296.13019919540335,4.633238293736802,0.0,0.0,7.106657450700228,333.54231067714284,-33.31647431566916,1222.6000000000004,0.0,170.8284271217876,0.0,259.641982,174.558018,0.0
C87,CCCCCCCCCCCCCCCCCCCCCCCCCCCCCCCCCCCCCCCCCCCCCCCCCCCCCCCCCCCCCCCCCCCCCCCCCCCCCCCCCCCCCCC,1.3749323958896702,0.05326255999978829,11.793103448275861,3.0827721299811315,62.10407640085646,87.0,86.0,0.0,4.633373501957462,0,0,86.0,34.18470000000008,176,0,263,1838.4745559999994,3715.0247560000007,5217.0042600000015,1395.5900000000001,751.7819871886599,742.7604583292638,43576.615736097825,80585.4281105201,122933.11466869467,160.90003601534374,2.112217901082842,-111.733637901372,13107.03785011931,-100.81896165468365,-0.05485925775995624,-0.040304760803237485,-0.45070766741573937,318.2865668651368,1.2102150831374023,0.9871436102075706,2.5471231448146527,2.3011231448146456,3.0827721299811315,60.4398832243625,5258.269840519541,60.4398832243625,60.4398832243625,60.4398832243625,5258.269840519541,4163.101675770965,60.4398832243625,253.12964311726148,238.843137254902,241.88000000000005,157.27279520958083,299.54548884132754,4.633373501957462,0.0,0.0,7.123178893608379,337.4873610395604,-33.69367471092319,1236.6900000000005,0.0,172.8284271217294,0.0,262.64556799999997,176.56443199999998,0.0
C88,CCCCCCCCCCCCCCCCCCCCCCCCCCCCCCCCCCCCCCCCCCCCCCCCCCCCCCCCCCCCCCCCCCCCCCCCCCCCCCCCCCCCCCCC,1.3749339410754393,0.05326240099914191,11.795454545454545,3.083437437553022,62.811183182043,88.0,86.0,0.0,4.633505619806583,0,0,87.0,34.57480000000007,178,0,266,1859.4519999999995,3757.7542640000015,5279.8891600000015,1411.5200000000002,760.8035160480557,751.7819871886597,44073.24539623633,81509.63030948596,124412.0698237333,160.9112551227316,2.1134603425857543,-113.06495562213803,13257.127083127758,-100.81034777839427,-0.05485457063712108,-0.04030131720275703,-0.45066915938089247,321.93127951828967,1.210267968113871,0.98714361020757,2.5471204131531477,2.301120413153156,3.083437437553022,61.13480380102587,5379.862734490276,61.13480380102587,61.13480380102587,61.13480380102587,5379.862734490276,4259.36053678557,61.13480380102587,256.0174799708667,241.56862745098044,244.64000000000004,159.0713497005988,302.9607784872517,4.633505619806583,0.0,0.0,7.1395132825266945,341.4325039145597,-34.07075575602144,1250.7800000000004,0.0,174.82842712167118,0.0,265.649154,178.570846,0.0
C89,CCCCCCCCCCCCCCCCCCCCCCCCCCCCCCCCCCCCCCCCCCCCCCCCCCCCCCCCCCCCCCCCCCCCCCCCCCCCCCCCCCCCCCCCC,1.3749354338842976,0.05326227270413477,11.797752808988765,3.0840878630383206,63.51828996322955,89.0,88.0,0.0,4.633634752037988,0,0,88.0,34.96490000000006,180,0,269,1880.4294439999994,3800.4837720000023,5342.77406,1427.4500000000003,769.8250449074516,760.8035160480557,44569.87505637483,82433.83250845181,125891.02497877188,160.92222398980593,2.114675032130579,-114.39631845883834,13407.216220432518,-100.80192638895312,-0.054849988253355075,-0.0402979505534698,-0.45063151185175354,325.57598984740855,1.2103196648602548,0.9871436102075687,2.547117795758221,2.3011177957582203,3.0840878630383206,61.82972203981396,5502.845261543441,61.82972203981396,61.82972203981396,61.82972203981396,5502.845261543441,4356.71949908419,61.82972203981396,258.9053168244719,244.29411764705887,247.4,160.8699041916168,306.37606813317586,4.633634752037988,0.0,0.0,7.155664805558924,345.37773656181,-34.447719476361776,1264.8700000000003,0.0,176.82842712161298,0.0,268.65274,180.57726,0.0
C90,CCCCCCCCCCCCCCCCCCCCCCCCCCCCCCCCCCCCCCCCCCCCCCCCCCCCCCCCCCCCCCCCCCCCCCCCCCCCCCCCCCCCCCCCCC,1.3749368766569878,0.05326216918510689,11.8,3.0847239002567384,64.22539674441609,90.0,88.0,0.0,4.6337609987240125,0,0,89.0,35.355000000000054,182,0,272,1901.4068879999995,3843.213280000001,5405.658960000001,1443.38,778.846573766848,769.8250449074519,45066.50471651333,83358.03470741762,127369.98013381046,160.93295089657715,2.1158628892733704,-115.72772491349482,13557.305265200246,-100.793691105655,-0.054845507136680634,-0.04029465830447012,-0.45059469630381116,329.22069792939163,1.2103702129757046,0.9871436102075701,2.5471152392439973,2.3011152392440106,3.0847239002567384,62.52463801865284,5627.217421678757,62.52463801865284,62.52463801865284,62.52463801865284,5627.217421678757,4455.178562666321,62.52463801865284,261.7931536780772,247.0196078431373,250.16,162.66845868263474,309.7913577791,4.6337609987240125,0.0,0.0,7.171637511712623,349.32305635043025,-34.82456784069626,1278.9600000000003,0.0,178.82842712155477,0.0,271.656326,182.583674,0.0
C91,CCCCCCCCCCCCCCCCCCCCCCCCCCCCCCCCCCCCCCCCCCCCCCCCCCCCCCCCCCCCCCCCCCCCCCCCCCCCCCCCCCCCCCCCCCC,1.3749382716049383,0.05326208565742233,11.802197802197803,3.085346021418895,64.93250352560264,91.0,90.0,0.0,4.633884455514137,0,0,90.0,35.74510000000004,184,0,275,1922.3843319999996,3885.9427880000003,5468.543860000001,1459.31,787.8681026262439,778.8465737668479,45563.13437665182,84282.23690638346,128848.93528884907,160.9434437617461,2.117024793388432,-117.05917355371899,13707.394220459435,-100.78563582675285,-0.05484112396692139,-0.04029143801651474,-0.4505586854591695,332.8654038377816,1.210419650319206,0.9871436102075682,2.547112787803344,2.3011127878033464,3.085346021418895,63.21955181204358,5752.979214895964,63.21955181204358,63.21955181204358,63.21955181204358,5752.979214895964,4554.737727531496,63.21955181204358,264.6809905316825,249.74509803921575,252.92,164.4670131736527,313.20664742502424,4.633884455514137,0.0,0.0,7.18743531699117,353.26846075350477,-35.20130276332468,1293.0500000000004,0.0,180.82842712149656,0.0,274.65991199999996,184.59008799999998,0.0
C92,CCCCCCCCCCCCCCCCCCCCCCCCCCCCCCCCCCCCCCCCCCCCCCCCCCCCCCCCCCCCCCCCCCCCCCCCCCCCCCCCCCCCCCCCCCCC,1.3749396208187417,0.05326201826043777,11.804347826086957,3.0859546782955105,65.6396103067892,92.0,90.0,0.0,4.634005213876653,0,0,91.0,36.13520000000004,186,0,278,1943.3617759999997,3928.672296000001,5531.4287600000025,1475.24,796.8896314856399,787.8681026262439,46059.76403679032,85206.43910534933,130327.89044388768,160.95371016219914,2.1181615858392533,-118.39066300916105,13857.483089107836,-100.77775471434296,-0.05483683556748989,-0.04028828735567616,-0.4505234532197849,336.51010764294665,1.2104680131041246,0.9871436102075697,2.5471103917788005,2.3011103917787987,3.0859546782955105,63.914463491247915,5880.130641194808,63.914463491247915,63.914463491247915,63.914463491247915,5880.130641194808,4655.396993679253,63.914463491247915,267.5688273852877,252.47058823529414,255.67999999999998,166.26556766467067,316.62193707094843,4.634005213876653,0.0,0.0,7.203062010155895,357.2139473429304,-35.5779261061799,1307.1400000000003,0.0,182.82842712143835,0.0,277.663498,186.596502,0.0
C93,CCCCCCCCCCCCCCCCCCCCCCCCCCCCCCCCCCCCCCCCCCCCCCCCCCCCCCCCCCCCCCCCCCCCCCCCCCCCCCCCCCCCCCCCCCCCC,1.3749409262759924,0.053261963879065885,11.806451612903226,3.0865503033115202,66.34671708797575,93.0,92.0,0.0,4.634123361324669,0,0,92.0,36.52530000000003,188,0,281,1964.3392199999996,3971.4018040000014,5594.313660000002,1491.1700000000003,805.9111603450359,796.8896314856398,46556.39369692882,86130.6413043152,131806.84559892621,160.96375735125466,2.119274072010216,-119.72219196818682,14007.571873919464,-100.77004218027184,-0.054832638897669254,-0.04028520408808141,-0.45048897460400306,340.15480941224985,1.2105153359866543,0.9871436102075694,2.547108092552313,2.301108092552311,3.0865503033115202,64.609373124463,6008.671700575058,64.609373124463,64.609373124463,64.609373124463,6008.671700575058,4757.156361109173,64.609373124463,270.4566642388929,255.1960784313726,258.44,168.0641221556886,320.0372267168725,4.634123361324669,0.0,0.0,7.218521258179512,361.1595137845688,-35.95443968081184,1321.2300000000002,0.0,184.82842712138014,0.0,280.667084,188.602916,0.0
C94,CCCCCCCCCCCCCCCCCCCCCCCCCCCCCCCCCCCCCCCCCCCCCCCCCCCCCCCCCCCCCCCCCCCCCCCCCCCCCCCCCCCCCCCCCCCCCC,1.3749421898485374,0.05326191999970969,11.808510638297872,3.0871333105706324,67.0538238691623,94.0,92.0,0.0,4.634238981627593,0,0,93.0,36.91540000000003,190,0,284,1985.3166639999995,4014.1313120000023,5657.198560000002,1507.1000000000001,814.9326892044318,805.9111603450358,47053.023357067315,87054.84350328105,133285.80075396475,160.97359227575262,2.1203630232096873,-121.05375917476697,14157.660577551116,-100.76249287289605,-0.054828531045399156,-0.040282186074168724,-0.4504552256875002,343.7995092102079,1.2105616521486193,0.9871436102075698,2.5471058438615373,2.30110584386153,3.0871333105706324,65.30428077698386,6138.602393036482,65.30428077698386,65.30428077698386,65.30428077698386,6138.602393036482,4860.015829820853,65.30428077698386,273.34450109249815,257.92156862745105,261.2,169.86267664670657,323.45251636279676,4.634238981627593,0.0,0.0,7.233816611410485,365.1051578336843,-36.330845250275594,1335.3200000000004,0.0,186.82842712132194,0.0,283.67067,190.60933,0.0
C95,CCCCCCCCCCCCCCCCCCCCCCCCCCCCCCCCCCCCCCCCCCCCCCCCCCCCCCCCCCCCCCCCCCCCCCCCCCCCCCCCCCCCCCCCCCCCCCC,1.3749434133091896,0.05326188459424074,11.810526315789474,3.087704096815482,67.76093065034885,95.0,94.0,0.0,4.634352155009214,0,0,94.0,37.305500000000016,192,0,287,2006.2941079999996,4056.8608200000026,5720.083459999998,1523.03,823.9542180638276,814.9326892044317,47549.65301720581,87979.0457022469,134764.75590900335,160.98322159207294,2.121429178453087,-122.38536342556056,14307.749202548506,-100.75510166475212,-0.05482450922067189,-0.040279231264164765,-0.4504221835481163,347.44420709863994,1.210606993375052,0.9871436102075696,2.547103684502354,2.30110368450234,3.087704096815482,65.9991865113566,6269.922718578875,65.9991865113566,65.9991865113566,65.9991865113566,6269.922718578875,4963.975399813907,65.9991865113566,276.2323379461034,260.64705882352945,263.96,171.66123113772454,326.86780600872095,4.634352155009214,0.0,0.0,7.248951508466558,369.0508773306481,-36.70714453092981,1349.4100000000003,0.0,188.82842712126373,0.0,286.674256,192.615744,0.0
C96,CCCCCCCCCCCCCCCCCCCCCCCCCCCCCCCCCCCCCCCCCCCCCCCCCCCCCCCCCCCCCCCCCCCCCCCCCCCCCCCCCCCCCCCCCCCCCCCC,1.37494459833795,0.053261856026237786,11.8125,3.088263042328008,68.46803743153541,96.0,94.0,0.0,4.634462958333314,0,0,95.0,37.69560000000001,194,0,290,2027.2715519999997,4099.590328000001,5782.968360000002,1538.9600000000003,832.9757469232238,823.9542180638279,48046.28267734431,88903.24790121272,136243.711064042,160.99265168115906,2.1224732461355504,-123.7170035671819,14457.837751352014,-100.74786364089171,-0.05482057074908365,-0.040276337693216875,-0.45038982621377316,351.0889031368072,1.2106513901269214,0.9871436102075704,2.5471015713102982,2.3011015713102965,3.088263042328008,66.6940903875211,6402.632677202025,66.6940903875211,66.6940903875211,66.6940903875211,6402.632677202025,5069.035071087969,66.6940903875211,279.12017479970865,263.3725490196079,266.72,173.4597856287425,330.2830956546451,4.634462958333314,0.0,0.0,7.263929280874255,372.99667019688906,-37.08333919415001,1363.5000000000002,0.0,190.82842712120552,0.0,289.677842,194.62215799999998,0.0
C97,CCCCCCCCCCCCCCCCCCCCCCCCCCCCCCCCCCCCCCCCCCCCCCCCCCCCCCCCCCCCCCCCCCCCCCCCCCCCCCCCCCCCCCCCCCCCCCCCC,1.3749457465277777,0.0532618329752638,11.814432989690722,3.088810511774378,69.17514421272196,97.0,96.0,0.0,4.634571465277758,0,0,96.0,38.0857,196,0,293,2048.2489959999994,4142.319836000002,5845.853260000001,1554.8900000000003,841.9972757826198,832.9757469232239,48542.91233748281,89827.45010017858,137722.66621908057,161.00188866261885,2.1234959056016907,-125.04867849363418,14607.926226302052,-100.74077408800568,-0.05481671306596254,-0.04027350347699402,-0.45035813261376545,354.7335973815436,1.2106948716093637,0.9871436102075686,2.5470995406985373,2.3010995406985466,3.088810511774378,67.38899246294585,6536.732268905747,67.38899246294585,67.38899246294585,67.38899246294585,6536.732268905747,5175.194843642695,67.38899246294585,282.00801165331393,266.0980392156863,269.47999999999996,175.25834011976048,333.69838530056927,4.634571465277758,0.0,0.0,7.278753157470076,376.94253443107607,-37.45943086796201,1377.5900000000001,0.0,192.8284271211473,0.0,292.681428,196.628572,0.0
C98,CCCCCCCCCCCCCCCCCCCCCCCCCCCCCCCCCCCCCCCCCCCCCCCCCCCCCCCCCCCCCCCCCCCCCCCCCCCCCCCCCCCCCCCCCCCCCCCCCC,1.3749468593899459,0.05326181437585016,11.816326530612244,3.089346854998401,69.88225099390851,98.0,96.0,0.0,4.634677746497866,0,0,97.0,38.4758,198,0,296,2069.2264399999995,4185.049344000003,5908.738160000003,1570.8200000000002,851.0188046420158,841.9972757826198,49039.54199762131,90751.65229914442,139201.62137411913,161.01093840796793,2.1244978086194735,-126.38038714390065,14758.014629644178,-100.73382848419546,-0.05481293371074262,-0.04027072680787517,-0.45032708253311493,358.3782898873793,1.2107374658357408,0.9871436102075691,2.5470975523350536,2.301097552335041,3.089346854998401,68.08389279275374,6672.221493689865,68.08389279275374,68.08389279275374,68.08389279275374,6672.221493689865,5282.454717477769,68.08389279275374,284.89584850691915,268.82352941176475,272.24,177.05689461077844,337.1136749464934,4.634677746497866,0.0,0.0,7.293426268577882,380.88846810551615,-37.835421138599905,1391.6800000000003,0.0,194.8284271210891,0.0,295.68501399999997,198.634986,0.0
C99,CCCCCCCCCCCCCCCCCCCCCCCCCCCCCCCCCCCCCCCCCCCCCCCCCCCCCCCCCCCCCCCCCCCCCCCCCCCCCCCCCCCCCCCCCCCCCCCCCCC,1.374947938359017,0.05326179936831402,11.818181818181818,3.0898724077670487,70.58935777509507,99.0,98.0,0.0,4.634781869779832,0,0,98.0,38.86589999999999,200,0,299,2090.2038839999996,4227.778852000003,5971.623060000002,1586.75,860.0403335014117,851.0188046420157,49536.171657759805,91675.85449811029,140680.57652915773,161.0198065530759,2.1254795807653157,-127.71212849968117,14908.102963533809,-100.72702248933219,-0.05480923032177196,-0.040268005950690786,-0.4502966565693951,362.02298070665574,1.210779199687812,0.987143610207572,2.547095640434425,2.3010956404344167,3.0898724077670487,68.7787914298404,6809.100351554198,68.7787914298404,68.7787914298404,68.7787914298404,6809.100351554198,5390.8146925928695,68.7787914298404,287.7836853605244,271.5490196078432,275.0,178.8554491017964,340.52896459241765,4.634781869779832,0.0,0.0,7.307951649976007,384.8344693627548,-38.21131155199267,1405.7700000000002,0.0,196.8284271210309,0.0,298.6886,200.6414,0.0
C100,CCCCCCCCCCCCCCCCCCCCCCCCCCCCCCCCCCCCCCCCCCCCCCCCCCCCCCCCCCCCCCCCCCCCCCCCCCCCCCCCCCCCCCCCCCCCCCCCCCCC,1.3749489847974696,0.053261787258977594,11.82,3.0903874924714194,71.29646455628162,100.0,98.0,0.0,4.634883900184893,0,0,99.0,39.255999999999986,202,0,302,2111.1813279999997,4270.508360000003,6034.507960000002,1602.68,869.0618623608076,860.0403335014116,50032.80131789831,92600.05669707616,142159.53168419635,161.0284985098705,2.1264418227270627,-129.04390158326385,15058.191230040724,-100.7203519360299,-0.054805600631515045,-0.04026533923947413,-0.4502668360924761,365.6676698896347,1.2108200989723004,0.9871436102075691,2.5470937672591814,2.3010937672591933,3.0903874924714194,69.47368842498595,6947.368842498597,69.47368842498595,69.47368842498595,69.47368842498595,6947.368842498597,5500.274768987712,69.47368842498595,290.67152221412965,274.2745098039216,277.76,180.65400359281438,343.94425423834184,4.634883900184893,0.0,0.0,7.322332246666672,388.7805364123631,-38.58710361518361,1419.8600000000006,0.0,198.8284271209727,0.0,301.692186,202.64781399999998,0.0
C101,CCCCCCCCCCCCCCCCCCCCCCCCCCCCCCCCCCCCCCCCCCCCCCCCCCCCCCCCCCCCCCCCCCCCCCCCCCCCCCCCCCCCCCCCCCCCCCCCCCCCC,1.3749500000000001,0.05326177748821783,11.821782178217822,3.0908924187862508,72.00357133746817,101.0,100.0,0.0,4.634983900184893,0,0,100.0,39.646099999999976,204,0,305,2132.1587719999993,4313.237868000001,6097.39286,1618.6100000000004,878.0833912202039,869.0618623608078,50529.430978036806,93524.25889604197,143638.486839235,161.0370194773511,2.127385111529189,-130.37570545552268,15208.27943115326,-100.71381282113818,-0.054802042461691756,-0.0402627250738551,-0.4502376032064427,369.3123574846003,1.2108601884740993,0.9871436102075678,2.547091964992678,2.3010919649926755,3.0908924187862508,70.16858382695933,7087.026966522893,70.16858382695933,70.16858382695933,70.16858382695933,7087.026966522893,5610.83494666201,70.16858382695933,293.5593590677349,277.00000000000006,280.52,182.45255808383234,347.3595438842659,4.634983900184893,0.0,0.0,7.336570916459397,392.72666752790286,-38.962798797686006,1433.9500000000007,0.0,200.82842712091448,0.0,304.695772,204.654228,0.0
C102,CCCCCCCCCCCCCCCCCCCCCCCCCCCCCCCCCCCCCCCCCCCCCCCCCCCCCCCCCCCCCCCCCCCCCCCCCCCCCCCCCCCCCCCCCCCCCCCCCCCCCC,1.3749509851975297,0.05326176960433292,11.823529411764707,3.091387484290769,72.71067811865473,102.0,100.0,0.0,4.635081929789834,0,0,101.0,40.036199999999965,206,0,308,2153.1362159999994,4355.967376000001,6160.277760000002,1634.5400000000002,887.1049200795998,878.0833912202038,51026.0606381753,94448.4610950078,145117.44199427357,161.04537445195868,2.128310001686604,-131.7075392140327,15358.367568782294,-100.70740129771595,-0.054798553719004335,-0.04026016191599318,-0.4502089407135495,372.95704353795537,1.2108994920063485,0.9871436102075702,2.547090198278379,2.3010901982783722,3.091387484290769,70.86347768261699,7228.074723626934,70.86347768261699,70.86347768261699,70.86347768261699,7228.074723626934,5722.495225615492,70.86347768261699,296.44719592134015,279.72549019607845,283.28,184.2511125748503,350.77483353019016,4.635081929789834,0.0,0.0,7.350670433379337,396.67286104405537,-39.33839853277878,1448.0400000000006,0.0,202.82842712085628,0.0,307.69935799999996,206.660642,0.0
C103,CCCCCCCCCCCCCCCCCCCCCCCCCCCCCCCCCCCCCCCCCCCCCCCCCCCCCCCCCCCCCCCCCCCCCCCCCCCCCCCCCCCCCCCCCCCCCCCCCCCCCCC,1.3749519415609381,0.05326176324299009,11.825242718446601,3.0918729750535263,73.41778489984128,103.0,102.0,0.0,4.635178046667957,0,0,102.0,40.42629999999996,208,0,311,2174.1136599999995,4398.696884000002,6223.162660000002,1650.47,896.1264489389958,887.1049200795998,51522.6902983138,95372.66329397367,146596.3971493121,161.05356823734553,2.129217026292107,-133.03940199129457,15508.455644764974,-100.70111366749379,-0.05479513239104384,-0.040257648287298886,-0.45018083208101994,376.60172809431276,1.2109380324575973,0.9871436102075692,2.5470884974202788,2.301088497420263,3.0918729750535263,71.55837003699608,7370.512113810595,71.55837003699608,71.55837003699608,71.55837003699608,7370.512113810595,5835.255605847915,71.55837003699608,299.3350327749454,282.4509803921569,286.03999999999996,186.04966706586828,354.19012317611435,4.635178046667957,0.0,0.0,7.364633490910672,400.6191153539055,-39.71390421874503,1462.1300000000006,0.0,204.82842712079807,0.0,310.702944,208.667056,0.0
C104,CCCCCCCCCCCCCCCCCCCCCCCCCCCCCCCCCCCCCCCCCCCCCCCCCCCCCCCCCCCCCCCCCCCCCCCCCCCCCCCCCCCCCCCCCCCCCCCCCCCCCCCC,1.3749528702045433,0.053261758110118906,11.826923076923077,3.092349166183634,74.12489168102783,104.0,102.0,0.0,4.635272306258871,0,0,103.0,40.81639999999995,210,0,314,2195.0911039999996,4441.426392000003,6286.047560000003,1666.4000000000003,905.1479777983917,896.1264489389957,52019.319958452295,96296.86549293954,148075.35230435067,161.06160545358486,2.130106698040479,-134.37129295306096,15658.543660868227,-100.69494637378595,-0.05479177654261695,-0.04025518276600967,-0.4501532614085803,380.2464111965797,1.2109758318362411,0.9871436102075701,2.547086829250622,2.3010868292506266,3.092349166183634,72.25326093340125,7514.339137073729,72.25326093340125,72.25326093340125,72.25326093340125,7514.339137073729,5949.116087359031,72.25326093340125,302.2228696285506,285.17647058823536,288.8,187.84822155688622,357.6054128220385,4.635272306258871,0.0,0.0,7.3784627050845835,404.56542890637076,-40.08931722005681,1476.2200000000007,0.0,206.82842712073986,0.0,313.70653,210.67346999999998,0.0
C105,CCCCCCCCCCCCCCCCCCCCCCCCCCCCCCCCCCCCCCCCCCCCCCCCCCCCCCCCCCCCCCCCCCCCCCCCCCCCCCCCCCCCCCCCCCCCCCCCCCCCCCCCC,1.374953772189349,0.05326175396848136,11.82857142857143,3.0928163223506067,74.83199846221439,105.0,104.0,0.0,4.635364761880172,0,0,104.0,41.20649999999995,212,0,317,2216.068548,4484.155900000003,6348.93246,1682.3300000000004,914.1695066577876,905.1479777983917,52515.94961859079,97221.0676919054,149554.30745938933,161.06949054585755,2.130979510195152,-135.7032112967588,15808.631618792104,-100.68889599470978,-0.05478848431168761,-0.040252763984082326,-0.4501262133990308,383.8910928860398,1.2110129113124284,0.98714361020757,2.547085222332502,2.301085222332489,3.0928163223506067,72.9481504134877,7659.55579341621,72.9481504134877,72.9481504134877,72.9481504134877,7659.55579341621,6064.076670148603,72.9481504134877,305.1107064821559,287.90196078431376,291.56,189.64677604790418,361.0207024679627,4.635364761880172,0.0,0.0,7.392160617420634,408.5118002037656,-40.464638868508736,1490.3100000000004,0.0,208.82842712068165,0.0,316.71011599999997,212.679884,0.0
C106,CCCCCCCCCCCCCCCCCCCCCCCCCCCCCCCCCCCCCCCCCCCCCCCCCCCCCCCCCCCCCCCCCCCCCCCCCCCCCCCCCCCCCCCCCCCCCCCCCCCCCCCCCC,1.374954648526077,0.05326175062670726,11.830188679245284,3.093274698274904,75.53910524340094,106.0,104.0,0.0,4.635455464828018,0,0,105.0,41.59659999999994,214,0,320,2237.0459919999994,4526.885408000001,6411.817360000001,1698.2600000000002,923.1910355171838,914.1695066577878,53012.57927872929,98145.2698908712,151033.262614428,161.0772277926501,2.1318359375,-137.03515625,15958.719520172895,-100.68295923693859,-0.054785253906211306,-0.04025039062498883,-0.45009967332956674,387.53577320242806,1.2110492912575876,0.9871436102075711,2.547083645513582,2.3010836455135757,3.093274698274904,73.64303851733878,7806.162082837913,73.64303851733878,73.64303851733878,73.64303851733878,7806.162082837913,6180.13735421642,73.64303851733878,307.9985433357611,290.6274509803922,294.32000000000005,191.44533053892215,364.4359921138868,4.635455464828018,0.0,0.0,7.405729697729826,412.45822779949367,-40.839870464303196,1504.4000000000005,0.0,210.82842712062345,0.0,319.713702,214.686298,0.0
C107,CCCCCCCCCCCCCCCCCCCCCCCCCCCCCCCCCCCCCCCCCCCCCCCCCCCCCCCCCCCCCCCCCCCCCCCCCCCCCCCCCCCCCCCCCCCCCCCCCCCCCCCCCCC,1.3749555001779994,0.05326174793028637,11.83177570093458,3.0937245391910646,76.24621202458749,107.0,106.0,0.0,4.635544464472019,0,0,106.0,41.986699999999935,216,0,323,2258.0234359999995,4569.614916000001,6474.702260000001,1714.19,932.2125643765797,923.1910355171836,53509.20893886779,99069.47208983706,152512.21776946657,161.08482131349606,2.132676437040501,-138.36712706917538,16108.807366586114,-100.67713292967872,-0.054782083600889084,-0.04024806142105016,-0.4500736270252685,391.1804521840037,1.2110849912817452,0.9871436102075707,2.547082125742097,2.301082125742095,3.0937245391910646,74.3379252835396,7954.15800533874,74.3379252835396,74.3379252835396,74.3379252835396,7954.15800533874,6297.298139562277,74.3379252835396,310.8863801893663,293.35294117647067,297.08,193.24388502994012,367.85128175981106,4.635544464472019,0.0,0.0,7.419172346787095,416.40471029585984,-41.215013277089774,1518.4900000000007,0.0,212.82842712056524,0.0,322.717288,216.692712,0.0
C108,CCCCCCCCCCCCCCCCCCCCCCCCCCCCCCCCCCCCCCCCCCCCCCCCCCCCCCCCCCCCCCCCCCCCCCCCCCCCCCCCCCCCCCCCCCCCCCCCCCCCCCCCCCCC,1.3749563280635864,0.05326174575453704,11.833333333333334,3.0941660812852185,76.95331880577405,108.0,106.0,0.0,4.635631808344847,0,0,107.0,42.376799999999925,218,0,326,2279.0008799999996,4612.344424000003,6537.587160000003,1730.1200000000001,941.2340932359757,932.2125643765796,54005.83859900629,99993.67428880293,153991.17292450514,161.0922750762896,2.1335014490571855,-139.69912303812714,16258.895159549258,-100.67141401901931,-0.054778971733916895,-0.04024577515145868,-0.45004806083372273,394.825129867617,1.211120030268764,0.9871436102075697,2.5470806337245735,2.301080633724568,3.0941660812852185,75.03281074924595,8103.5435609185615,75.03281074924595,75.03281074924595,75.03281074924595,8103.5435609185615,6415.55902618597,75.03281074924595,313.7742170429716,296.07843137254906,299.84,195.04243952095808,371.26657140573525,4.635631808344847,0.0,0.0,7.4324908988804435,420.35124634199485,-41.59006854696089,1532.5800000000004,0.0,214.82842712050703,0.0,325.720874,218.69912599999998,0.0
C109,CCCCCCCCCCCCCCCCCCCCCCCCCCCCCCCCCCCCCCCCCCCCCCCCCCCCCCCCCCCCCCCCCCCCCCCCCCCCCCCCCCCCCCCCCCCCCCCCCCCCCCCCCCCCC,1.374957133058985,0.053261743999005066,11.8348623853211,3.0945995521085896,77.6604255869606,109.0,108.0,0.0,4.635717542226877,0,0,108.0,42.76689999999992,220,0,329,2299.9783239999997,4655.073932000003,6600.472060000003,1746.0500000000004,950.2556220953717,941.2340932359758,54502.46825914479,100917.87648776878,155470.12807954368,161.0995929041994,2.1343113977143857,-141.03114346689333,16408.982900524497,-100.66579956262517,-0.0547759167043553,-0.04024353063994024,-0.45002296160138316,398.46980628877475,1.2111544264096497,0.9871436102075706,2.5470791949096148,2.301079194909626,3.0945995521085896,75.72769495025034,8254.318749577284,75.72769495025034,75.72769495025034,75.72769495025034,8254.318749577284,6534.920014087311,75.72769495025034,316.6620538965768,298.8039215686275,302.6,196.84099401197605,374.6818610516593,4.635717542226877,0.0,0.0,7.4456876242434955,424.2978346318848,-41.96503748540639,1546.6700000000005,0.0,216.82842712044882,0.0,328.72445999999997,220.70553999999998,0.0
C110,CCCCCCCCCCCCCCCCCCCCCCCCCCCCCCCCCCCCCCCCCCCCCCCCCCCCCCCCCCCCCCCCCCCCCCCCCCCCCCCCCCCCCCCCCCCCCCCCCCCCCCCCCCCCCC,1.3749579160003367,0.053261742582496115,11.836363636363636,3.0950251709685355,78.36753236814715,110.0,108.0,0.0,4.635801710226204,0,0,109.0,43.15699999999991,222,0,332,2320.955768,4697.803440000003,6663.356960000002,1761.9800000000002,959.2771509547676,950.2556220953717,54999.09791928328,101842.07868673463,156949.0832345823,161.1067784822072,2.135106691827587,-142.36318769052107,16559.07059092114,-100.6602867246531,-0.05477291696904708,-0.040241326752762326,-0.4499983166506269,402.1144814817002,1.2111881972340366,0.9871436102075709,2.5470777817207173,2.3010777817207293,3.0950251709685355,76.4225779210436,8406.483571314795,76.4225779210436,76.4225779210436,76.4225779210436,8406.483571314795,6655.381103266107,76.4225779210436,319.54989075018204,301.52941176470597,305.36,198.63954850299402,378.0971506975836,4.635801710226204,0.0,0.0,7.45876473137782,428.2444739025016,-42.33992127622857,1560.7600000000007,0.0,218.82842712039061,0.0,331.728046,222.711954,0.0
C111,CCCCCCCCCCCCCCCCCCCCCCCCCCCCCCCCCCCCCCCCCCCCCCCCCCCCCCCCCCCCCCCCCCCCCCCCCCCCCCCCCCCCCCCCCCCCCCCCCCCCCCCCCCCCCCC,1.3749586776859504,0.053261741439539365,11.837837837837839,3.095443149298529,79.0746391493337,111.0,110.0,0.0,4.635884354854303,0,0,110.0,43.54709999999991,224,0,335,2341.933212,4740.532948000004,6726.24186,1777.91,968.2986798141636,959.2771509547675,55495.72757942178,102766.2808857005,158428.0383896209,161.1138353632955,2.1358877255513335,-143.69525506794372,16709.15823209801,-100.65487277100499,-0.05476997104030766,-0.040239162396936784,-0.4499741137588336,405.7591554793905,1.2112213596399715,0.9871436102075699,2.547076418212217,2.30107641821221,3.095443149298529,77.11745969487396,8560.03802613101,77.11745969487396,77.11745969487396,77.11745969487396,8560.03802613101,6776.942293722199,77.11745969487396,322.4377276037873,304.25490196078437,308.12,200.43810299401198,381.51244034350776,4.635884354854303,0.0,0.0,7.471724369270941,432.19116293202603,-42.71472107642017,1574.8500000000004,0.0,220.8284271203324,0.0,334.731632,224.718368,0.0
C112,CCCCCCCCCCCCCCCCCCCCCCCCCCCCCCCCCCCCCCCCCCCCCCCCCCCCCCCCCCCCCCCCCCCCCCCCCCCCCCCCCCCCCCCCCCCCCCCCCCCCCCCCCCCCCCCC,1.3749594188783378,0.05326174051730709,11.839285714285714,3.095853691008398,79.78174593052026,112.0,110.0,0.0,4.6359655170976275,0,0,111.0,43.9371999999999,226,0,338,2362.9106559999996,4783.262456,6789.126760000002,1793.8400000000004,977.3202086735598,968.2986798141637,55992.35723956028,103690.48308466631,159906.99354465958,161.12076697430524,2.1366548790308446,-145.02734498091803,16859.245825365695,-100.64955506478846,-0.05476707748323956,-0.04023703651829535,-0.4499503411378374,409.40382831367145,1.2112539299221048,0.9871436102075697,2.5470750783958485,2.3010750783958422,3.095853691008398,77.81234030380199,8714.982114025821,77.81234030380199,77.81234030380199,77.81234030380199,8714.982114025821,6899.60358545541,77.81234030380199,325.32556445739255,306.9803921568628,310.88000000000005,202.23665748502992,384.9277299894319,4.6359655170976275,0.0,0.0,7.484568629515633,436.1379005381591,-43.089438017006664,1588.9400000000005,0.0,222.8284271202742,0.0,337.735218,226.724782,0.0
C113,CCCCCCCCCCCCCCCCCCCCCCCCCCCCCCCCCCCCCCCCCCCCCCCCCCCCCCCCCCCCCCCCCCCCCCCCCCCCCCCCCCCCCCCCCCCCCCCCCCCCCCCCCCCCCCCCC,1.3749601403061225,0.05326173977317374,11.84070796460177,3.0962569928160137,80.48885271170681,113.0,112.0,0.0,4.636045236485383,0,0,112.0,44.32729999999989,228,0,341,2383.8880999999997,4825.991964000002,6852.011660000002,1809.7700000000004,986.3417375329558,977.3202086735597,56488.98689969877,104614.68528363215,161385.9486996981,161.12757662148493,2.1374085190186043,-146.35945683301662,17009.333371988658,-100.64433106203785,-0.05476423491365594,-0.04023494809984729,-0.4499269874148979,413.04850001524903,1.2112859237983842,0.9871436102075706,2.547073785028173,2.301073785028169,3.0962569928160137,78.5072197787536,8871.315834999157,78.5072197787536,78.5072197787536,78.5072197787536,8871.315834999157,7023.364978465587,78.5072197787536,328.21340131099777,309.7058823529413,313.64,204.0352119760479,388.3430196353561,4.636045236485383,0.0,0.0,7.497299548335711,440.0846855765169,-43.464073203855,1603.0300000000002,0.0,224.828427120216,0.0,340.73880399999996,228.73119599999998,0.0
C114,CCCCCCCCCCCCCCCCCCCCCCCCCCCCCCCCCCCCCCCCCCCCCCCCCCCCCCCCCCCCCCCCCCCCCCCCCCCCCCCCCCCCCCCCCCCCCCCCCCCCCCCCCCCCCCCCCC,1.3749608426658313,0.05326173917274534,11.842105263157896,3.0966532445616064,81.19595949289337,114.0,112.0,0.0,4.6361235511537195,0,0,113.0,44.717399999999884,230,0,344,2404.8655439999993,4868.721472000002,6914.896560000003,1825.7000000000003,995.3632663923516,986.3417375329557,56985.616559837275,105538.88748259802,162864.90385473665,161.1342674957487,2.1381489994592098,-147.6915900486749,17159.420873187264,-100.63919830765516,-0.05476144199564745,-0.040232896160069184,-0.4499040416146609,416.6931706137576,1.2113173564353419,0.9871436102075707,2.5470725135922394,2.301072513592238,3.0966532445616064,79.20209814956954,9029.03918905092,79.20209814956954,79.20209814956954,79.20209814956954,9029.03918905092,7148.226472752579,79.20209814956954,331.10123816460305,312.43137254901967,316.40000000000003,205.83376646706586,391.7583092812802,4.6361235511537195,0.0,0.0,7.509919108523217,444.0315169391034,-43.83862771845018,1617.1200000000003,0.0,226.82842712015778,0.0,343.74239,230.73761,0.0
C115,CCCCCCCCCCCCCCCCCCCCCCCCCCCCCCCCCCCCCCCCCCCCCCCCCCCCCCCCCCCCCCCCCCCCCCCCCCCCCCCCCCCCCCCCCCCCCCCCCCCCCCCCCCCCCCCCCCC,1.3749615266235764,0.05326173868826987,11.843478260869565,3.097042629505729,81.90306627407992,115.0,114.0,0.0,4.636200497906567,0,0,114.0,45.107499999999874,232,0,347,2425.8429879999994,4911.450980000002,6977.781460000002,1841.6300000000003,1004.3847952517476,995.3632663923516,57482.24621997577,106463.08968156388,164343.85900977527,161.14084267766208,2.1388766620435407,-149.023744072287,17309.508330139655,-100.63415443158233,-0.054758697439532406,-0.04023087975147678,-0.44988149314186343,420.33784013780735,1.2113482424720672,0.9871436102075705,2.547071285635223,2.3010712856352336,3.097042629505729,79.89697544505255,9188.152176181044,79.89697544505255,79.89697544505255,79.89697544505255,9188.152176181044,7274.188068316238,79.89697544505255,333.98907501820827,315.1568627450981,319.16,207.63232095808382,395.17359892720447,4.636200497906567,0.0,0.0,7.522429241291642,447.9783935528572,-44.213102618641194,1631.2100000000005,0.0,228.82842712009958,0.0,346.745976,232.744024,0.0
C116,CCCCCCCCCCCCCCCCCCCCCCCCCCCCCCCCCCCCCCCCCCCCCCCCCCCCCCCCCCCCCCCCCCCCCCCCCCCCCCCCCCCCCCCCCCCCCCCCCCCCCCCCCCCCCCCCCCCC,1.3749621928166351,0.053261738297355095,11.844827586206897,3.0974253246118715,82.61017305526647,116.0,114.0,0.0,4.636276112273297,0,0,115.0,45.49759999999987,234,0,350,2446.8204319999995,4954.180488000004,7040.666360000002,1857.5600000000004,1013.4063241111435,1004.3847952517475,57978.87588011427,107387.29188052974,165822.81416481387,161.14730514217126,2.139591836734716,-150.35591836734682,17459.595743983602,-100.62919714512796,-0.0547559999999814,-0.04022889795914071,-0.44985933176485327,423.98250861502714,1.2113785960429346,0.9871436102075706,2.547070078005062,2.301070078005062,3.0974253246118715,80.59185169301237,9348.654796389434,80.59185169301237,80.59185169301237,80.59185169301237,9348.654796389434,7401.2497651564245,80.59185169301237,336.87691187181355,317.8823529411765,321.92,209.4308754491018,398.58888857312866,4.636276112273297,0.0,0.0,7.534831828049472,451.9253143782681,-44.58749893935809,1645.3000000000002,0.0,230.82842712004137,0.0,349.74956199999997,234.750438,0.0
C117,CCCCCCCCCCCCCCCCCCCCCCCCCCCCCCCCCCCCCCCCCCCCCCCCCCCCCCCCCCCCCCCCCCCCCCCCCCCCCCCCCCCCCCCCCCCCCCCCCCCCCCCCCCCCCCCCCCCCC,1.3749628418549347,0.053261737981932636,11.846153846153847,3.097801500814617,83.31727983645303,117.0,116.0,0.0,4.636350428563428,0,0,116.0,45.88769999999986,236,0,353,2467.7978759999996,4996.909996000001,7103.551260000001,1873.4900000000005,1022.4278529705399,1013.4063241111437,58475.50554025278,108311.49407949556,167301.76931985258,161.15365776309102,2.1402948422665893,-151.68811241563614,17609.683115818178,-100.62432423750477,-0.054753348474016646,-0.04022694989924274,-0.44983754760051897,427.6271760721065,1.2114084307991686,0.9871436102075707,2.5470689111207188,2.301068911120716,3.097801500814617,81.28672692030804,9510.547049676039,81.28672692030804,81.28672692030804,81.28672692030804,9510.547049676039,7529.411563273017,81.28672692030804,339.76474872541877,320.607843137255,324.68000000000006,211.22942994011976,402.00417821905273,4.636350428563428,0.0,0.0,7.547128702098167,455.8722784080596,-44.961817693301064,1659.3900000000003,0.0,232.82842711998316,0.0,352.753148,236.75685199999998,0.0
C118,CCCCCCCCCCCCCCCCCCCCCCCCCCCCCCCCCCCCCCCCCCCCCCCCCCCCCCCCCCCCCCCCCCCCCCCCCCCCCCCCCCCCCCCCCCCCCCCCCCCCCCCCCCCCCCCCCCCCCC,1.3749634743224486,0.05326173772742366,11.847457627118644,3.0981713232742263,84.02438661763958,118.0,116.0,0.0,4.63642347991853,0,0,117.0,46.27779999999985,238,0,356,2488.7753199999997,5039.6395040000025,7166.436160000003,1889.4200000000003,1031.449381829936,1022.4278529705398,58972.13520039127,109235.6962784614,168780.7244748911,161.1599033173661,2.1409859866178413,-153.02032571644997,17759.77044670542,-100.61953357256094,-0.05475074169925909,-0.040225034717819866,-0.4498161310992104,431.27184253483586,1.2114377599293142,0.98714361020757,2.5470677630978367,2.301067763097837,3.0981713232742263,81.98160115288785,9673.828936040769,81.98160115288785,81.98160115288785,81.98160115288785,9673.828936040769,7658.673462665867,81.98160115288785,342.65258557902405,323.33333333333337,327.44000000000005,213.02798443113772,405.419467864977,4.63642347991853,0.0,0.0,7.5593216502583935,459.81928466593286,-45.33605987160333,1673.4800000000005,0.0,234.82842711992495,0.0,355.756734,238.763266,0.0
C119,CCCCCCCCCCCCCCCCCCCCCCCCCCCCCCCCCCCCCCCCCCCCCCCCCCCCCCCCCCCCCCCCCCCCCCCCCCCCCCCCCCCCCCCCCCCCCCCCCCCCCCCCCCCCCCCCCCCCCCC,1.374964090778512,0.05326173752206449,11.84873949579832,3.0985349516184266,84.73149339882613,119.0,118.0,0.0,4.636495298361506,0,0,118.0,46.66789999999985,240,0,359,2509.752764,5082.369012000003,7229.321060000003,1905.3500000000001,1040.4709106893324,1031.4493818299363,59468.76486052976,110159.89847742727,170259.67962992965,161.1660444891184,2.1416655674615197,-154.35255778586443,17909.857737671864,-100.61482308562988,-0.054748178552249366,-0.040223151589404926,-0.4497950730309548,434.91650802814286,1.2114665961786708,0.9871436102075714,2.5470666533019024,2.301066653301909,3.0985349516184266,82.67647441582812,9838.50045548355,82.67647441582812,82.67647441582812,82.67647441582812,9838.50045548355,7789.035463334863,82.67647441582812,345.54042243262927,326.0588235294118,330.20000000000005,214.8265389221557,408.83475751090117,4.636495298361506,0.0,0.0,7.571412414428105,463.76633220537053,-45.71022644446868,1687.5700000000002,0.0,236.82842711986675,0.0,358.76032,240.76968,0.0
C120,CCCCCCCCCCCCCCCCCCCCCCCCCCCCCCCCCCCCCCCCCCCCCCCCCCCCCCCCCCCCCCCCCCCCCCCCCCCCCCCCCCCCCCCCCCCCCCCCCCCCCCCCCCCCCCCCCCCCCCCC,1.3749646917590566,0.05326173735636402,11.85,3.09889254017214,85.43860018001268,120.0,118.0,0.0,4.636565914843393,0,0,119.0,47.057999999999836,242,0,362,2530.7302079999995,5125.098520000003,7292.205960000003,1921.2800000000004,1049.4924395487285,1040.4709106893326,59965.39452066826,111084.10067639312,171738.63478496825,161.17208387349365,2.1423338725924292,-155.6848081560392,18059.94498971002,-100.6101907806167,-0.054745657946924334,-0.04022129971609554,-0.44977436447224917,438.56117257612925,1.2114949518677605,0.9871436102075701,2.547065561027587,2.3010655610275785,3.09889254017214,83.37134673336963,10004.561608004355,83.37134673336963,83.37134673336963,83.37134673336963,10004.561608004355,7920.497565279908,83.37134673336963,348.4282592862345,328.7843137254903,332.96000000000004,216.62509341317363,412.2500471568253,4.636565914843393,0.0,0.0,7.583402693075896,467.7134201084948,-46.08431836178503,1701.6600000000003,0.0,238.82842711980854,0.0,361.76390599999996,242.776094,0.0
C121,CCCCCCCCCCCCCCCCCCCCCCCCCCCCCCCCCCCCCCCCCCCCCCCCCCCCCCCCCCCCCCCCCCCCCCCCCCCCCCCCCCCCCCCCCCCCCCCCCCCCCCCCCCCCCCCCCCCCCCCCC,1.3749652777777777,0.053261737222663134,11.851239669421487,3.099244238175878,86.14570696119924,121.0,120.0,0.0,4.636635359287838,0,0,120.0,47.44809999999983,244,0,365,2551.7076519999996,5167.8280280000035,7355.090860000001,1937.2100000000005,1058.5139684081244,1049.4924395487285,60462.02418080675,112008.30287535898,173217.58994000684,161.1780239803175,2.1429911803340476,-157.01707637455436,18210.032203779752,-100.60563472709737,-0.05474317883276661,-0.04021947832606472,-0.4497539967931476,442.2058362021045,1.2115228389098753,0.9871436102075694,2.5470645046555314,2.3010645046555114,3.099244238175878,84.0662181289511,10172.01239360308,84.0662181289511,84.0662181289511,84.0662181289511,10172.01239360308,8053.0597685008515,84.0662181289511,351.3160961398397,331.50980392156873,335.72,218.4236479041916,415.6653368027495,4.636635359287838,0.0,0.0,7.595294142672795,471.66054748497965,-46.45833655371513,1715.7500000000005,0.0,240.82842711975033,0.0,364.767492,244.78250799999998,0.0
C122,CCCCCCCCCCCCCCCCCCCCCCCCCCCCCCCCCCCCCCCCCCCCCCCCCCCCCCCCCCCCCCCCCCCCCCCCCCCCCCCCCCCCCCCCCCCCCCCCCCCCCCCCCCCCCCCCCCCCCCCCCC,1.3749658493272316,0.05326173711478195,11.852459016393443,3.099590189993417,86.85281374238579,122.0,120.0,0.0,4.6367036606333745,0,0,121.0,47.83819999999982,246,0,368,2572.6850959999992,5210.557536,7417.975760000001,1953.1400000000003,1067.5354972675198,1058.5139684081237,60958.65384094526,112932.5050743248,174696.54509504559,161.1838672375736,2.143637759924399,-158.34936200378073,18360.11938080965,-100.60115305771401,-0.054740740193739194,-0.040217686672948325,-0.44973396164582385,445.8504989286175,1.211550268827765,0.9871436102075704,2.5470634645782435,2.301063464578244,3.099590189993417,84.76108862524329,10340.852812279682,84.76108862524329,84.76108862524329,84.76108862524329,10340.852812279682,8186.72207299761,84.76108862524329,354.20393299344494,334.2352941176472,338.48,220.22220239520956,419.0806264486736,4.6367036606333745,0.0,0.0,7.607088379065557,475.60771347101104,-46.83228193126519,1729.8400000000006,0.0,242.82842711969212,0.0,367.771078,246.78892199999999,0.0
C123,CCCCCCCCCCCCCCCCCCCCCCCCCCCCCCCCCCCCCCCCCCCCCCCCCCCCCCCCCCCCCCCCCCCCCCCCCCCCCCCCCCCCCCCCCCCCCCCCCCCCCCCCCCCCCCCCCCCCCCCCCCC,1.374966406879871,0.0532617370277346,11.853658536585366,3.0999305353093733,87.55992052357234,123.0,122.0,0.0,4.636770846873632,0,0,122.0,48.22829999999982,248,0,371,2593.6625399999994,5253.2870440000015,7480.860660000002,1969.0700000000004,1076.557026126916,1067.5354972675202,61455.28350108375,113856.70727329065,176175.5002500841,161.18961599471234,2.1442738718841117,-159.68166462028032,18510.206521698245,-100.59674396557466,-0.054738341046581034,-0.040215924034205805,-0.44971425095249895,449.4951607774882,1.21157725276951,0.9871436102075696,2.547062458254909,2.3010624582549046,3.0999305353093733,85.4559582441797,10511.082864034102,85.4559582441797,85.4559582441797,85.4559582441797,10511.082864034102,8321.484478770075,85.4559582441797,357.0917698470503,336.9607843137255,341.24,222.02075688622753,422.4959160945979,4.636770846873632,0.0,0.0,7.618786978794262,479.5549172282951,-47.20615538683284,1743.9300000000003,0.0,244.82842711963391,0.0,370.774664,248.795336,0.0
C124,CCCCCCCCCCCCCCCCCCCCCCCCCCCCCCCCCCCCCCCCCCCCCCCCCCCCCCCCCCCCCCCCCCCCCCCCCCCCCCCCCCCCCCCCCCCCCCCCCCCCCCCCCCCCCCCCCCCCCCCCCCCC,1.374966950889021,0.05326173695749758,11.85483870967742,3.1002654093172746,88.2670273047589,124.0,122.0,0.0,4.63683694509559,0,0,123.0,48.61839999999981,250,0,374,2614.6399839999995,5296.016552000003,7543.745560000003,1985.0000000000002,1085.5785549863124,1076.5570261269163,61951.91316122224,114780.90947225652,177654.45540512266,161.1952725258007,2.144899768366269,-161.01398381423544,18660.29362731525,-100.59240570184899,-0.054735980439764305,-0.040214189710834666,-0.4496948568951444,453.1398217698364,1.2116038015236266,0.9871436102075694,2.5470614671015395,2.3010614671015333,3.1002654093172746,86.15082700698629,10682.702548866298,86.15082700698629,86.15082700698629,86.15082700698629,10682.702548866298,8457.346985818156,86.15082700698629,359.9796067006555,339.686274509804,344.0,223.8193113772455,425.91120574052206,4.63683694509559,0.0,0.0,7.630391480356938,483.50215794311134,-47.57995779473482,1758.020000000001,0.0,246.8284271195757,0.0,373.77824999999996,250.80175,0.0
C125,CCCCCCCCCCCCCCCCCCCCCCCCCCCCCCCCCCCCCCCCCCCCCCCCCCCCCCCCCCCCCCCCCCCCCCCCCCCCCCCCCCCCCCCCCCCCCCCCCCCCCCCCCCCCCCCCCCCCCCCCCCCCC,1.3749674817898023,0.053261736900824606,11.856,3.1005949428986077,88.97413408594545,125.0,124.0,0.0,4.636901981515985,0,0,124.0,49.0084999999998,252,0,377,2635.6174279999996,5338.746060000003,7606.630460000002,2000.9300000000005,1094.6000838457085,1085.5785549863128,62448.54282136075,115705.11167122237,179133.41056016122,161.20083903252163,2.1455156934897106,-162.34631918890588,18810.38069850269,-100.58813657343268,-0.05473365745198099,-0.04021248302595199,-0.44967577190475677,456.78448192610955,1.211629925533447,0.9871436102075691,2.547060507714197,2.3010605077141872,3.1005949428986077,86.84569493420955,10855.711866776188,86.84569493420955,86.84569493420955,86.84569493420955,10855.711866776188,8594.30959414174,86.84569493420955,362.8674435542607,342.41176470588243,346.76000000000005,225.61786586826344,429.32649538644614,4.636901981515985,0.0,0.0,7.641903385423713,487.4494348254074,-47.953690011715835,1772.1100000000001,0.0,248.8284271195175,0.0,376.781836,252.80816399999998,0.0
C126,CCCCCCCCCCCCCCCCCCCCCCCCCCCCCCCCCCCCCCCCCCCCCCCCCCCCCCCCCCCCCCCCCCCCCCCCCCCCCCCCCCCCCCCCCCCCCCCCCCCCCCCCCCCCCCCCCCCCCCCCCCCCCC,1.374968,0.05326173685509619,11.857142857142858,3.100919262793366,89.681240867132,126.0,124.0,0.0,4.636965981515985,0,0,125.0,49.398599999999796,254,0,380,2656.5948719999997,5381.4755680000035,7669.515360000002,2016.8600000000006,1103.6216127051043,1094.6000838457085,62945.17248149925,116629.31387018823,180612.36571519982,161.20631764703117,2.146121883656509,-163.67867036011094,18960.467736076003,-100.58393494076073,-0.05473137119109003,-0.040210803324058325,-0.44965698865179043,460.42914126610947,1.2116556349108143,0.9871436102075681,2.547059562464145,2.301059562464146,3.100919262793366,87.54056204574412,11030.110817763758,87.54056204574412,87.54056204574412,87.54056204574412,11030.110817763758,8732.37230374075,87.54056204574412,365.75528040786594,345.1372549019609,349.52000000000004,227.4164203592814,432.7417850323704,4.636965981515985,0.0,0.0,7.653324160002947,491.3967471079334,-48.32735287743905,1786.2000000000007,0.0,250.8284271194593,0.0,379.785422,254.81457799999998,0.0
C127,CCCCCCCCCCCCCCCCCCCCCCCCCCCCCCCCCCCCCCCCCCCCCCCCCCCCCCCCCCCCCCCCCCCCCCCCCCCCCCCCCCCCCCCCCCCCCCCCCCCCCCCCCCCCCCCCCCCCCCCCCCCCCCC,1.374968505920887,0.05326173681819873,11.858267716535433,3.1012384917625915,90.38834764831856,127.0,126.0,0.0,4.637028969674212,0,0,126.0,49.788699999999785,256,0,383,2677.572316,5424.205076000004,7732.40026,2032.7900000000002,1112.6431415645002,1103.6216127051046,63441.80214163774,117553.5160691541,182091.3208702384,161.21171043468158,2.146718567854471,-165.01103695573627,19110.554740825082,-100.57979921571106,-0.054729120792907274,-0.04020914997028702,-0.4496385000365724,464.0737998090176,1.2116809394491321,0.98714361020757,2.547058647138346,2.3010586471383423,3.1012384917625915,88.23542836085774,11205.89940182893,88.23542836085774,88.23542836085774,88.23542836085774,11205.89940182893,8871.535114615093,88.23542836085774,368.6431172614712,347.8627450980393,352.28000000000003,229.21497485029937,436.1570746782946,4.637028969674212,0.0,0.0,7.664655235561527,495.34409404541583,-48.70094721495903,1800.29,0.0,252.82842711940108,0.0,382.78900799999997,256.820992,0.0
C128,CCCCCCCCCCCCCCCCCCCCCCCCCCCCCCCCCCCCCCCCCCCCCCCCCCCCCCCCCCCCCCCCCCCCCCCCCCCCCCCCCCCCCCCCCCCCCCCCCCCCCCCCCCCCCCCCCCCCCCCCCCCCCCCC,1.374968999938,0.05326173678842679,11.859375,3.101552748743306,91.09545442950511,128.0,126.0,0.0,4.637090969798212,0,0,127.0,50.17879999999978,258,0,386,2698.5497599999994,5466.934584000002,7795.285160000003,2048.7200000000003,1121.664670423896,1112.6431415644997,63938.43180177624,118477.7182681199,183570.2760252771,161.21701939661716,2.147305967945412,-166.3434186152648,19260.641713515255,-100.575727859601,-0.05472690542025587,-0.040207522349576835,-0.44962029918043883,467.7184575734186,1.2117058486357994,0.9871436102075701,2.54705774500061,2.3010577450006067,3.101552748743306,88.93029389821608,11383.07761897166,88.93029389821608,88.93029389821608,88.93029389821608,11383.07761897166,9011.79802676468,88.93029389821608,371.53095411507644,350.58823529411774,355.0400000000001,231.01352934131734,439.5723643242187,4.637090969798212,0.0,0.0,7.675898010101553,499.2914749137659,-49.07447383117816,1814.3800000000006,0.0,254.82842711934288,0.0,385.792594,258.827406,0.0
C129,CCCCCCCCCCCCCCCCCCCCCCCCCCCCCCCCCCCCCCCCCCCCCCCCCCCCCCCCCCCCCCCCCCCCCCCCCCCCCCCCCCCCCCCCCCCCCCCCCCCCCCCCCCCCCCCCCCCCCCCCCCCCCCCCC,1.374969482421875,0.053261736764404065,11.86046511627907,3.101862148996242,91.80256121069166,129.0,128.0,0.0,4.637152004954462,0,0,128.0,50.56889999999977,260,0,389,2719.527204,5509.664092000003,7858.170060000002,2064.6500000000005,1130.6861992832924,1121.6646704238963,64435.06146191474,119401.92046708574,185049.23118031566,161.22224647225042,2.147884298940721,-167.67581498932734,19410.728654888248,-100.57171938126038,-0.05472472426162944,-0.04020591986567358,-0.44960237941720343,471.3631145773245,1.2117303716640733,0.9871436102075704,2.547056871078653,2.3010568710786465,3.101862148996242,89.62515867590633,11561.645469191923,89.62515867590633,89.62515867590633,89.62515867590633,11561.645469191923,9153.161040189441,89.62515867590633,374.4187909686817,353.31372549019613,357.80000000000007,232.8120838323353,442.9876539701429,4.637152004954462,0.0,0.0,7.687053849195368,503.2388890093236,-49.44793351728688,1828.4700000000003,0.0,256.82842711928464,0.0,388.79618,260.83382,0.0
C130,CCCCCCCCCCCCCCCCCCCCCCCCCCCCCCCCCCCCCCCCCCCCCCCCCCCCCCCCCCCCCCCCCCCCCCCCCCCCCCCCCCCCCCCCCCCCCCCCCCCCCCCCCCCCCCCCCCCCCCCCCCCCCCCCCC,1.3749699537287423,0.05326173674502091,11.861538461538462,3.102166804246817,92.50966799187822,130.0,128.0,0.0,4.6372120974969775,0,0,129.0,50.95899999999976,262,0,392,2740.5046479999996,5552.393600000003,7921.054960000003,2080.5800000000004,1139.7077281426884,1130.6861992832926,64931.69112205324,120326.12266605161,186528.18633535423,161.227393541624,2.148453769262811,-169.00822573927533,19560.81556566307,-100.56777233523322,-0.05472257653056527,-0.040204341940829856,-0.44958473428504936,475.0077708381958,1.2117545174443771,0.9871436102075698,2.5470560094711256,2.3010560094711314,3.102166804246817,90.32002271145889,11741.602952489658,90.32002271145889,90.32002271145889,90.32002271145889,11741.602952489658,9295.62415488929,90.32002271145889,377.30662782228694,356.0392156862746,360.56000000000006,234.61063832335327,446.40294361606703,4.6372120974969775,0.0,0.0,7.698124086980895,507.1863356481322,-49.82132704918876,1842.5600000000004,0.0,258.82842711922643,0.0,391.799766,262.840234,0.0
C131,CCCCCCCCCCCCCCCCCCCCCCCCCCCCCCCCCCCCCCCCCCCCCCCCCCCCCCCCCCCCCCCCCCCCCCCCCCCCCCCCCCCCCCCCCCCCCCCCCCCCCCCCCCCCCCCCCCCCCCCCCCCCCCCCCCC,1.3749704142011834,0.05326173672938074,11.86259541984733,3.102466822819629,93.21677477306477,131.0,130.0,0.0,4.637271269094611,0,0,130.0,51.34909999999976,264,0,395,2761.4820919999997,5595.123108000003,7983.939860000003,2096.5100000000007,1148.7292570020845,1139.7077281426887,65428.32078219174,121250.32486501748,188007.1414903928,161.23246242766533,2.14901458099665,-170.340650536773,19710.902446536904,-100.56388532004516,-0.05472046146446194,-0.04020278801470375,-0.4495673575186006,478.652426372962,1.2117782946150937,0.9871436102075692,2.5470551744927117,2.3010551744927152,3.102466822819629,91.0148860218689,11922.950068864826,91.0148860218689,91.0148860218689,91.0148860218689,11922.950068864826,9439.187370864158,91.0148860218689,380.19446467589216,358.76470588235304,363.32000000000005,236.40919281437124,449.8182332619913,4.637271269094611,0.0,0.0,7.709110027119083,511.13381416524584,-50.19465518791081,1856.65,0.0,260.8284271191682,0.0,394.80335199999996,264.846648,0.0
C132,CCCCCCCCCCCCCCCCCCCCCCCCCCCCCCCCCCCCCCCCCCCCCCCCCCCCCCCCCCCCCCCCCCCCCCCCCCCCCCCCCCCCCCCCCCCCCCCCCCCCCCCCCCCCCCCCCCCCCCCCCCCCCCCCCCCC,1.3749708641687548,0.05326173671676101,11.863636363636363,3.1027623097668853,93.92388155425132,132.0,130.0,0.0,4.637329540757101,0,0,131.0,51.73919999999975,266,0,398,2782.459536,5637.852616000004,8046.824760000002,2112.4400000000005,1157.7507858614804,1148.7292570020845,65924.95044233023,122174.52706398333,189486.09664543142,161.23745489833917,2.1495669301280653,-171.6730890634076,19860.989298185894,-100.56005697650119,-0.054718378323755354,-0.0402012575439507,-0.44955024304171043,482.29708119804286,1.2118017115528714,0.9871436102075698,2.5470543510237613,2.3010543510237476,3.1027623097668853,91.70974862361659,12105.68681831739,91.70974862361659,91.70974862361659,91.70974862361659,12105.68681831739,9583.85068811397,91.70974862361659,383.0823015294974,361.4901960784315,366.08000000000004,238.2077473053892,453.23352290791547,4.637329540757101,0.0,0.0,7.720012943715157,515.0813239140653,-50.567918679999764,1870.7400000000007,0.0,262.82842711911,0.0,397.806938,266.85306199999997,0.0
C133,CCCCCCCCCCCCCCCCCCCCCCCCCCCCCCCCCCCCCCCCCCCCCCCCCCCCCCCCCCCCCCCCCCCCCCCCCCCCCCCCCCCCCCCCCCCCCCCCCCCCCCCCCCCCCCCCCCCCCCCCCCCCCCCCCCCCC,1.3749713039485767,0.05326173670657841,11.864661654135338,3.103053366991055,94.63098833543788,133.0,132.0,0.0,4.637386932859948,0,0,132.0,52.129299999999745,268,0,401,2803.4369799999995,5680.582124000001,8109.70966,2128.370000000001,1166.7723147208758,1157.7507858614797,66421.58010246874,123098.72926294914,190965.0518004701,161.2423726687037,2.150111006772364,-173.00554101031705,20011.076121265964,-100.55628598614366,-0.054716326390973555,-0.04019975000151757,-0.4495333849602509,485.9417353293665,1.2118247763824601,0.9871436102075707,2.5470535527086655,2.301053552708668,3.103053366991055,92.40461053268663,12289.813200847322,92.40461053268663,92.40461053268663,92.40461053268663,12289.813200847322,9729.614106638652,92.40461053268663,385.9701383831026,364.21568627450995,368.8400000000001,240.00630179640717,456.64881255383955,4.637386932859948,0.0,0.0,7.730834082205339,519.0288642657015,-50.941118257904925,1884.8300000000008,0.0,264.8284271190518,0.0,400.810524,268.859476,0.0
C134,CCCCCCCCCCCCCCCCCCCCCCCCCCCCCCCCCCCCCCCCCCCCCCCCCCCCCCCCCCCCCCCCCCCCCCCCCCCCCCCCCCCCCCCCCCCCCCCCCCCCCCCCCCCCCCCCCCCCCCCCCCCCCCCCCCCCCC,1.3749717338458929,0.05326173669836208,11.865671641791044,3.103340093362019,95.33809511662443,134.0,132.0,0.0,4.637443465168162,0,0,133.0,52.519399999999735,270,0,404,2824.4144239999996,5723.311632000002,8172.594560000002,2144.3,1175.793843580272,1166.7723147208762,66918.20976260724,124022.931461915,192444.00695550867,161.2472174028747,2.1506469953925746,-174.33800607783547,20161.162916413556,-100.55257106973835,-0.05471430497006984,-0.040198264875950886,-0.44951677755549463,489.58638878238764,1.211847496986108,0.9871436102075697,2.5470527651604415,2.3010527651604367,3.103340093362019,93.09947176458627,12475.32921645456,93.09947176458627,93.09947176458627,93.09947176458627,12475.32921645456,9876.47762643814,93.09947176458627,388.85797523670794,366.9411764705883,371.6000000000001,241.80485628742514,460.0641021997638,4.637443465168162,0.0,0.0,7.74157466021056,522.9764346083658,-51.314254640348025,1898.9200000000005,0.0,266.8284271189936,0.0,403.81410999999997,270.86589,0.0
C135,CCCCCCCCCCCCCCCCCCCCCCCCCCCCCCCCCCCCCCCCCCCCCCCCCCCCCCCCCCCCCCCCCCCCCCCCCCCCCCCCCCCCCCCCCCCCCCCCCCCCCCCCCCCCCCCCCCCCCCCCCCCCCCCCCCCCCCC,1.3749721541546,0.053261736691732675,11.866666666666667,3.103622584829064,96.04520189781098,135.0,134.0,0.0,4.637499156858961,0,0,134.0,52.90949999999973,272,0,407,2845.3918679999997,5766.041140000002,8235.479460000002,2160.2300000000005,1184.8153724396684,1175.7938435802723,67414.83942274572,124947.13366088086,193922.96211054723,161.2519907159031,2.151175075008001,-175.67048397515228,20311.24968424633,-100.54891098580418,-0.05471231338549792,-0.04019680167095995,-0.4495004152773508,493.23104157210594,1.2118698810125452,0.9871436102075708,2.5470520013929643,2.3010520013929483,3.103622584829064,93.79433233436357,12662.234865139086,93.79433233436357,93.79433233436357,93.79433233436357,12662.234865139086,10024.441247512368,93.79433233436357,391.74581209031317,369.66666666666674,374.36,243.6034107784431,463.479391845688,4.637499156858961,0.0,0.0,7.752235868358611,526.924034346786,-51.68732853268078,1913.0100000000011,0.0,268.8284271189354,0.0,406.81769599999996,272.872304,0.0
C136,CCCCCCCCCCCCCCCCCCCCCCCCCCCCCCCCCCCCCCCCCCCCCCCCCCCCCCCCCCCCCCCCCCCCCCCCCCCCCCCCCCCCCCCCCCCCCCCCCCCCCCCCCCCCCCCCCCCCCCCCCCCCCCCCCCCCCCCC,1.3749725651577505,0.05326173668638361,11.867647058823529,3.1039009345279247,96.75230867899754,136.0,134.0,0.0,4.6375540265434605,0,0,135.0,53.29959999999972,274,0,410,2866.3693119999994,5808.770648000003,8298.364360000003,2176.1600000000008,1193.8369012990643,1184.8153724396686,67911.46908288423,125871.33585984672,195401.91726558577,161.25669417557015,2.151695419393194,-177.0029744199882,20461.33642536389,-100.54530452921907,-0.054710350981537294,-0.04019535990479447,-0.4494842927383984,496.8756937130813,1.2118919358855642,0.9871436102075696,2.5470512477065306,2.3010512477065235,3.1039009345279247,94.48919225662404,12850.530146900866,94.48919225662404,94.48919225662404,94.48919225662404,12850.530146900866,10173.504969861282,94.48919225662404,394.6336489439184,372.3921568627452,377.12000000000006,245.40196526946107,466.8946814916121,4.6375540265434605,0.0,0.0,7.762818871076171,530.8716629016454,-52.0603406272305,1927.1000000000004,0.0,270.8284271188772,0.0,409.821282,274.878718,0.0
C137,CCCCCCCCCCCCCCCCCCCCCCCCCCCCCCCCCCCCCCCCCCCCCCCCCCCCCCCCCCCCCCCCCCCCCCCCCCCCCCCCCCCCCCCCCCCCCCCCCCCCCCCCCCCCCCCCCCCCCCCCCCCCCCCCCCCCCCCCC,1.3749729671280277,0.053261736682067344,11.86861313868613,3.1041752328831635,97.45941546018409,137.0,136.0,0.0,4.6376080922874054,0,0,136.0,53.68969999999971,276,0,413,2887.3467559999995,5851.500156000004,8361.249260000006,2192.0900000000006,1202.8584301584604,1193.8369012990645,68408.09874302273,126795.53805881257,196880.87242062436,161.261329304104,2.1522081972691267,-178.3354771382842,20611.423140348394,-100.54175052997044,-0.05470841712148487,-0.040193939109628235,-0.44946840470810295,500.52034521945126,1.2119136688122307,0.9871436102075702,2.5470505165213746,2.30105051652137,3.1041752328831635,95.18405154554642,13040.215061739858,95.18405154554642,95.18405154554642,95.18405154554642,13040.215061739858,10323.668793484812,95.18405154554642,397.52148579752367,375.1176470588236,379.88000000000005,247.20051976047904,470.3099711375363,4.6376080922874054,0.0,0.0,7.773324807351979,534.8193197090458,-52.433291603634345,1941.190000000001,0.0,272.828427118819,0.0,412.824868,276.885132,0.0
C138,CCCCCCCCCCCCCCCCCCCCCCCCCCCCCCCCCCCCCCCCCCCCCCCCCCCCCCCCCCCCCCCCCCCCCCCCCCCCCCCCCCCCCCCCCCCCCCCCCCCCCCCCCCCCCCCCCCCCCCCCCCCCCCCCCCCCCCCCCC,1.3749733603282008,0.05326173667858461,11.869565217391305,3.104445567706124,98.16652224137064,138.0,136.0,0.0,4.637661371631004,0,0,137.0,54.07979999999971,278,0,416,2908.324199999999,5894.229664000001,8424.134160000001,2208.0200000000004,1211.8799590178555,1202.8584301584597,68904.72840316122,127719.74025777838,198359.82757566308,161.2658975798224,2.15271357248516,-179.66799186390529,20761.509829765237,-100.53824785177736,-0.05470651118711811,-0.040192538831326965,-0.4494527461068907,504.1649961049452,1.2119350867907337,0.9871436102075686,2.547049794783213,2.3010497947832094,3.104445567706124,95.8789102148987,13231.289609656018,95.8789102148987,95.8789102148987,95.8789102148987,13231.289609656018,10474.932718382901,95.8789102148987,400.40932265112883,377.8431372549021,382.6400000000001,248.999074251497,473.72526078346044,4.637661371631004,0.0,0.0,7.78375479147241,538.7670042199908,-52.80618212916256,1955.2800000000007,0.0,274.82842711876077,0.0,415.82845399999997,278.891546,0.0
C139,CCCCCCCCCCCCCCCCCCCCCCCCCCCCCCCCCCCCCCCCCCCCCCCCCCCCCCCCCCCCCCCCCCCCCCCCCCCCCCCCCCCCCCCCCCCCCCCCCCCCCCCCCCCCCCCCCCCCCCCCCCCCCCCCCCCCCCCCCCC,1.3749737450115522,0.05326173667577452,11.870503597122303,3.1047120242886286,98.8736290225572,139.0,138.0,0.0,4.637713881607899,0,0,138.0,54.4698999999997,280,0,419,2929.301643999999,5936.959172000002,8487.019060000002,2223.9500000000007,1220.901487877252,1211.8799590178562,69401.35806329972,128643.94245674423,199838.7827307016,161.2704004387048,2.153211704193999,-181.0005183383554,20911.596494163598,-100.53479539097559,-0.054704632577808075,-0.04019115862856424,-0.4494373120007831,507.80964638289936,1.2119561966178982,0.9871436102075704,2.5470490943529143,2.3010490943529147,3.1047120242886286,96.57376827805292,13423.753790649356,96.57376827805292,96.57376827805292,96.57376827805292,13423.753790649356,10627.296744555504,96.57376827805292,403.2971595047341,380.5686274509805,385.4000000000001,250.79762874251497,477.1405504293847,4.637713881607899,0.0,0.0,7.794109913730688,542.7147158998916,-53.17901285903128,1969.3700000000008,0.0,276.82842711870256,0.0,418.83204,280.89796,0.0
C140,CCCCCCCCCCCCCCCCCCCCCCCCCCCCCCCCCCCCCCCCCCCCCCCCCCCCCCCCCCCCCCCCCCCCCCCCCCCCCCCCCCCCCCCCCCCCCCCCCCCCCCCCCCCCCCCCCCCCCCCCCCCCCCCCCCCCCCCCCCCC,1.3749741214222866,0.05326173667350719,11.871428571428572,3.104974685492727,99.58073580374375,140.0,138.0,0.0,4.637765638763327,0,0,139.0,54.859999999999694,282,0,422,2950.2790879999993,5979.688680000003,8549.903960000003,2239.8800000000006,1229.9230167366484,1220.9014878772523,69897.98772343821,129568.14465571009,201317.73788574018,161.27483927589697,2.1537027470182246,-182.3330563105051,21061.68313407704,-100.53139207532521,-0.054702780710187,-0.04018979807277112,-0.4494220975962925,511.4542960662708,1.2119770048963763,0.9871436102075695,2.547048402782782,2.301048402782782,3.104974685492727,97.2686257479986,13617.607604719808,97.2686257479986,97.2686257479986,97.2686257479986,13617.607604719808,10780.760872002553,97.2686257479986,406.1849963583394,383.2941176470589,388.1600000000001,252.59618323353294,480.5558400753089,4.637765638763327,0.0,0.0,7.804391241110794,546.6624542280914,-53.55178443670522,1983.4600000000005,0.0,278.82842711864436,0.0,421.835626,282.90437399999996,0.0
C141,CCCCCCCCCCCCCCCCCCCCCCCCCCCCCCCCCCCCCCCCCCCCCCCCCCCCCCCCCCCCCCCCCCCCCCCCCCCCCCCCCCCCCCCCCCCCCCCCCCCCCCCCCCCCCCCCCCCCCCCCCCCCCCCCCCCCCCCCCCCCC,1.3749744897959184,0.05326173667167745,11.872340425531915,3.105233631836584,100.2878425849303,141.0,140.0,0.0,4.63781665917149,0,0,140.0,55.250099999999684,284,0,425,2971.256531999999,6022.418188000003,8612.788860000002,2255.8100000000004,1238.9445455960445,1229.9230167366488,70394.61738357673,130492.34685467595,202796.69304077874,161.27921544715224,2.154186851211104,-183.66560553633215,21211.769750024076,-100.52803686285819,-0.05470095501726026,-0.04018845674737059,-0.4494070982354659,515.0989451676505,1.2119975180415306,0.987143610207571,2.547047731406199,2.3010477314061903,3.105233631836584,97.96348263735712,13812.851051867354,97.96348263735712,97.96348263735712,97.96348263735712,13812.851051867354,10935.32510072401,97.96348263735712,409.0728332119446,386.01960784313735,390.9200000000001,254.39473772455088,483.97112972123296,4.63781665917149,0.0,0.0,7.814599817947199,550.610218697409,-53.92449749419058,1997.5500000000006,0.0,280.82842711858615,0.0,424.839212,284.91078799999997,0.0
C142,CCCCCCCCCCCCCCCCCCCCCCCCCCCCCCCCCCCCCCCCCCCCCCCCCCCCCCCCCCCCCCCCCCCCCCCCCCCCCCCCCCCCCCCCCCCCCCCCCCCCCCCCCCCCCCCCCCCCCCCCCCCCCCCCCCCCCCCCCCCCCC,1.37497485035964,0.05326173667020122,11.873239436619718,3.105488941576794,100.99494936611686,142.0,140.0,0.0,4.63786695845221,0,0,141.0,55.64019999999967,286,0,428,2992.233975999999,6065.147696000004,8675.673760000005,2271.7400000000007,1247.9660744554403,1238.9445455960447,70891.24704371521,131416.5490536418,204275.6481958174,161.28353027021237,2.154664162808936,-184.99816577867057,21361.85634250867,-100.52472874091379,-0.05469915494802011,-0.040187134247478516,-0.4493923093911601,518.743593699277,1.2120177422880303,0.9871436102075707,2.547047068346145,2.301047068346135,3.105488941576794,98.65833895839413,14009.484132091966,98.65833895839413,98.65833895839413,98.65833895839413,14009.484132091966,11090.989430719816,98.65833895839413,411.96067006554983,388.7450980392158,393.68000000000006,256.1932922155688,487.3864193671572,4.63786695845221,0.0,0.0,7.824736666561411,554.5580088136999,-54.297152652318786,2011.6400000000003,0.0,282.82842711852794,0.0,427.84279799999996,286.917202,0.0
C143,CCCCCCCCCCCCCCCCCCCCCCCCCCCCCCCCCCCCCCCCCCCCCCCCCCCCCCCCCCCCCCCCCCCCCCCCCCCCCCCCCCCCCCCCCCCCCCCCCCCCCCCCCCCCCCCCCCCCCCCCCCCCCCCCCCCCCCCCCCCCCCC,1.374975203332672,0.05326173666901027,11.874125874125873,3.10574069078721,101.70205614730341,143.0,142.0,0.0,4.637916551786866,0,0,142.0,56.03029999999967,288,0,431,3013.211419999999,6107.877204000004,8738.558660000006,2287.670000000001,1256.9876033148362,1247.9660744554405,71387.8767038537,132340.75125260762,205754.60335085596,161.28778502613014,2.155134823778895,-186.3307368069724,21511.94291202076,-100.52146672500221,-0.05469737996668369,-0.04018583017959551,-0.44937772666235254,522.3882416730473,1.2120376836961655,0.9871436102075689,2.547046424438162,2.3010464244381663,3.10574069078721,99.3531947230323,14207.506845393618,99.3531947230323,99.3531947230323,99.3531947230323,14207.506845393618,11247.753861989928,99.3531947230323,414.8485069191551,391.4705882352942,396.44000000000005,257.9918467065868,490.8017090130814,4.637916551786866,0.0,0.0,7.834802787876325,558.5058240954357,-54.669750521021065,2025.730000000001,0.0,284.82842711846973,0.0,430.846384,288.923616,0.0
C144,CCCCCCCCCCCCCCCCCCCCCCCCCCCCCCCCCCCCCCCCCCCCCCCCCCCCCCCCCCCCCCCCCCCCCCCCCCCCCCCCCCCCCCCCCCCCCCCCCCCCCCCCCCCCCCCCCCCCCCCCCCCCCCCCCCCCCCCCCCCCCCCC,1.3749755489265978,0.05326173666804906,11.875,3.105988953434537,102.40916292848996,144.0,142.0,0.0,4.63796545393367,0,0,143.0,56.42039999999966,290,0,434,3034.1888639999993,6150.606712000001,8801.443560000003,2303.6000000000004,1266.009132174232,1256.9876033148362,71884.50636399222,133264.95345157344,207233.55850589467,161.29198096053753,2.1555989721591384,-187.6633183970779,21662.029459036727,-100.51824985792541,-0.05469562955252481,-0.04018454416103992,-0.4493633457697589,526.0328891005299,1.2120573481579031,0.9871436102075706,2.547045788342561,2.30104578834256,3.105988953434537,100.04804994286312,14406.91919177229,100.04804994286312,100.04804994286312,100.04804994286312,14406.91919177229,11405.618394534293,100.04804994286312,417.73634377276034,394.19607843137265,399.20000000000005,259.79040119760475,494.2169986590055,4.63796545393367,0.0,0.0,7.844799162009271,562.4536640732991,-55.04229169959459,2039.8200000000002,0.0,286.8284271184115,0.0,433.84997,290.93003,0.0
C145,CCCCCCCCCCCCCCCCCCCCCCCCCCCCCCCCCCCCCCCCCCCCCCCCCCCCCCCCCCCCCCCCCCCCCCCCCCCCCCCCCCCCCCCCCCCCCCCCCCCCCCCCCCCCCCCCCCCCCCCCCCCCCCCCCCCCCCCCCCCCCCCCC,1.374975887345679,0.053261736667273504,11.875862068965517,3.1062338014507773,103.11626970967652,145.0,144.0,0.0,4.638013679242312,0,0,144.0,56.81049999999966,292,0,437,3055.1663079999994,6193.336220000002,8864.328460000002,2319.5300000000007,1275.0306610336283,1266.0091321742323,72381.13602413071,134189.15565053927,208712.51366093318,161.2961192848615,2.1560567421937398,-188.9959103309961,21812.115984019878,-100.51507720876951,-0.05469390319893008,-0.04018327581960755,-0.44934916255188234,529.6775359929758,1.2120767414026905,0.9871436102075705,2.5470451704247337,2.3010451704247465,3.1062338014507773,100.74290462915822,14607.721171227942,100.74290462915822,100.74290462915822,100.74290462915822,14607.721171227942,11564.583028352865,100.74290462915822,420.62418062636556,396.9215686274511,401.96000000000004,261.5889556886227,497.6322883049297,4.638013679242312,0.0,0.0,7.854726748844693,566.401528289794,-55.414776776960224,2053.9100000000008,0.0,288.8284271183533,0.0,436.85355599999997,292.936444,0.0
C146,CCCCCCCCCCCCCCCCCCCCCCCCCCCCCCCCCCCCCCCCCCCCCCCCCCCCCCCCCCCCCCCCCCCCCCCCCCCCCCCCCCCCCCCCCCCCCCCCCCCCCCCCCCCCCCCCCCCCCCCCCCCCCCCCCCCCCCCCCCCCCCCCCC,1.3749762187871581,0.05326173666664774,11.876712328767123,3.106475304802717,103.82337649086307,146.0,144.0,0.0,4.638061241667995,0,0,145.0,57.200599999999646,294,0,440,3076.143751999999,6236.065728000002,8927.213360000005,2335.4600000000005,1284.0521898930247,1275.0306610336286,72877.76568426921,135113.35784950515,210191.46881597175,161.30020117749015,2.1565082644627935,-190.3285123966942,21962.202487420895,-100.51194787206205,-0.05469220041319603,-0.04018202479335942,-0.4493351729608477,533.3221823613286,1.2120958690030195,0.9871436102075702,2.547044559851294,2.301044559851289,3.106475304802717,101.43775879288059,14809.912783760568,101.43775879288059,101.43775879288059,101.43775879288059,14809.912783760568,11724.647763445613,101.43775879288059,423.51201747997084,399.6470588235295,404.7200000000001,263.3875101796407,501.04757795085385,4.638061241667995,0.0,0.0,7.864586488587213,570.3494162988713,-55.78720633191227,2068.0000000000005,0.0,290.8284271182951,0.0,439.85714199999995,294.942858,0.0
C147,CCCCCCCCCCCCCCCCCCCCCCCCCCCCCCCCCCCCCCCCCCCCCCCCCCCCCCCCCCCCCCCCCCCCCCCCCCCCCCCCCCCCCCCCCCCCCCCCCCCCCCCCCCCCCCCCCCCCCCCCCCCCCCCCCCCCCCCCCCCCCCCCCCC,1.3749765434415462,0.05326173666614273,11.877551020408163,3.1067135315585914,104.53048327204962,147.0,146.0,0.0,4.638108154784903,0,0,146.0,57.590699999999636,296,0,443,3097.121195999999,6278.795236000003,8990.098260000004,2351.3900000000003,1293.0737187524205,1284.0521898930244,73374.3953444077,136037.560048471,211670.4239710103,161.30422778489134,2.1569536660059785,-191.66112438789497,22112.288969678237,-100.50886096688481,-0.054690520716014344,-0.04018079073009114,-0.4493213730583774,536.9668282162363,1.212114736379766,0.9871436102075685,2.5470439665433315,2.3010439665433267,3.1067135315585914,102.1326124446948,15013.494029370144,102.1326124446948,102.1326124446948,102.1326124446948,15013.494029370144,11885.812599812496,102.1326124446948,426.39985433357606,402.37254901960796,407.4800000000001,265.18606467065865,504.4628675967781,4.638108154784903,0.0,0.0,7.87437930229597,574.2973276655696,-56.15958093336068,2082.0900000000006,0.0,292.8284271182369,0.0,442.860728,296.949272,0.0
C148,CCCCCCCCCCCCCCCCCCCCCCCCCCCCCCCCCCCCCCCCCCCCCCCCCCCCCCCCCCCCCCCCCCCCCCCCCCCCCCCCCCCCCCCCCCCCCCCCCCCCCCCCCCCCCCCCCCCCCCCCCCCCCCCCCCCCCCCCCCCCCCCCCCCC,1.3749768614928966,0.0532617366657354,11.878378378378379,3.106948547952034,105.23759005323618,148.0,146.0,0.0,4.63815443179911,0,0,147.0,57.98079999999963,298,0,446,3118.0986399999992,6321.524744000004,9052.983160000007,2367.3200000000006,1302.0952476118164,1293.0737187524205,73871.0250045462,136961.76224743685,213149.37912604894,161.3082002226862,2.15739307044184,-192.99374610388304,22262.375431218563,-100.50581563602563,-0.05468886364094198,-0.04017957328719589,-0.44930775901253805,540.6114735680593,1.2121333488073078,0.9871436102075692,2.5470433801449084,2.3010433801449115,3.106948547952034,102.82746559497717,15218.46490805662,102.82746559497717,102.82746559497717,102.82746559497717,15218.46490805662,12048.077537453451,102.82746559497717,429.28769118718134,405.09803921568636,410.24000000000007,266.9846191616766,507.8781572427023,4.63815443179911,0.0,0.0,7.884106092400916,578.2452619656674,-56.531901140565665,2096.1800000000003,0.0,294.8284271181787,0.0,445.864314,298.955686,0.0
C149,CCCCCCCCCCCCCCCCCCCCCCCCCCCCCCCCCCCCCCCCCCCCCCCCCCCCCCCCCCCCCCCCCCCCCCCCCCCCCCCCCCCCCCCCCCCCCCCCCCCCCCCCCCCCCCCCCCCCCCCCCCCCCCCCCCCCCCCCCCCCCCCCCCCCC,1.374977173119065,0.05326173666540684,11.879194630872483,3.1071804184434795,105.94469683442273,149.0,148.0,0.0,4.63820008556098,0,0,148.0,58.37089999999962,300,0,449,3139.0760839999994,6364.2542520000015,9115.868060000003,2383.250000000001,1311.1167764712118,1302.0952476118157,74367.6546646847,137885.96444640268,214628.33428108762,161.31211957667978,2.1578265980823796,-194.32637734931865,22412.461872457134,-100.5028110452356,-0.05468722873392902,-0.04017837213108108,-0.4492943270937384,544.256118426882,1.2121517114184455,0.9871436102075708,2.5470428101569205,2.301042810156918,3.1071804184434795,103.52231825382553,15424.825419820005,103.52231825382553,103.52231825382553,103.52231825382553,15424.825419820005,12211.442576368452,103.52231825382553,432.17552804078656,407.8235294117648,413.0000000000001,268.7831736526946,511.29344688862636,4.63820008556098,0.0,0.0,7.89376774320184,582.1932187853506,-56.90416750336537,2110.270000000001,0.0,296.8284271181205,0.0,448.86789999999996,300.96209999999996,0.0
C150,CCCCCCCCCCCCCCCCCCCCCCCCCCCCCCCCCCCCCCCCCCCCCCCCCCCCCCCCCCCCCCCCCCCCCCCCCCCCCCCCCCCCCCCCCCCCCCCCCCCCCCCCCCCCCCCCCCCCCCCCCCCCCCCCCCCCCCCCCCCCCCCCCCCCCC,1.3749774784919597,0.053261736665141564,11.88,3.10740920577912,106.65180361560928,150.0,148.0,0.0,4.6382451285770605,0,0,149.0,58.76099999999962,302,0,452,3160.0535279999995,6406.983760000003,9178.752960000002,2399.1800000000007,1320.138305330608,1311.1167764712122,74864.28432482321,138810.1666453685,216107.2894361262,161.3159869038505,2.1582543660427436,-195.65901793405905,22562.5482937982,-100.49984638240842,-0.05468561555323442,-0.04017718693707764,-0.44928107367145825,547.9007628025208,1.212169829209117,0.987143610207569,2.5470422466741036,2.3010422466741067,3.10740920577912,104.21717043106847,15632.575564660268,104.21717043106847,104.21717043106847,104.21717043106847,15632.575564660268,12375.907716557473,104.21717043106847,435.06336489439184,410.5490196078432,415.7600000000001,270.58172814371255,514.7087365345506,4.6382451285770605,0.0,0.0,7.903365121350788,586.1411977208911,-57.276380562396604,2124.36,0.0,298.8284271180623,0.0,451.871486,302.96851399999997,0.0
C151,CCCCCCCCCCCCCCCCCCCCCCCCCCCCCCCCCCCCCCCCCCCCCCCCCCCCCCCCCCCCCCCCCCCCCCCCCCCCCCCCCCCCCCCCCCCCCCCCCCCCCCCCCCCCCCCCCCCCCCCCCCCCCCCCCCCCCCCCCCCCCCCCCCCCCCC,1.3749777777777779,0.053261736664927624,11.880794701986755,3.107634971047492,107.35891039679584,151.0,150.0,0.0,4.638289573021504,0,0,150.0,59.15109999999961,304,0,455,3181.0309719999996,6449.713268000003,9241.637860000003,2415.1100000000006,1329.1598341900044,1320.1383053306083,75360.91398496169,139734.36884433439,217586.24459116475,161.31980323330026,2.158676488346862,-196.99166767298638,22712.63469563534,-100.49692085689723,-0.054684023668616986,-0.04017601738912147,-0.44926799521128663,551.5454067045333,1.2121877070429303,0.98714361020757,2.5470416987996543,2.3010416987996662,3.107634971047492,104.9120221362741,15841.71534257738,104.9120221362741,104.9120221362741,104.9120221362741,15841.71534257738,12541.472958020462,104.9120221362741,437.95120174799706,413.27450980392166,418.5200000000001,272.3802826347305,518.1240261804749,4.638289573021504,0.0,0.0,7.912899076318542,590.0891983783378,-57.64854084930896,2138.4500000000007,0.0,300.8284271180041,0.0,454.875072,304.974928,0.0
C152,CCCCCCCCCCCCCCCCCCCCCCCCCCCCCCCCCCCCCCCCCCCCCCCCCCCCCCCCCCCCCCCCCCCCCCCCCCCCCCCCCCCCCCCCCCCCCCCCCCCCCCCCCCCCCCCCCCCCCCCCCCCCCCCCCCCCCCCCCCCCCCCCCCCCCCCC,1.3749780711372308,0.05326173666475477,11.881578947368421,3.107857773733878,108.06601717798239,152.0,150.0,0.0,4.638333430747043,0,0,151.0,59.541199999999606,306,0,458,3202.008415999999,6492.4427760000035,9304.522760000003,2431.040000000001,1338.1813630494005,1329.1598341900046,75857.5436451002,140658.57104330024,219065.19974620335,161.3235695671677,2.1590930760283347,-198.3243263858431,22862.721078351802,-100.4940336987957,-0.05468245266103063,-0.04017486317952249,-0.44925508827124605,555.1900501422263,1.2122053496555159,0.9871436102075705,2.547041157053975,2.3010411570539593,3.107857773733878,105.60687337875875,16052.244753571329,105.60687337875875,105.60687337875875,105.60687337875875,16052.244753571329,12708.138300757382,105.60687337875875,440.8390386016023,416.0000000000001,421.2800000000001,274.1788371257485,521.5393158263989,4.638333430747043,0.0,0.0,7.9223704408458,594.0372203732187,-58.02064888697263,2152.5400000000004,0.0,302.82842711794586,0.0,457.878658,306.981342,0.0
C153,CCCCCCCCCCCCCCCCCCCCCCCCCCCCCCCCCCCCCCCCCCCCCCCCCCCCCCCCCCCCCCCCCCCCCCCCCCCCCCCCCCCCCCCCCCCCCCCCCCCCCCCCCCCCCCCCCCCCCCCCCCCCCCCCCCCCCCCCCCCCCCCCCCCCCCCCC,1.3749783587257618,0.05326173666461546,11.882352941176471,3.1080776717725422,108.77312395916894,153.0,152.0,0.0,4.63837671329552,0,0,152.0,59.931299999999595,308,0,461,3222.9858599999993,6535.172284000004,9367.407660000006,2446.9700000000007,1347.2028919087963,1338.1813630494005,76354.17330523868,141582.7732422661,220544.15490124194,161.32728688150542,2.159504237228277,-199.65699389707382,23012.80744232088,-100.49118415826366,-0.05468090212262506,-0.04017372400840759,-0.4492423494992179,558.8346931246647,1.2122227616587087,0.9871436102075686,2.5470406301636435,2.3010406301636475,3.1080776717725422,106.30172416759538,16264.1637976421,106.30172416759538,106.30172416759538,106.30172416759538,16264.1637976421,12875.90374476821,106.30172416759538,443.7268754552075,418.72549019607857,424.0400000000001,275.97739161676645,524.9546054723231,4.63837671329552,0.0,0.0,7.931780031379621,597.9852633302542,-58.392705189679994,2166.6300000000006,0.0,304.82842711788766,0.0,460.88224399999996,308.987756,0.0
C154,CCCCCCCCCCCCCCCCCCCCCCCCCCCCCCCCCCCCCCCCCCCCCCCCCCCCCCCCCCCCCCCCCCCCCCCCCCCCCCCCCCCCCCCCCCCCCCCCCCCCCCCCCCCCCCCCCCCCCCCCCCCCCCCCCCCCCCCCCCCCCCCCCCCCCCCCCC,1.3749786406937503,0.05326173666450308,11.883116883116884,3.1082947215969767,109.4802307403555,154.0,152.0,0.0,4.638419431908019,0,0,153.0,60.321399999999585,310,0,464,3243.9633039999994,6577.901792000001,9430.292560000002,2462.9000000000005,1356.2244207681917,1347.2028919087957,76850.8029653772,142506.97544123197,222023.11005628062,161.33095612712324,2.159910077289006,-200.9896700356718,23162.893787906232,-100.4883715048565,-0.05467937165570574,-0.04017259958383283,-0.44922977562981337,562.479335660679,1.2122399475445669,0.9871436102075696,2.5470401090513963,2.3010401090513914,3.1082947215969767,106.9965745116212,16477.472474789665,106.9965745116212,106.9965745116212,106.9965745116212,16477.472474789665,13044.769290052904,106.9965745116212,446.6147123088127,421.450980392157,426.8000000000001,277.7759461077844,528.3698951182473,4.638419431908019,0.0,0.0,7.941128648495752,601.9333268830808,-58.7647102633414,2180.720000000001,0.0,306.82842711782945,0.0,463.88583,310.99417,0.0
C155,CCCCCCCCCCCCCCCCCCCCCCCCCCCCCCCCCCCCCCCCCCCCCCCCCCCCCCCCCCCCCCCCCCCCCCCCCCCCCCCCCCCCCCCCCCCCCCCCCCCCCCCCCCCCCCCCCCCCCCCCCCCCCCCCCCCCCCCCCCCCCCCCCCCCCCCCCCC,1.3749789171867093,0.05326173666441232,11.883870967741936,3.108508978188164,110.18733752154205,155.0,154.0,0.0,4.638461597534601,0,0,154.0,60.71149999999958,312,0,467,3264.9407479999995,6620.631300000002,9493.17746,2478.830000000001,1365.245949627588,1356.2244207681922,77347.43262551569,143431.17764019777,223502.0652113192,161.3345782303991,2.160310698843109,-202.32235463503437,23312.980115462116,-100.48559502692996,-0.054677860873336516,-0.04017148962118194,-0.4492173634817094,566.1239777588723,1.212256911689234,0.9871436102075692,2.547039602086964,2.301039602086964,3.108508978188164,107.69142441944535,16692.17078501403,107.69142441944535,107.69142441944535,107.69142441944535,16692.17078501403,13214.734936611447,107.69142441944535,449.50254916241806,424.17647058823536,429.5600000000001,279.5745005988024,531.7851847641715,4.638461597534601,0.0,0.0,7.950417077307341,605.8814106739845,-59.13666460567514,2194.8100000000004,0.0,308.82842711777124,0.0,466.889416,313.000584,0.0
C156,CCCCCCCCCCCCCCCCCCCCCCCCCCCCCCCCCCCCCCCCCCCCCCCCCCCCCCCCCCCCCCCCCCCCCCCCCCCCCCCCCCCCCCCCCCCCCCCCCCCCCCCCCCCCCCCCCCCCCCCCCCCCCCCCCCCCCCCCCCCCCCCCCCCCCCCCCCCC,1.3749791883454734,0.05326173666433907,11.884615384615385,3.1087204951210157,110.8944443027286,156.0,154.0,0.0,4.638503220843654,0,0,155.0,61.10159999999957,314,0,470,3285.9181919999996,6663.360808000003,9556.062360000004,2494.7600000000007,1374.2674784869844,1365.2459496275883,77844.06228565419,144355.37983916362,224981.02036635776,161.33815409405867,2.160706201901308,-203.65504753282025,23463.066425333796,-100.48285403103132,-0.05467636939790184,-0.04017039384332172,-0.4492051099546261,569.7686194276288,1.212273658356657,0.9871436102075717,2.547039100573641,2.3010391005736373,3.1087204951210157,108.38627389945613,16908.25872831515,108.38627389945613,108.38627389945613,108.38627389945613,16908.25872831515,13385.800684443795,108.38627389945613,452.3903860160233,426.9019607843138,432.3200000000001,281.37305508982035,535.2004744100957,4.638503220843654,0.0,0.0,7.959646087860599,609.8295143536445,-59.50856870639202,2208.900000000001,0.0,310.82842711771303,0.0,469.89300199999997,315.006998,0.0
C157,CCCCCCCCCCCCCCCCCCCCCCCCCCCCCCCCCCCCCCCCCCCCCCCCCCCCCCCCCCCCCCCCCCCCCCCCCCCCCCCCCCCCCCCCCCCCCCCCCCCCCCCCCCCCCCCCCCCCCCCCCCCCCCCCCCCCCCCCCCCCCCCCCCCCCCCCCCCCC,1.3749794543063774,0.05326173666427998,11.885350318471337,3.1089293246090457,111.60155108391515,157.0,156.0,0.0,4.6385443122308985,0,0,156.0,61.49169999999957,316,0,473,3306.8956359999993,6706.090316000003,9618.947260000004,2510.6900000000005,1383.2890073463805,1374.2674784869848,78340.6919457927,145279.58203812948,226459.97552139626,161.34168459792554,2.1610966839346175,-204.98774857081568,23613.152717857753,-100.48014784130443,-0.05467489686174022,-0.04016931198008644,-0.4491930120274423,573.4132606751195,1.2122901917021556,0.9871436102075701,2.5470386125427487,2.3010386125427567,3.1089293246090457,109.08112295982819,17125.736304693015,109.08112295982819,109.08112295982819,109.08112295982819,17125.736304693015,13557.966533549912,109.08112295982819,455.2782228696285,429.62745098039227,435.08000000000015,283.17160958083826,538.6157640560198,4.6385443122308985,0.0,0.0,7.968816435517864,613.7776375808847,-59.88042304737448,2222.9900000000007,0.0,312.8284271176548,0.0,472.89658799999995,317.01341199999996,0.0
C158,CCCCCCCCCCCCCCCCCCCCCCCCCCCCCCCCCCCCCCCCCCCCCCCCCCCCCCCCCCCCCCCCCCCCCCCCCCCCCCCCCCCCCCCCCCCCCCCCCCCCCCCCCCCCCCCCCCCCCCCCCCCCCCCCCCCCCCCCCCCCCCCCCCCCCCCCCCCCCC,1.374979715201428,0.053261736664232534,11.886075949367088,3.1091355175473283,112.30865786510171,158.0,156.0,0.0,4.638584881828042,0,0,157.0,61.88179999999956,318,0,476,3327.8730799999994,6748.819824000004,9681.832160000005,2526.620000000001,1392.3105362057763,1383.2890073463805,78837.32160593118,146203.78423709533,227938.93067643492,161.34517059964276,2.1614822399548466,-206.32045759480263,23763.238993361985,-100.47747579897661,-0.05467344290659081,-0.040168243768066894,-0.4491810667550108,577.0579015093093,1.21230651577586,0.9871436102075696,2.547038129657866,2.3010381296578757,3.1091355175473283,109.77597160852918,17344.603514147602,109.77597160852918,109.77597160852918,109.77597160852918,17344.603514147602,13731.232483929776,109.77597160852918,458.16605972323373,432.3529411764707,437.8400000000001,284.97016407185623,542.0310537019441,4.638584881828042,0.0,0.0,7.977928861328586,617.7257800224356,-60.25222810285076,2237.080000000001,0.0,314.8284271175966,0.0,475.900174,319.01982599999997,0.0
C159,CCCCCCCCCCCCCCCCCCCCCCCCCCCCCCCCCCCCCCCCCCCCCCCCCCCCCCCCCCCCCCCCCCCCCCCCCCCCCCCCCCCCCCCCCCCCCCCCCCCCCCCCCCCCCCCCCCCCCCCCCCCCCCCCCCCCCCCCCCCCCCCCCCCCCCCCCCCCCCC,1.3749799711584683,0.05326173666419398,11.88679245283019,3.1093391235538625,113.01576464628826,159.0,158.0,0.0,4.638624939511106,0,0,158.0,62.27189999999955,320,0,479,3348.8505239999995,6791.549332000004,9744.717060000008,2542.5500000000006,1401.3320650651722,1392.3105362057765,79333.95126606968,147127.9864360612,229417.8858314735,161.34861293536773,2.161862962591653,-207.65317445443475,23913.325252166287,-100.4748372617628,-0.05467200718260998,-0.04016718895046567,-0.4491692712660095,580.7025419379643,1.2123226345260214,0.9871436102075698,2.5470376596292015,2.301037659629211,3.1093391235538625,110.47081985332662,17564.860356678928,110.47081985332662,110.47081985332662,110.47081985332662,17564.860356678928,13905.598535583364,110.47081985332662,461.053896576839,435.0784313725491,440.6000000000001,286.7687185628742,545.4463433478682,4.638624939511106,0.0,0.0,7.98698409238866,621.6739413527035,-60.62398433956401,2251.1700000000005,0.0,316.8284271175384,0.0,478.90376,321.02624,0.0
C160,CCCCCCCCCCCCCCCCCCCCCCCCCCCCCCCCCCCCCCCCCCCCCCCCCCCCCCCCCCCCCCCCCCCCCCCCCCCCCCCCCCCCCCCCCCCCCCCCCCCCCCCCCCCCCCCCCCCCCCCCCCCCCCCCCCCCCCCCCCCCCCCCCCCCCCCCCCCCCCCC,1.374980222301333,0.05326173666416288,11.8875,3.1095401910093594,113.72287142747481,160.0,158.0,0.0,4.63866449490844,0,0,159.0,62.661999999999544,322,0,482,3369.827967999999,6834.278840000003,9807.60196,2558.4800000000005,1410.353593924568,1401.3320650651717,79830.58092620817,148052.18863502704,230896.8409865122,161.3520124204405,2.1622389421670105,-208.9858990031163,24063.41149458247,-100.4722316034184,-0.05467058934932298,-0.04016614727705061,-0.44915762276088833,584.347181968656,1.2123385518021907,0.9871436102075694,2.5470371944615886,2.3010371944615784,3.1095401910093594,111.1656677017933,17786.506832286927,111.1656677017933,111.1656677017933,111.1656677017933,17786.506832286927,14081.064688510638,111.1656677017933,463.94173343044423,437.8039215686276,443.3600000000001,288.56727305389217,548.8616329937923,4.63866449490844,0.0,0.0,7.995982842188557,625.6221212535484,-60.995692216936646,2265.260000000001,0.0,318.8284271174802,0.0,481.90734599999996,323.032654,0.0
C161,CCCCCCCCCCCCCCCCCCCCCCCCCCCCCCCCCCCCCCCCCCCCCCCCCCCCCCCCCCCCCCCCCCCCCCCCCCCCCCCCCCCCCCCCCCCCCCCCCCCCCCCCCCCCCCCCCCCCCCCCCCCCCCCCCCCCCCCCCCCCCCCCCCCCCCCCCCCCCCCCC,1.37498046875,0.0532617366641379,11.888198757763975,3.1097387670955983,114.42997820866137,161.0,160.0,0.0,4.63870355740844,0,0,160.0,63.052099999999534,324,0,485,3390.8054119999993,6877.008348000003,9870.486860000003,2574.4100000000008,1419.3751227839643,1410.3535939245683,80327.21058634669,148976.39083399286,232375.79614155076,161.35536985002787,2.1626102667658587,-210.31863109788497,24213.49772091466,-100.46965821318103,-0.05466918907428721,-0.04016511850348034,-0.4491461185091429,587.9918216087698,1.2123542713582882,0.9871436102075699,2.5470367415604014,2.3010367415603987,3.1097387670955983,111.86051516131445,18009.542940971627,111.86051516131445,111.86051516131445,111.86051516131445,18009.542940971627,14257.63094271158,111.86051516131445,466.8295702840495,440.52941176470597,446.1200000000001,290.36582754491013,552.2769226397165,4.63870355740844,0.0,0.0,8.004925810950663,629.570319414069,-61.36735218723012,2279.3500000000004,0.0,320.828427117422,0.0,484.910932,325.039068,0.0
C162,CCCCCCCCCCCCCCCCCCCCCCCCCCCCCCCCCCCCCCCCCCCCCCCCCCCCCCCCCCCCCCCCCCCCCCCCCCCCCCCCCCCCCCCCCCCCCCCCCCCCCCCCCCCCCCCCCCCCCCCCCCCCCCCCCCCCCCCCCCCCCCCCCCCCCCCCCCCCCCCCCC,1.3749807106207323,0.053261736664117654,11.88888888888889,3.109934897832314,115.13708498984792,162.0,160.0,0.0,4.638742136166975,0,0,161.0,63.44219999999953,326,0,488,3411.782855999999,6919.737856000003,9933.371760000002,2590.3400000000006,1428.3966516433604,1419.3751227839646,80823.84024648518,149900.5930329587,233854.75129658933,161.35868599974324,2.1629770223058578,-211.65137059930134,24363.583931459485,-100.46711649533833,-0.05466780603328691,-0.040164102391779956,-0.4491347558478094,591.636460865509,1.2123697968555511,0.9871436102075695,2.5470362932539077,2.3010362932538913,3.109934897832314,112.55536223909266,18233.96868273301,112.55536223909266,112.55536223909266,112.55536223909266,18233.96868273301,14435.297298186171,112.55536223909266,469.71740713765473,443.2549019607844,448.8800000000001,292.1643820359281,555.6922122856406,4.638742136166975,0.0,0.0,8.013813685956231,633.5185355303961,-61.73896469570017,2293.440000000001,0.0,322.8284271173638,0.0,487.914518,327.045482,0.0
C163,CCCCCCCCCCCCCCCCCCCCCCCCCCCCCCCCCCCCCCCCCCCCCCCCCCCCCCCCCCCCCCCCCCCCCCCCCCCCCCCCCCCCCCCCCCCCCCCCCCCCCCCCCCCCCCCCCCCCCCCCCCCCCCCCCCCCCCCCCCCCCCCCCCCCCCCCCCCCCCCCCCC,1.3749809480262156,0.053261736664101264,11.889570552147239,3.11012862811276,115.84419177103447,163.0,162.0,0.0,4.638780240114545,0,0,162.0,63.83229999999952,328,0,491,3432.760299999999,6962.467364000004,9996.256660000005,2606.2700000000004,1437.4181805027565,1428.3966516433607,81320.46990662368,150824.79523192457,235333.70645162792,161.3619616262442,2.163339292602873,-212.98411737133995,24513.670126506317,-100.4646058687515,-0.05466643991016668,-0.04016309870954313,-0.4491235321788457,595.2810997459003,1.2123851318653773,0.9871436102075689,2.547035856657948,2.3010358566579416,3.11012862811276,113.25020894215362,18459.78405757103,113.25020894215362,113.25020894215362,113.25020894215362,18459.78405757103,14614.063754934366,113.25020894215362,472.60524399125995,445.9803921568629,451.6400000000001,293.96293652694607,559.1075019315649,4.638780240114545,0.0,0.0,8.022647141862315,637.4667693054921,-62.1105301807479,2307.5300000000007,0.0,324.8284271173056,0.0,490.91810399999997,329.051896,0.0
C164,CCCCCCCCCCCCCCCCCCCCCCCCCCCCCCCCCCCCCCCCCCCCCCCCCCCCCCCCCCCCCCCCCCCCCCCCCCCCCCCCCCCCCCCCCCCCCCCCCCCCCCCCCCCCCCCCCCCCCCCCCCCCCCCCCCCCCCCCCCCCCCCCCCCCCCCCCCCCCCCCCCCC,1.3749811810756898,0.05326173666408823,11.890243902439025,3.1103200017379717,116.55129855222103,164.0,162.0,0.0,4.638817877963165,0,0,163.0,64.22239999999952,330,0,494,3453.737743999999,7005.196872000004,10059.141560000005,2622.2000000000003,1446.4397093621524,1437.4181805027565,81817.09956676218,151748.99743089045,236812.66160666652,161.3651974678079,2.1636971594355106,-214.31687128128627,24663.756306337513,-100.46212576640401,-0.05466509039643822,-0.040162107230063936,-0.44911244496742386,598.9257382568005,1.212400279872066,0.9871436102075709,2.5470354244075355,2.3010354244075457,3.1103200017379717,113.94505527735184,18686.989065485704,113.94505527735184,113.94505527735184,113.94505527735184,18686.989065485704,14793.930312956143,113.94505527735184,475.49308084486523,448.7058823529413,454.4000000000001,295.76149101796403,562.5227915774891,4.638817877963165,0.0,0.0,8.031426841009079,641.4150204489581,-62.482049074066516,2321.620000000001,0.0,326.8284271172474,0.0,493.92168999999996,331.05831,0.0
C165,CCCCCCCCCCCCCCCCCCCCCCCCCCCCCCCCCCCCCCCCCCCCCCCCCCCCCCCCCCCCCCCCCCCCCCCCCCCCCCCCCCCCCCCCCCCCCCCCCCCCCCCCCCCCCCCCCCCCCCCCCCCCCCCCCCCCCCCCCCCCCCCCCCCCCCCCCCCCCCCCCCCCC,1.3749814098750743,0.05326173666407768,11.89090909090909,3.1105090614497706,117.25840533340758,165.0,164.0,0.0,4.638855058213016,0,0,164.0,64.61249999999954,332,0,497,3474.715187999999,7047.926380000002,10122.026460000001,2638.1300000000006,1455.4612382215478,1446.439709362152,82313.72922690069,152673.1996298563,238291.6167617052,161.36839424488588,2.1640507026059916,-215.64963219963644,24813.842471228614,-100.45967563498537,-0.05466375719104251,-0.040161127732208535,-0.44910149174002845,602.5703764049013,1.2124152442754552,0.9871436102075697,2.547035003343323,2.301035003343323,3.1105090614497706,114.63990125137586,18915.583706477013,114.63990125137586,114.63990125137586,114.63990125137586,18915.583706477013,14974.896972251508,114.63990125137586,478.38091769847045,451.4313725490197,457.1600000000001,297.560045508982,565.9380812234132,4.638855058213016,0.0,0.0,8.040153433717785,645.3632886768467,-62.85352180078421,2335.7100000000005,0.0,328.82842711718916,0.0,496.925276,333.064724,0.0
C166,CCCCCCCCCCCCCCCCCCCCCCCCCCCCCCCCCCCCCCCCCCCCCCCCCCCCCCCCCCCCCCCCCCCCCCCCCCCCCCCCCCCCCCCCCCCCCCCCCCCCCCCCCCCCCCCCCCCCCCCCCCCCCCCCCCCCCCCCCCCCCCCCCCCCCCCCCCCCCCCCCCCCCC,1.374981634527089,0.053261736664069095,11.891566265060241,3.1106958489626018,117.96551211459413,166.0,164.0,0.0,4.638891789158839,0,0,165.0,65.00259999999956,334,0,500,3495.692631999999,7090.655888000003,10184.911360000002,2654.0600000000004,1464.482767080944,1455.4612382215482,82810.35888703918,153597.40182882213,239770.57191674376,161.37155266063897,2.1643999999999304,-216.9824,24963.928621448522,-100.45725493450705,-0.054662439999971786,-0.04016015999992993,-0.4490906700824941,606.215014196732,1.212430028393464,0.9871436102075704,2.547034586391441,2.301034586391438,3.1106958489626018,115.33474687075265,19145.567980544947,115.33474687075265,115.33474687075265,115.33474687075265,19145.567980544947,15156.963732820415,115.33474687075265,481.26875455207573,454.1568627450981,459.9200000000001,299.35859999999997,569.3533708693374,4.638891789158839,0.0,0.0,8.048827558579847,649.3115737114827,-63.22494877960306,2349.800000000001,0.0,330.82842711713096,0.0,499.928862,335.07113799999996,0.0
C167,CCCCCCCCCCCCCCCCCCCCCCCCCCCCCCCCCCCCCCCCCCCCCCCCCCCCCCCCCCCCCCCCCCCCCCCCCCCCCCCCCCCCCCCCCCCCCCCCCCCCCCCCCCCCCCCCCCCCCCCCCCCCCCCCCCCCCCCCCCCCCCCCCCCCCCCCCCCCCCCCCCCCCCC,1.3749818551313688,0.05326173666406216,11.892215568862275,3.110880404994216,118.67261889578069,167.0,166.0,0.0,4.6389280788961,0,0,166.0,65.39269999999958,336,0,503,3516.6700759999985,7133.385396000002,10247.796260000003,2669.9900000000007,1473.5042959403404,1464.4827670809443,83306.98854717767,154521.60402778798,241249.52707178227,161.3746734014526,2.164745127643692,-218.3151745590077,25114.01475725976,-100.45486313781532,-0.054661138536487824,-0.04015920382273378,-0.44907997763843954,609.8596516386679,1.2124446354645484,0.9871436102075692,2.5470341801307734,2.3010341801307774,3.110880404994216,116.02959214185307,19376.94188768946,116.02959214185307,116.02959214185307,116.02959214185307,19376.94188768946,15340.130594662827,116.02959214185307,484.15659140568096,456.8823529411766,462.68000000000006,301.15715449101793,572.7686605152617,4.6389280788961,0.0,0.0,8.057449842737237,653.2598752812884,-63.596330422934216,2363.8900000000003,0.0,332.82842711707275,0.0,502.93244799999997,337.07755199999997,0.0
C168,CCCCCCCCCCCCCCCCCCCCCCCCCCCCCCCCCCCCCCCCCCCCCCCCCCCCCCCCCCCCCCCCCCCCCCCCCCCCCCCCCCCCCCCCCCCCCCCCCCCCCCCCCCCCCCCCCCCCCCCCCCCCCCCCCCCCCCCCCCCCCCCCCCCCCCCCCCCCCCCCCCCCCCCC,1.3749820717845747,0.053261736664056605,11.892857142857142,3.1110627692952506,119.37972567696724,168.0,166.0,0.0,4.638963935326951,0,0,167.0,65.78279999999958,338,0,506,3537.647519999999,7176.114904000004,10310.681160000004,2685.9200000000005,1482.5258247997363,1473.5042959403406,83803.61820731618,155445.80622675386,242728.48222682087,161.37775713743451,2.1650861597587943,-219.64795575622176,25264.10087891862,-100.45249973031217,-0.05465985252072596,-0.0401582589947769,-0.449069412107291,613.504288736932,1.2124590686500634,0.9871436102075687,2.547033777764008,2.301033777764014,3.1110627692952506,116.72443707089641,19609.7054279106,116.72443707089641,116.72443707089641,116.72443707089641,19609.7054279106,15524.397557778757,116.72443707089641,487.0444282592862,459.60784313725503,465.44000000000005,302.9557089820359,576.1839501611857,4.638963935326951,0.0,0.0,8.066020902154566,657.2081931206144,-63.967667137029444,2377.980000000001,0.0,334.82842711701454,0.0,505.93603399999995,339.083966,0.0
C169,CCCCCCCCCCCCCCCCCCCCCCCCCCCCCCCCCCCCCCCCCCCCCCCCCCCCCCCCCCCCCCCCCCCCCCCCCCCCCCCCCCCCCCCCCCCCCCCCCCCCCCCCCCCCCCCCCCCCCCCCCCCCCCCCCCCCCCCCCCCCCCCCCCCCCCCCCCCCCCCCCCCCCCCCC,1.3749822845804989,0.053261736664052185,11.893491124260356,3.1112429806777837,120.0868324581538,169.0,168.0,0.0,4.638999366165954,0,0,168.0,66.1728999999996,340,0,509,3558.624963999999,7218.844412000004,10373.566060000006,2701.8500000000004,1491.5473536591323,1482.5258247997365,84300.24786745467,156370.00842571972,244207.43738185946,161.38080452289398,2.165423168815945,-220.98074347404875,25414.18698667531,-100.45016420954674,-0.054658581679056205,-0.04015732531516935,-0.4490589712427958,617.1489254976018,1.2124733310365459,0.9871436102075685,2.547033385620923,2.301033385620938,3.1112429806777837,117.41928166395437,19843.858601208296,117.41928166395437,117.41928166395437,117.41928166395437,19843.858601208296,15709.764622168153,117.41928166395437,489.93226511289146,462.3333333333334,468.2000000000001,304.75426347305387,579.5992398071099,4.638999366165954,0.0,0.0,8.07454134188312,661.156526969578,-64.33895932210912,2392.07,0.0,336.82842711695633,0.0,508.93962,341.09038,0.0
C170,CCCCCCCCCCCCCCCCCCCCCCCCCCCCCCCCCCCCCCCCCCCCCCCCCCCCCCCCCCCCCCCCCCCCCCCCCCCCCCCCCCCCCCCCCCCCCCCCCCCCCCCCCCCCCCCCCCCCCCCCCCCCCCCCCCCCCCCCCCCCCCCCCCCCCCCCCCCCCCCCCCCCCCCCCC,1.3749824936101678,0.05326173666404856,11.894117647058824,3.1114210770428636,120.79393923934035,170.0,168.0,0.0,4.6390343789456185,0,0,169.0,66.56299999999962,342,0,512,3579.602407999999,7261.573920000002,10436.45096,2717.7800000000007,1500.5688825185275,1491.5473536591317,84796.87752759317,157294.21062468557,245686.3925368982,161.38381619680516,2.1657562255859375,-222.31353759765625,25564.27308077423,-100.4478560848425,-0.05465732574464244,-0.040156402587897114,-0.44904865285143303,620.7935619266104,1.212487425637911,0.9871436102075709,2.547032997166965,2.3010329971669625,3.1114210770428636,118.11412592695643,20079.401407582598,118.11412592695643,118.11412592695643,118.11412592695643,20079.401407582598,15896.231787831039,118.11412592695643,492.8201019664966,465.05882352941194,470.96000000000015,306.55281796407183,583.0145294530341,4.6390343789456185,0.0,0.0,8.08301175631716,665.1048765739052,-64.71020737248685,2406.1600000000008,0.0,338.8284271168981,0.0,511.943206,343.096794,0.0
C171,CCCCCCCCCCCCCCCCCCCCCCCCCCCCCCCCCCCCCCCCCCCCCCCCCCCCCCCCCCCCCCCCCCCCCCCCCCCCCCCCCCCCCCCCCCCCCCCCCCCCCCCCCCCCCCCCCCCCCCCCCCCCCCCCCCCCCCCCCCCCCCCCCCCCCCCCCCCCCCCCCCCCCCCCCCC,1.3749826989619378,0.05326173666404551,11.894736842105264,3.1115970954071037,121.5010460205269,171.0,170.0,0.0,4.639068981021743,0,0,170.0,66.95309999999964,344,0,515,3600.579851999999,7304.303428000002,10499.335860000001,2733.7100000000005,1509.590411377924,1500.5688825185282,85293.50718773168,158218.41282365134,247165.34769193674,161.38679278325324,2.1660853991893383,-223.64633801489302,25714.359161454046,-100.44557487696802,-0.054656084456572794,-0.04015549062113872,-0.4490384547908892,624.4381980297547,1.212501355397582,0.9871436102075689,2.5470326184947636,2.3010326184947716,3.1115970954071037,118.80896986569256,20316.333847033427,118.80896986569256,118.80896986569256,118.80896986569256,20316.333847033427,16083.799054767333,118.80896986569256,495.70793882010196,467.7843137254903,473.7200000000001,308.3513724550898,586.4298190989582,4.639068981021743,0.0,0.0,8.091432729442738,669.0532416847784,-65.08141167669089,2420.2500000000005,0.0,340.8284271168399,0.0,514.946792,345.103208,0.0
C172,CCCCCCCCCCCCCCCCCCCCCCCCCCCCCCCCCCCCCCCCCCCCCCCCCCCCCCCCCCCCCCCCCCCCCCCCCCCCCCCCCCCCCCCCCCCCCCCCCCCCCCCCCCCCCCCCCCCCCCCCCCCCCCCCCCCCCCCCCCCCCCCCCCCCCCCCCCCCCCCCCCCCCCCCCCCC,1.3749829007215895,0.05326173666404329,11.895348837209303,3.1117710719283007,122.20815280171345,172.0,170.0,0.0,4.639103179578564,0,0,171.0,67.34319999999965,346,0,518,3621.557295999999,7347.032936000003,10562.22076,2749.6400000000003,1518.6119402373201,1509.5904113779243,85790.13684787016,159142.61502261722,248644.3028469753,161.38973489186608,2.166410757144307,-224.9791446162103,25864.445228947912,-100.44332011780234,-0.05465485756021469,-0.04015458922790098,-0.44902837496826087,628.082833812696,1.2125151231905327,0.987143610207569,2.5470322433195953,2.3010322433195904,3.1117710719283007,119.50381348581881,20554.655919560828,119.50381348581881,119.50381348581881,119.50381348581881,20554.655919560828,16272.466422977071,119.50381348581881,498.5957756737072,470.50980392156873,476.48000000000013,310.14992694610777,589.8451087448825,4.639103179578564,0.0,0.0,8.099804835079281,673.0016220586888,-65.45257261758213,2434.3400000000006,0.0,342.8284271167817,0.0,517.950378,347.109622,0.0
C173,CCCCCCCCCCCCCCCCCCCCCCCCCCCCCCCCCCCCCCCCCCCCCCCCCCCCCCCCCCCCCCCCCCCCCCCCCCCCCCCCCCCCCCCCCCCCCCCCCCCCCCCCCCCCCCCCCCCCCCCCCCCCCCCCCCCCCCCCCCCCCCCCCCCCCCCCCCCCCCCCCCCCCCCCCCCCC,1.3749830989724174,0.05326173666404135,11.895953757225433,3.111943041930219,122.9152595829,173.0,172.0,0.0,4.639136981633729,0,0,172.0,67.73329999999966,348,0,521,3642.534739999999,7389.762444000004,10625.105660000003,2765.5700000000006,1527.6334690967165,1518.6119402373208,86286.76650800867,160066.81722158307,250123.25800201384,161.39264311822996,2.1667323654127113,-226.31195729458693,26014.531283483615,-100.44109135002843,-0.05465364480677629,-0.04015369822536971,-0.449018411339356,631.727469280966,1.2125287318252707,0.987143610207569,2.5470318775081937,2.301031877508203,3.111943041930219,120.19865679285986,20794.367625164756,120.19865679285986,120.19865679285986,120.19865679285986,20794.367625164756,16462.23389246019,120.19865679285986,501.4836125273124,473.2352941176472,479.2400000000001,311.94848143712574,593.2603983908066,4.639136981633729,0.0,0.0,8.108128637114223,676.950017457295,-65.82369057246936,2448.4300000000003,0.0,344.8284271167235,0.0,520.9539639999999,349.116036,0.0
C174,CCCCCCCCCCCCCCCCCCCCCCCCCCCCCCCCCCCCCCCCCCCCCCCCCCCCCCCCCCCCCCCCCCCCCCCCCCCCCCCCCCCCCCCCCCCCCCCCCCCCCCCCCCCCCCCCCCCCCCCCCCCCCCCCCCCCCCCCCCCCCCCCCCCCCCCCCCCCCCCCCCCCCCCCCCCCCC,1.3749832937953155,0.05326173666403967,11.89655172413793,3.1121130399264993,123.62236636408656,174.0,172.0,0.0,4.639170394043098,0,0,173.0,68.12339999999968,350,0,524,3663.5121839999993,7432.491952000004,10687.990560000004,2781.500000000001,1536.6549979561123,1527.6334690967167,86783.39616814716,160991.01942054892,251602.21315705247,161.39551804429198,2.1670502884446328,-227.64477594545755,26164.617325283696,-100.4388881268021,-0.05465244595297171,-0.040152817434872076,-0.4490085619064354,635.372104439969,1.2125421840457424,0.987143610207571,2.547031515013476,2.3010315150134693,3.1121130399264993,120.89349979221394,21035.468963845226,120.89349979221394,120.89349979221394,120.89349979221394,21035.468963845226,16653.101463216717,120.89349979221394,504.3714493809176,475.96078431372564,482.0000000000001,313.7470359281437,596.6756880367309,4.639170394043098,0.0,0.0,8.116404689730905,680.8984276472837,-66.1947659132211,2462.520000000001,0.0,346.8284271166653,0.0,523.95755,351.12244999999996,0.0
C175,CCCCCCCCCCCCCCCCCCCCCCCCCCCCCCCCCCCCCCCCCCCCCCCCCCCCCCCCCCCCCCCCCCCCCCCCCCCCCCCCCCCCCCCCCCCCCCCCCCCCCCCCCCCCCCCCCCCCCCCCCCCCCCCCCCCCCCCCCCCCCCCCCCCCCCCCCCCCCCCCCCCCCCCCCCCCCCC,1.3749834852688598,0.05326173666403856,11.897142857142857,3.1122810996437376,124.32947314527311,175.0,174.0,0.0,4.6392034235053785,0,0,174.0,68.5134999999997,352,0,527,3684.4896279999994,7475.221460000004,10750.875460000005,2797.4300000000003,1545.6765268155084,1536.6549979561125,87280.02582828565,161915.2216195148,253081.1683120911,161.39836023874798,2.1673645892217945,-228.9776004666418,26314.70335456568,-100.43671001145967,-0.0546512607613481,-0.04015194668179637,-0.4489988247173829,639.0167392949868,1.2125554825331817,0.9871436102075689,2.54703116148694,2.301031161486942,3.1122810996437376,121.5883424891556,21277.95993560223,121.5883424891556,121.5883424891556,121.5883424891556,21277.95993560223,16845.069135246616,121.5883424891556,507.2592862345229,478.68627450980404,484.7600000000001,315.54559041916167,600.090977682655,4.6392034235053785,0.0,0.0,8.124633537629954,684.8468524002373,-66.56579900637504,2476.610000000001,0.0,348.8284271166071,0.0,526.961136,353.12886399999996,0.0
C176,CCCCCCCCCCCCCCCCCCCCCCCCCCCCCCCCCCCCCCCCCCCCCCCCCCCCCCCCCCCCCCCCCCCCCCCCCCCCCCCCCCCCCCCCCCCCCCCCCCCCCCCCCCCCCCCCCCCCCCCCCCCCCCCCCCCCCCCCCCCCCCCCCCCCCCCCCCCCCCCCCCCCCCCCCCCCCCCC,1.3749836734693877,0.05326173666403745,11.897727272727273,3.1124472540438037,125.03657992645967,176.0,174.0,0.0,4.639236076566602,0,0,175.0,68.9035999999997,354,0,530,3705.4670719999995,7517.950968000001,10813.76036,2813.3600000000006,1554.698055674904,1545.6765268155082,87776.65548842416,162839.42381848063,254560.1234671297,161.40117025741768,2.1676753292986537,-230.31043075827688,26464.78937154213,-100.43455657724647,-0.05465008899958965,-0.040151085795586086,-0.4489891978645624,642.6613738511815,1.2125686299078895,0.9871436102075681,2.5470308111077182,2.301030811107714,3.1124472540438037,122.28318488883934,21521.840540435733,122.28318488883934,122.28318488883934,122.28318488883934,21521.840540435733,17038.136908549848,122.28318488883934,510.1471230881282,481.41176470588243,487.52000000000004,317.3441449101797,603.5062673285792,4.639236076566602,0.0,0.0,8.132815716244426,688.7952914925039,-66.93679021324422,2490.7000000000007,0.0,350.8284271165489,0.0,529.9647219999999,355.13527799999997,0.0
C177,CCCCCCCCCCCCCCCCCCCCCCCCCCCCCCCCCCCCCCCCCCCCCCCCCCCCCCCCCCCCCCCCCCCCCCCCCCCCCCCCCCCCCCCCCCCCCCCCCCCCCCCCCCCCCCCCCCCCCCCCCCCCCCCCCCCCCCCCCCCCCCCCCCCCCCCCCCCCCCCCCCCCCCCCCCCCCCCCC,1.3749838584710743,0.05326173666403664,11.898305084745763,3.1126115353453976,125.74368670764622,177.0,176.0,0.0,4.639268359624454,0,0,176.0,69.29369999999973,356,0,533,3726.444515999999,7560.680476000002,10876.645260000001,2829.2900000000004,1563.7195845343003,1554.6980556749043,88273.28514856266,163763.62601744646,256039.07862216828,161.40394864360704,2.1679825688428966,-231.64326672275232,26614.87537642083,-100.43242740701862,-0.05464893044080808,-0.04015023460954932,-0.4489796794829357,646.3060081135985,1.212581628730954,0.9871436102075695,2.5470304693219816,2.301030469321981,3.1126115353453976,122.97802699630363,21767.110778345734,122.97802699630363,122.97802699630363,122.97802699630363,21767.110778345734,17232.304783126427,122.97802699630363,513.0349599417334,484.1372549019609,490.28000000000003,319.14269940119766,606.9215569745033,4.639268359624454,0.0,0.0,8.140951751948833,692.743744705073,-67.3077398900208,2504.7900000000013,0.0,352.8284271164907,0.0,532.968308,357.141692,0.0
C178,CCCCCCCCCCCCCCCCCCCCCCCCCCCCCCCCCCCCCCCCCCCCCCCCCCCCCCCCCCCCCCCCCCCCCCCCCCCCCCCCCCCCCCCCCCCCCCCCCCCCCCCCCCCCCCCCCCCCCCCCCCCCCCCCCCCCCCCCCCCCCCCCCCCCCCCCCCCCCCCCCCCCCCCCCCCCCCCCCC,1.3749840403460052,0.05326173666403607,11.898876404494382,3.112773975044865,126.45079348883277,178.0,176.0,0.0,4.639300278932443,0,0,177.0,69.68379999999974,358,0,536,3747.421959999999,7603.4099840000035,10939.530160000002,2845.2200000000003,1572.7411133936967,1563.7195845343006,88769.91480870116,164687.82821641234,257518.03377720685,161.40669592845848,2.168286366674118,-232.97610826464685,26764.9613694049,-100.43032209297587,-0.054647784862943666,-0.04014939296051949,-0.44897026774963267,649.950642087171,1.212594481505916,0.9871436102075704,2.5470301305243637,2.3010301305243615,3.112773975044865,123.67286881647334,22013.77064933225,123.67286881647334,123.67286881647334,123.67286881647334,22013.77064933225,17427.572758976334,123.67286881647334,515.9227967953386,486.86274509803934,493.04,320.9412538922156,610.3368466204274,4.639300278932443,0.0,0.0,8.149042162262354,696.6922118234535,-67.67864838787708,2518.8800000000006,0.0,354.82842711643247,0.0,535.971894,359.148106,0.0
C179,CCCCCCCCCCCCCCCCCCCCCCCCCCCCCCCCCCCCCCCCCCCCCCCCCCCCCCCCCCCCCCCCCCCCCCCCCCCCCCCCCCCCCCCCCCCCCCCCCCCCCCCCCCCCCCCCCCCCCCCCCCCCCCCCCCCCCCCCCCCCCCCCCCCCCCCCCCCCCCCCCCCCCCCCCCCCCCCCCCC,1.374984219164247,0.05326173666403553,11.899441340782124,3.1129346039363277,127.15790027001933,179.0,178.0,0.0,4.639331840603949,0,0,178.0,70.07389999999975,360,0,539,3768.3994039999993,7646.139492000003,11002.415060000003,2861.15,1581.7626422530925,1572.7411133936964,89266.54446883965,165612.0304153782,258996.9889322454,161.4094126312893,2.168586780301607,-234.3089552906675,26915.047350692963,-100.42824023640823,-0.05464665204918196,-0.040148560689238846,-0.4489609608821663,653.595275776722,1.2126071906803748,0.9871436102075698,2.547029799965187,2.3010297999651863,3.1129346039363277,124.36771035416312,22261.82015339521,124.36771035416312,124.36771035416312,124.36771035416312,22261.82015339521,17623.940836099508,124.36771035416312,518.8106336489438,489.58823529411774,495.8,322.7398083832336,613.7521362663517,4.639331840603949,0.0,0.0,8.157087456046353,700.6406926375566,-68.04951605306394,2532.970000000001,0.0,356.82842711637426,0.0,538.97548,361.15452,0.0
C180,CCCCCCCCCCCCCCCCCCCCCCCCCCCCCCCCCCCCCCCCCCCCCCCCCCCCCCCCCCCCCCCCCCCCCCCCCCCCCCCCCCCCCCCCCCCCCCCCCCCCCCCCCCCCCCCCCCCCCCCCCCCCCCCCCCCCCCCCCCCCCCCCCCCCCCCCCCCCCCCCCCCCCCCCCCCCCCCCCCCC,1.374984394993914,0.05326173666403496,11.9,3.113093452131167,127.86500705120588,180.0,178.0,0.0,4.639363050616121,0,0,179.0,70.46399999999977,362,0,542,3789.3768479999994,7688.869000000004,11065.299960000006,2877.08,1590.7841711124884,1581.7626422530925,89763.17412897815,166536.23261434404,260475.94408728404,161.41209925991907,2.1688838659603618,-235.64180770959004,27065.133320479246,-100.42618144745458,-0.05464553178730754,-0.04014773763967047,-0.44895175713762786,657.2399091869676,1.2126197586475416,0.9871436102075704,2.5470294722443887,2.3010294722443962,3.113093452131167,125.06255161408146,22511.25929053467,125.06255161408146,125.06255161408146,125.06255161408146,22511.25929053467,17821.409014495992,125.06255161408146,521.6984705025492,492.31372549019613,498.56,324.53836287425156,617.1674259122759,4.639363050616121,0.0,0.0,8.165088133696424,704.5891869415832,-68.42034322700698,2547.060000000001,0.0,358.82842711631605,0.0,541.979066,363.160934,0.0
C181,CCCCCCCCCCCCCCCCCCCCCCCCCCCCCCCCCCCCCCCCCCCCCCCCCCCCCCCCCCCCCCCCCCCCCCCCCCCCCCCCCCCCCCCCCCCCCCCCCCCCCCCCCCCCCCCCCCCCCCCCCCCCCCCCCCCCCCCCCCCCCCCCCCCCCCCCCCCCCCCCCCCCCCCCCCCCCCCCCCCCC,1.3749845679012345,0.05326173666403468,11.900552486187845,3.113250549076816,128.57211383239243,181.0,180.0,0.0,4.6393939148136525,0,0,180.0,70.85409999999979,364,0,545,3810.354291999999,7731.598508000003,11128.184860000001,2893.01,1599.8056999718838,1590.7841711124877,90259.80378911665,167460.43481330987,261954.89924232272,161.41475631098587,2.1691776786465313,-236.97466543220267,27215.21927895366,-100.4241453448157,-0.0546444238700422,-0.04014692365953557,-0.44894265481143286,660.8845423225202,1.2126321877477435,0.9871436102075708,2.5470291524253557,2.301029152425354,3.113250549076816,125.75739260083203,22762.088060750604,125.75739260083203,125.75739260083203,125.75739260083203,22762.088060750604,18019.977294165757,125.75739260083203,524.5863073561543,495.03921568627464,501.32,326.33691736526947,620.5827155582001,4.6393939148136525,0.0,0.0,8.173044687329147,708.5376945339113,-68.7911302464,2561.150000000001,0.0,360.82842711625784,0.0,544.982652,365.167348,0.0
C182,CCCCCCCCCCCCCCCCCCCCCCCCCCCCCCCCCCCCCCCCCCCCCCCCCCCCCCCCCCCCCCCCCCCCCCCCCCCCCCCCCCCCCCCCCCCCCCCCCCCCCCCCCCCCCCCCCCCCCCCCCCCCCCCCCCCCCCCCCCCCCCCCCCCCCCCCCCCCCCCCCCCCCCCCCCCCCCCCCCCCCC,1.374984737950612,0.05326173666403442,11.901098901098901,3.1134059235749727,129.27922061357899,182.0,180.0,0.0,4.639424438912428,0,0,181.0,71.2441999999998,366,0,548,3831.331735999999,7774.328016000003,11191.06976,2908.9400000000005,1608.8272288312803,1599.8056999718842,90756.43344925514,168384.6370122757,263433.8543973613,161.41738427025277,2.16946827215091,-238.30752837125053,27365.30522630201,-100.42213155557688,-0.054643328094150845,-0.04014611859974525,-0.4489336522364695,664.5291751878913,1.2126444802698746,0.9871436102075707,2.547028835303789,2.3010288353037898,3.1134059235749727,126.45223331891764,23014.306464042995,126.45223331891764,126.45223331891764,126.45223331891764,23014.306464042995,18219.64567510879,126.45223331891764,527.4741442097596,497.76470588235304,504.08,328.1354718562875,623.9980052041242,4.639424438912428,0.0,0.0,8.180957600963728,712.4862152169924,-69.16187744329639,2575.2400000000007,0.0,362.82842711619963,0.0,547.986238,367.173762,0.0
C183,CCCCCCCCCCCCCCCCCCCCCCCCCCCCCCCCCCCCCCCCCCCCCCCCCCCCCCCCCCCCCCCCCCCCCCCCCCCCCCCCCCCCCCCCCCCCCCCCCCCCCCCCCCCCCCCCCCCCCCCCCCCCCCCCCCCCCCCCCCCCCCCCCCCCCCCCCCCCCCCCCCCCCCCCCCCCCCCCCCCCCCC,1.3749849052046854,0.05326173666403414,11.901639344262295,3.113559603799188,129.98632739476554,183.0,182.0,0.0,4.639454628503057,0,0,182.0,71.63429999999981,368,0,551,3852.3091799999993,7817.0575240000035,11253.95466,2924.8700000000003,1617.8487576906766,1608.8272288312805,91253.06310939364,169308.83921124157,264912.80955239985,161.41998361290325,2.169755699091949,-239.64039644138202,27515.391162706008,-100.4201397149334,-0.05464224426135454,-0.04014532231447478,-0.4489247477821185,668.1738077874937,1.2126566384528017,0.9871436102075704,2.5470285257645546,2.301028525764549,3.113559603799188,127.14707377274226,23267.914500411833,127.14707377274226,127.14707377274226,127.14707377274226,23267.914500411833,18420.414157325045,127.14707377274226,530.361981063365,500.49019607843144,506.84,329.93402634730546,627.4132948500485,4.639454628503057,0.0,0.0,8.188827350698658,716.4347487972452,-69.53258514519814,2589.330000000001,0.0,364.8284271161414,0.0,550.989824,369.18017599999996,0.0
C184,CCCCCCCCCCCCCCCCCCCCCCCCCCCCCCCCCCCCCCCCCCCCCCCCCCCCCCCCCCCCCCCCCCCCCCCCCCCCCCCCCCCCCCCCCCCCCCCCCCCCCCCCCCCCCCCCCCCCCCCCCCCCCCCCCCCCCCCCCCCCCCCCCCCCCCCCCCCCCCCCCCCCCCCCCCCCCCCCCCCCCCCC,1.374985069724387,0.05326173666403414,11.902173913043478,3.1137116173119286,130.6934341759521,184.0,182.0,0.0,4.639484489054283,0,0,183.0,72.02439999999983,370,0,554,3873.2866239999994,7859.787032000004,11316.83956,2940.8,1626.8702865500725,1617.8487576906766,91749.69276953215,170233.04141020743,266391.7647074384,161.42255480382832,2.1700400109475764,-240.97326955909756,27665.47708834346,-100.41816946600999,-0.05464117217734464,-0.04014453466086745,-0.44891593985271144,671.8184401256453,1.2126686644867244,0.9871436102075681,2.5470282187900732,2.3010282187900906,3.1137116173119286,127.84191396661485,23522.912169857125,127.84191396661485,127.84191396661485,127.84191396661485,23522.912169857125,18622.282740814542,127.84191396661485,533.2498179169702,503.2156862745099,509.6,331.7325808383234,630.8285844959726,4.639484489054283,0.0,0.0,8.19665440488362,720.3832950849569,-69.90325367514272,2603.4200000000005,0.0,366.8284271160832,0.0,553.9934099999999,371.18658999999997,0.0
C185,CCCCCCCCCCCCCCCCCCCCCCCCCCCCCCCCCCCCCCCCCCCCCCCCCCCCCCCCCCCCCCCCCCCCCCCCCCCCCCCCCCCCCCCCCCCCCCCCCCCCCCCCCCCCCCCCCCCCCCCCCCCCCCCCCCCCCCCCCCCCCCCCCCCCCCCCCCCCCCCCCCCCCCCCCCCCCCCCCCCCCCCCC,1.374985231568998,0.05326173666403385,11.902702702702703,3.1138619910810292,131.40054095713865,185.0,184.0,0.0,4.639514025916287,0,0,184.0,72.41449999999985,372,0,557,3894.264067999999,7902.516540000004,11379.724460000003,2956.7300000000005,1635.8918154094683,1626.8702865500725,92246.32242967063,171157.24360917328,267870.719862477,161.4250982979032,2.1703212580862505,-242.30614764269987,27815.563003388343,-100.416220459602,-0.054640111652202394,-0.040143755499537144,-0.448907226887318,675.4630722065705,1.2126805605144892,0.987143610207569,2.547027919094704,2.301027919094701,3.1138619910810292,128.53675390475055,23779.29947237885,128.53675390475055,128.53675390475055,128.53675390475055,23779.29947237885,18825.251425577266,128.53675390475055,536.1376547705754,505.94117647058835,512.36,333.53113532934134,634.2438741418968,4.639514025916287,0.0,0.0,8.204439224286723,724.3318538941858,-70.27388335178782,2617.510000000001,0.0,368.828427116025,0.0,556.996996,373.193004,0.0
C186,CCCCCCCCCCCCCCCCCCCCCCCCCCCCCCCCCCCCCCCCCCCCCCCCCCCCCCCCCCCCCCCCCCCCCCCCCCCCCCCCCCCCCCCCCCCCCCCCCCCCCCCCCCCCCCCCCCCCCCCCCCCCCCCCCCCCCCCCCCCCCCCCCCCCCCCCCCCCCCCCCCCCCCCCCCCCCCCCCCCCCCCCCC,1.3749853907962015,0.05326173666403385,11.903225806451612,3.1140107514956368,132.1076477383252,186.0,184.0,0.0,4.6395432443238835,0,0,185.0,72.80459999999987,374,0,560,3915.2415119999996,7945.246048000002,11442.609359999999,2972.6600000000003,1644.9133442688635,1635.8918154094677,92742.95208980914,172081.44580813916,269349.6750175158,161.42761454025586,2.1705994897959773,-243.63903061224494,27965.648908010866,-100.4142923540407,-0.05463906249995215,-0.040142984693809516,-0.4488986073582739,679.1077040344032,1.212692328632863,0.98714361020757,2.547027621839074,2.3010276218390757,3.1140107514956368,129.23159359127422,24037.076407977,129.23159359127422,129.23159359127422,129.23159359127422,24037.076407977,19029.320211613172,129.23159359127422,539.0254916241806,508.66666666666674,515.12,335.3296898203593,637.659163787821,4.6395432443238835,0.0,0.0,8.212182262257269,728.2804250426661,-70.64447448949404,2631.6000000000004,0.0,370.8284271159668,0.0,560.000582,375.199418,0.0
C187,CCCCCCCCCCCCCCCCCCCCCCCCCCCCCCCCCCCCCCCCCCCCCCCCCCCCCCCCCCCCCCCCCCCCCCCCCCCCCCCCCCCCCCCCCCCCCCCCCCCCCCCCCCCCCCCCCCCCCCCCCCCCCCCCCCCCCCCCCCCCCCCCCCCCCCCCCCCCCCCCCCCCCCCCCCCCCCCCCCCCCCCCCCC,1.3749855474621344,0.05326173666403357,11.903743315508022,3.11415792438168,132.81475451951175,187.0,186.0,0.0,4.639572149399615,0,0,186.0,73.19469999999987,376,0,563,3936.218955999999,7987.975556000002,11505.49426,2988.59,1653.93487312826,1644.9133442688642,93239.58174994763,173005.64800710493,270828.6301725543,161.43010396652656,2.1708747543134526,-244.9719183894955,28115.73480237766,-100.41238481487312,-0.054638024538654364,-0.040142222109976956,-0.4488900797705913,682.7523356131895,1.2127039708937648,0.9871436102075699,2.5470273315744953,2.301027331574483,3.11415792438168,129.92643303022237,24296.242976651585,129.92643303022237,129.92643303022237,129.92643303022237,24296.242976651585,19234.48909892229,129.92643303022237,541.9133284777859,511.3921568627452,517.88,337.1282443113773,641.0744534337451,4.639572149399615,0.0,0.0,8.219883964884156,732.229008351718,-71.01502739840558,2645.690000000001,0.0,372.8284271159086,0.0,563.0041679999999,377.205832,0.0
C188,CCCCCCCCCCCCCCCCCCCCCCCCCCCCCCCCCCCCCCCCCCCCCCCCCCCCCCCCCCCCCCCCCCCCCCCCCCCCCCCCCCCCCCCCCCCCCCCCCCCCCCCCCCCCCCCCCCCCCCCCCCCCCCCCCCCCCCCCCCCCCCCCCCCCCCCCCCCCCCCCCCCCCCCCCCCCCCCCCCCCCCCCCCCC,1.3749857016214362,0.05326173666403357,11.904255319148936,3.1143035350167865,133.5218613006983,188.0,186.0,0.0,4.639600746156742,0,0,187.0,73.58479999999989,378,0,566,3957.196399999999,8030.705064000003,11568.37916,3004.5200000000004,1662.9564019876564,1653.9348731282603,93736.21141008614,173929.8502060708,272307.5853275928,161.43256700311952,2.171147098852509,-246.30481089787614,28265.8206866518,-100.41049751480335,-0.054636997590175325,-0.040141467617231134,-0.4488816426611892,686.3969669468893,1.2127154893054581,0.987143610207569,2.547027043631766,2.3010270436317466,3.1143035350167865,130.62127222554565,24556.799178402587,130.62127222554565,130.62127222554565,130.62127222554565,24556.799178402587,19440.75808750459,130.62127222554565,544.8011653313911,514.1176470588236,520.64,338.92679880239524,644.4897430796693,4.639600746156742,0.0,0.0,8.227544771150109,736.1776036461573,-71.38554238452897,2659.7800000000007,0.0,374.8284271158504,0.0,566.007754,379.212246,0.0
C189,CCCCCCCCCCCCCCCCCCCCCCCCCCCCCCCCCCCCCCCCCCCCCCCCCCCCCCCCCCCCCCCCCCCCCCCCCCCCCCCCCCCCCCCCCCCCCCCCCCCCCCCCCCCCCCCCCCCCCCCCCCCCCCCCCCCCCCCCCCCCCCCCCCCCCCCCCCCCCCCCCCCCCCCCCCCCCCCCCCCCCCCCCCCCC,1.3749858533272974,0.05326173666403357,11.904761904761905,3.1144476081447663,134.22896808188486,189.0,188.0,0.0,4.639629039502148,0,0,188.0,73.9748999999999,380,0,569,3978.173843999999,8073.434572000004,11631.264060000001,3020.4500000000003,1671.9779308470524,1662.9564019876568,94232.84107022463,174854.05240503667,273786.54048263136,161.43500406744613,2.1714165696300403,-247.63770806242871,28415.906560992917,-100.4086301334128,-0.05463598148016638,-0.04014072108744327,-0.44887329459755176,690.0415980393793,1.212726885833707,0.9871436102075699,2.5470267624063347,2.3010267624063268,3.1144476081447663,131.31611118111113,24818.745013230007,131.31611118111113,131.31611118111113,131.31611118111113,24818.745013230007,19648.12717736006,131.31611118111113,547.6890021849963,516.8431372549021,523.4,340.72535329341315,647.9050327255934,4.639629039502148,0.0,0.0,8.235165113081798,740.1262107542101,-71.75601974980997,2673.870000000001,0.0,376.8284271157922,0.0,569.01134,381.21866,0.0
C190,CCCCCCCCCCCCCCCCCCCCCCCCCCCCCCCCCCCCCCCCCCCCCCCCCCCCCCCCCCCCCCCCCCCCCCCCCCCCCCCCCCCCCCCCCCCCCCCCCCCCCCCCCCCCCCCCCCCCCCCCCCCCCCCCCCCCCCCCCCCCCCCCCCCCCCCCCCCCCCCCCCCCCCCCCCCCCCCCCCCCCCCCCCCCCC,1.3749860026315053,0.05326173666403357,11.905263157894737,3.114590167989643,134.9360748630714,190.0,188.0,0.0,4.6396570342391374,0,0,189.0,74.36499999999992,382,0,572,3999.151287999999,8116.164080000004,11694.148960000004,3036.38,1680.9994597064483,1671.9779308470524,94729.47073036313,175778.25460400252,275265.49563767,161.43741556816087,2.171683211893014,-248.97060980977065,28565.992425557313,-100.40678235703484,-0.05463497603790256,-0.04013998239517417,-0.4488650341774913,693.6862288944546,1.2127381624028928,0.9871436102075697,2.547026483391568,2.301026483391556,3.114590167989643,132.01094990070442,25082.08048113385,132.01094990070442,132.01094990070442,132.01094990070442,25082.08048113385,19856.59636848871,132.01094990070442,550.5768390386015,519.5686274509806,526.16,342.5239077844312,651.3203223715177,4.6396570342391374,0.0,0.0,8.242745415896042,744.0748295074295,-72.12645979220858,2687.9600000000005,0.0,378.828427115734,0.0,572.014926,383.225074,0.0
C191,CCCCCCCCCCCCCCCCCCCCCCCCCCCCCCCCCCCCCCCCCCCCCCCCCCCCCCCCCCCCCCCCCCCCCCCCCCCCCCCCCCCCCCCCCCCCCCCCCCCCCCCCCCCCCCCCCCCCCCCCCCCCCCCCCCCCCCCCCCCCCCCCCCCCCCCCCCCCCCCCCCCCCCCCCCCCCCCCCCCCCCCCCCCCCCC,1.3749861495844875,0.05326173666403357,11.905759162303665,3.114731238269211,135.64318164425796,191.0,190.0,0.0,4.639684735070162,0,0,190.0,74.75509999999994,384,0,575,4020.128731999999,8158.8935880000045,11757.033860000003,3052.3100000000004,1690.0209885658442,1680.9994597064485,95226.10039050161,176702.4568029684,276744.4507927085,161.43980190538994,2.1719470699433,-250.30351606805272,28716.078280497997,-100.40495387854426,-0.05463398109639816,-0.04013925141771258,-0.4488568600278395,697.3308595158314,1.212749320897098,0.9871436102075711,2.5470262108337836,2.3010262108337822,3.114731238269211,132.7057883880314,25346.805582114015,132.7057883880314,132.7057883880314,132.7057883880314,25346.805582114015,20066.165660890445,132.7057883880314,553.4646758922067,522.2941176470589,528.92,344.32246227544914,654.7356120174418,4.639684735070162,0.0,0.0,8.250286098142178,748.0234597406143,-72.49686280577238,2702.050000000001,0.0,380.82842711567577,0.0,575.018512,385.231488,0.0
C192,CCCCCCCCCCCCCCCCCCCCCCCCCCCCCCCCCCCCCCCCCCCCCCCCCCCCCCCCCCCCCCCCCCCCCCCCCCCCCCCCCCCCCCCCCCCCCCCCCCCCCCCCCCCCCCCCCCCCCCCCCCCCCCCCCCCCCCCCCCCCCCCCCCCCCCCCCCCCCCCCCCCCCCCCCCCCCCCCCCCCCCCCCCCCCCCC,1.3749862942353555,0.053261736664033305,11.90625,3.114870842208195,136.35028842544452,192.0,190.0,0.0,4.639712146599451,0,0,191.0,75.14519999999995,386,0,578,4041.1061759999993,8201.623096000003,11819.91876,3068.2400000000007,1699.04251742524,1690.0209885658437,95722.73005064012,177626.65900193423,278223.40594774723,161.44216347095227,2.1722081871624774,-251.63642676692086,28866.164125964824,-100.40314439719073,-0.05463299649185645,-0.04013852803479186,-0.44884877080425406,700.9754899071486,1.2127603631611568,0.9871436102075702,2.5470259403817246,2.3010259403817344,3.114870842208195,133.400626646722,25612.920316170632,133.400626646722,133.400626646722,133.400626646722,25612.920316170632,20276.83505456537,133.400626646722,556.3525127458121,525.0196078431374,531.6800000000001,346.12101676646705,658.150901663366,4.639712146599451,0.0,0.0,8.257787571840728,751.97210129173,-72.86722908070799,2716.1400000000003,0.0,382.82842711561756,0.0,578.022098,387.23790199999996,0.0
C193,CCCCCCCCCCCCCCCCCCCCCCCCCCCCCCCCCCCCCCCCCCCCCCCCCCCCCCCCCCCCCCCCCCCCCCCCCCCCCCCCCCCCCCCCCCCCCCCCCCCCCCCCCCCCCCCCCCCCCCCCCCCCCCCCCCCCCCCCCCCCCCCCCCCCCCCCCCCCCCCCCCCCCCCCCCCCCCCCCCCCCCCCCCCCCCCCC,1.3749864366319444,0.053261736664033305,11.906735751295336,3.1150090025510178,137.05739520663107,193.0,192.0,0.0,4.639739273335563,0,0,192.0,75.53529999999996,388,0,581,4062.0836199999994,8244.352604000003,11882.80366,3084.1700000000005,1708.0640462846363,1699.0425174252402,96219.35971077862,178550.86120090005,279702.3611027858,161.4445006485742,2.1724666060355675,-252.96934183747535,29016.24996210456,-100.40135361844025,-0.05463202206414259,-0.04013781212872443,-0.44884076518997557,704.6201200719701,1.2127712910016697,0.9871436102075711,2.5470256761389853,2.3010256761389885,3.1150090025510178,134.09546468032977,25880.424683303638,134.09546468032977,134.09546468032977,134.09546468032977,25880.424683303638,20488.604549513417,134.09546468032977,559.2403495994173,527.7450980392158,534.44,347.919571257485,661.5661913092902,4.639739273335563,0.0,0.0,8.265250242618494,755.9207540018331,-73.237558903451,2730.230000000001,0.0,384.82842711555935,0.0,581.025684,389.24431599999997,0.0
C194,CCCCCCCCCCCCCCCCCCCCCCCCCCCCCCCCCCCCCCCCCCCCCCCCCCCCCCCCCCCCCCCCCCCCCCCCCCCCCCCCCCCCCCCCCCCCCCCCCCCCCCCCCCCCCCCCCCCCCCCCCCCCCCCCCCCCCCCCCCCCCCCCCCCCCCCCCCCCCCCCCCCCCCCCCCCCCCCCCCCCCCCCCCCCCCCCCC,1.3749865768208542,0.053261736664033305,11.907216494845361,3.1151457415741164,137.76450198781762,194.0,192.0,0.0,4.639766119693854,0,0,193.0,75.92539999999998,390,0,584,4083.061063999999,8287.082112000004,11945.68856,3100.1000000000004,1717.0855751440324,1708.0640462846366,96715.98937091712,179475.0633998659,281181.31625782436,161.44681381409723,2.172722368174225,-254.30226121223492,29166.33578906094,-100.39958125381763,-0.054631057656186054,-0.0401371035841389,-0.44883284189554296,708.2647500137857,1.2127821061879893,0.9871436102075708,2.547025413902859,2.3010254139028525,3.1151457415741164,134.79030249233514,26149.31868351302,134.79030249233514,134.79030249233514,134.79030249233514,26149.31868351302,20701.474145734566,134.79030249233514,562.1281864530225,530.4705882352943,537.2,349.718125748503,664.9814809552142,4.639766119693854,0.0,0.0,8.272674509840156,759.8694177149957,-73.60785255673422,2744.3200000000006,0.0,386.82842711550114,0.0,584.02927,391.25073,0.0
C195,CCCCCCCCCCCCCCCCCCCCCCCCCCCCCCCCCCCCCCCCCCCCCCCCCCCCCCCCCCCCCCCCCCCCCCCCCCCCCCCCCCCCCCCCCCCCCCCCCCCCCCCCCCCCCCCCCCCCCCCCCCCCCCCCCCCCCCCCCCCCCCCCCCCCCCCCCCCCCCCCCCCCCCCCCCCCCCCCCCCCCCCCCCCCCCCCCCC,1.3749867148474864,0.053261736664033305,11.907692307692308,3.115281081097945,138.47160876900418,195.0,194.0,0.0,4.639792689998881,0,0,194.0,76.3155,392,0,587,4104.038508,8329.811620000004,12008.573460000001,3116.0300000000007,1726.1071040034285,1717.0855751440326,97212.61903105563,180399.26559883176,282660.271412863,161.4491033356797,2.1729755143382032,-255.6351848251003,29316.421606974756,-100.39782702077889,-0.054630103114274374,-0.040136402287982036,-0.448824999657684,711.9093797360155,1.212792810453178,0.9871436102075695,2.5470251576402823,2.3010251576402894,3.115281081097945,135.4851400861475,26419.60231679876,135.4851400861475,135.4851400861475,135.4851400861475,26419.60231679876,20915.443843228815,135.4851400861475,565.0160233066279,533.1960784313726,539.96,351.51668023952095,668.3967706011385,4.639792689998881,0.0,0.0,8.280060766736517,763.8180922782351,-73.97811031965426,2758.4100000000008,0.0,388.82842711544293,0.0,587.0328559999999,393.257144,0.0
C196,CCCCCCCCCCCCCCCCCCCCCCCCCCCCCCCCCCCCCCCCCCCCCCCCCCCCCCCCCCCCCCCCCCCCCCCCCCCCCCCCCCCCCCCCCCCCCCCCCCCCCCCCCCCCCCCCCCCCCCCCCCCCCCCCCCCCCCCCCCCCCCCCCCCCCCCCCCCCCCCCCCCCCCCCCCCCCCCCCCCCCCCCCCCCCCCCCCCC,1.3749868507560814,0.053261736664033305,11.908163265306122,3.1154150424985745,139.17871555019073,196.0,194.0,0.0,4.639818988486718,0,0,195.0,76.70560000000002,394,0,590,4125.015952,8372.541128000004,12071.458360000002,3131.9600000000005,1735.1286328628244,1726.1071040034285,97709.24869119411,181323.46779779764,284139.22656790144,161.45136957399183,2.173226084458477,-256.9681126113187,29466.50741598395,-100.39609064248494,-0.054629158287842226,-0.040135708129799365,-0.4488172372387766,715.5540092420088,1.2128034054949302,0.9871436102075697,2.5470249032906915,2.3010249032906813,3.1154150424985745,136.17997746510662,26691.275583160896,136.17997746510662,136.17997746510662,136.17997746510662,26691.275583160896,21130.513641996175,136.17997746510662,567.9038601602331,535.921568627451,542.72,353.3152347305389,671.8120602470626,4.639818988486718,0.0,0.0,8.28740940052948,767.7667775414425,-74.34833246773687,2772.5000000000014,0.0,390.8284271153847,0.0,590.036442,395.263558,0.0
C197,CCCCCCCCCCCCCCCCCCCCCCCCCCCCCCCCCCCCCCCCCCCCCCCCCCCCCCCCCCCCCCCCCCCCCCCCCCCCCCCCCCCCCCCCCCCCCCCCCCCCCCCCCCCCCCCCCCCCCCCCCCCCCCCCCCCCCCCCCCCCCCCCCCCCCCCCCCCCCCCCCCCCCCCCCCCCCCCCCCCCCCCCCCCCCCCCCCCCC,1.3749869845897542,0.053261736664033305,11.908629441624365,3.11554764671895,139.88582233137728,197.0,196.0,0.0,4.639845019307209,0,0,196.0,77.09570000000002,396,0,593,4145.993395999999,8415.270636000001,12134.34326,3147.8900000000003,1744.1501617222198,1735.1286328628237,98205.87835133262,182247.6699967635,285618.18172294024,161.4536128824053,2.1734741176571024,-258.3010445074492,29616.593216223675,-100.3943718477295,-0.05462822302911689,-0.040135021001016305,-0.44880955342662676,719.198638535047,1.2128138929764707,0.9871436102075706,2.5470246546901048,2.3010246546901194,3.11554764671895,136.8748146324841,26964.33848259937,136.8748146324841,136.8748146324841,136.8748146324841,26964.33848259937,21346.68354203661,136.8748146324841,570.7916970138383,538.6470588235295,545.48,355.1137892215569,675.2273498929868,4.639845019307209,0.0,0.0,8.294720792553848,771.7154733573157,-74.71851927300031,2786.5900000000006,0.0,392.8284271153265,0.0,593.040028,397.269972,0.0
C198,CCCCCCCCCCCCCCCCCCCCCCCCCCCCCCCCCCCCCCCCCCCCCCCCCCCCCCCCCCCCCCCCCCCCCCCCCCCCCCCCCCCCCCCCCCCCCCCCCCCCCCCCCCCCCCCCCCCCCCCCCCCCCCCCCCCCCCCCCCCCCCCCCCCCCCCCCCCCCCCCCCCCCCCCCCCCCCCCCCCCCCCCCCCCCCCCCCCCCC,1.374987116390528,0.053261736664033305,11.909090909090908,3.115678914279792,140.59292911256384,198.0,196.0,0.0,4.639870786526154,0,0,197.0,77.48580000000004,398,0,596,4166.97084,8458.000144000001,12197.228159999999,3163.8200000000006,1753.171690581616,1744.1501617222202,98702.50801147112,183171.87219572932,287097.1368779788,161.45583360717708,2.1737196522679096,-259.633980451331,29766.679007826348,-100.39267037076952,-0.05462729719377963,-0.04013434079541778,-0.4488019470328992,722.8432676183465,1.2128242745274271,0.9871436102075692,2.5470244079140016,2.301024407913997,3.115678914279792,137.56965159148592,27238.7910151142,137.56965159148592,137.56965159148592,137.56965159148592,27238.7910151142,21563.953543350122,137.56965159148592,573.6795338674435,541.372549019608,548.24,356.91234371257485,678.642639538911,4.639870786526154,0.0,0.0,8.301995318376065,775.6641795812928,-75.08867100401778,2800.680000000001,0.0,394.8284271152683,0.0,596.0436139999999,399.276386,0.0
C199,CCCCCCCCCCCCCCCCCCCCCCCCCCCCCCCCCCCCCCCCCCCCCCCCCCCCCCCCCCCCCCCCCCCCCCCCCCCCCCCCCCCCCCCCCCCCCCCCCCCCCCCCCCCCCCCCCCCCCCCCCCCCCCCCCCCCCCCCCCCCCCCCCCCCCCCCCCCCCCCCCCCCCCCCCCCCCCCCCCCCCCCCCCCCCCCCCCCCCCC,1.3749872461993675,0.053261736664033305,11.909547738693467,3.115808865290206,141.3000358937504,199.0,198.0,0.0,4.639896294127419,0,0,198.0,77.87590000000006,400,0,599,4187.948283999999,8500.729652000004,12260.11306,3179.75,1762.1932194410124,1753.1716905816163,99199.13767160961,184096.07439469517,288576.09203301737,161.4580320876273,2.173962725856347,-260.9669203820502,29916.76479092174,-100.39098595118223,-0.05462638063993789,-0.04013366740887607,-0.44879441689356847,726.4878964950583,1.2128345517446717,0.9871436102075698,2.5470241666729483,2.3010241666729505,3.115808865290206,138.26448834525323,27514.6331807054,138.26448834525323,138.26448834525323,138.26448834525323,27514.6331807054,21782.3236459367,138.26448834525323,576.5673707210487,544.0980392156864,551.0,358.7108982035928,682.0579291848353,4.639896294127419,0.0,0.0,8.309233347909977,779.6128960714883,-75.45878792597803,2814.770000000001,0.0,396.8284271152101,0.0,599.0472,401.2828,0.0
C200,CCCCCCCCCCCCCCCCCCCCCCCCCCCCCCCCCCCCCCCCCCCCCCCCCCCCCCCCCCCCCCCCCCCCCCCCCCCCCCCCCCCCCCCCCCCCCCCCCCCCCCCCCCCCCCCCCCCCCCCCCCCCCCCCCCCCCCCCCCCCCCCCCCCCCCCCCCCCCCCCCCCCCCCCCCCCCCCCCCCCCCCCCCCCCCCCCCCCCCCC,1.3749873740562106,0.053261736664033305,11.91,3.1159375194579386,142.00714267493694,200.0,198.0,0.0,4.639921546014997,0,0,199.0,78.26600000000006,402,0,602,4208.925727999999,8543.459160000002,12322.99796,3195.6800000000003,1771.2147483004082,1762.1932194410126,99695.76733174812,185020.27659366102,290055.04718805593,161.46020865631218,2.1742033752387,-262.2998642399091,30066.850565637047,-100.38931833377895,-0.05462547322875507,-0.040133000739458816,-0.4487869618678083,730.1325251682711,1.2128447261931412,0.9871436102075705,2.5470239271726207,2.301023927172634,3.1159375194579386,138.9593248968648,27791.86497937296,138.9593248968648,138.9593248968648,138.9593248968648,27791.86497937296,22001.79384979636,138.9593248968648,579.455207574654,546.8235294117649,553.76,360.5094526946108,685.4732188307594,4.639921546014997,0.0,0.0,8.316435245529691,783.5616226886305,-75.82887030074487,2828.860000000001,0.0,398.8284271151519,0.0,602.050786,403.28921399999996,0.0
