Name,smiles,RDKit2D_MinEStateIndex,RDKit2D_qed,RDKit2D_HeavyAtomMolWt,RDKit2D_HallKierAlpha,RDKit2D_LabuteASA,RDKit2D_TPSA,RDKit2D_VSA_EState1,RDKit2D_VSA_EState3,RDKit2D_VSA_EState8,RDKit2D_NHOHCount,RDKit2D_NumHDonors,RDKit2D_Phi,RDKit2D_MolLogP,RDKit2D_MolMR,Mordred2D_SpMAD_A,Mordred2D_ATS1dv,Mordred2D_ATS3dv,Mordred2D_ATS4dv,Mordred2D_ATS5dv,Mordred2D_ATS0Z,Mordred2D_ATS1Z,Mordred2D_ATS0m,Mordred2D_ATS1m,Mordred2D_ATS2m,Mordred2D_ATS3m,Mordred2D_ATS0p,Mordred2D_ATS2p,Mordred2D_AATS0dv,Mordred2D_AATS0m,Mordred2D_AATS0se,Mordred2D_AATS0are,Mordred2D_AATS0i,Mordred2D_ATSC0dv,Mordred2D_ATSC1dv,Mordred2D_ATSC0m,Mordred2D_ATSC1v,Mordred2D_ATSC0se,Mordred2D_ATSC0pe,Mordred2D_ATSC1pe,Mordred2D_ATSC1are,Mordred2D_ATSC1p,Mordred2D_ATSC1i,Mordred2D_AATSC0dv,Mordred2D_AATSC0m,Mordred2D_AATSC0are,Mordred2D_AATSC0i,Mordred2D_BCUTdv-1l,Mordred2D_BCUTm-1h,Mordred2D_BCUTare-1h,Mordred2D_BCUTp-1l,Mordred2D_SpAbs_Dzp,Mordred2D_VR2_Dzp,Mordred2D_Xp-5d,Mordred2D_Xp-6d,Mordred2D_Xp-7d,Mordred2D_SZ,Mordred2D_Mare,Mordred2D_Mi,Mordred2D_SpMAD_Dt,Mordred2D_SsCH3,Mordred2D_ETA_alpha,Mordred2D_ETA_beta,Mordred2D_ETA_epsilon_1,Mordred2D_ETA_epsilon_5,Mordred2D_ETA_dEpsilon_D,Mordred2D_fragCpx,Mordred2D_IC0,Mordred2D_TIC0,Mordred2D_MIC5,Mordred2D_ZMIC0,Mordred2D_ZMIC1,Mordred2D_FilterItLogS,Mordred2D_VMcGowan,Mordred2D_AMID,Mordred2D_MID_h,Mordred2D_MPC6,Mordred2D_piPC1,Mordred2D_piPC5,Mordred2D_piPC6,Mordred2D_TpiPC10,Mordred2D_TopoPSA
C1,C,0.0,0.35978493788397,12.011,0.0,8.739251027829551,0.0,0.0,0.0,0.0,0,0,0.0,0.6361,6.731,0.0,0.0,0.0,0.0,0.0,40.0,24.0,148.328377,48.428352000000004,6.0963840000000005,0.0,4.567351619396,2.6676774290939993,0.0,29.665675399999998,6.8828744,5.122,173.2929928373992,0.0,0.0,96.85280719999997,-144.08154460110245,0.018972799999999984,0.09799999999999981,-0.07840000000000014,-0.05759999999999999,-0.6441115423033604,-3.498824120607355,0.0,19.370561439999996,0.014399999999999982,0.874706030151839,0.0,12.011,2.5,1.67,0.0,0.0,0.0,0.0,0.0,1.666666666666667,0.9040000000000001,1.1661158583696705,0.0,0.0,0.5,0.0,0.38,0.7,0.0,0.0,0.7219280948873623,3.6096404744368114,5.837338485255589,3.816483617504394,3.816483617504394,0.4829130402062782,24.950000000000006,1.0,0.0,0,0.0,0.0,0.0,0.6931471805599453,0.0
C2,CC,2.0,0.37278555515760503,24.022,0.0,15.104193142226158,0.0,0.0,0.0,4.0,0,0,0.0,1.0262,11.348000000000003,1.0,1.0,0.0,0.0,0.0,78.0,72.0,294.624626,216.9066489999999,78.73891199999998,9.144576,8.245477429093999,9.348943289093999,0.25,36.82807825,6.923977000000001,5.192500000000001,170.38682804068674,1.5,-0.5625,181.59901349999998,-126.63417005956269,0.03557399999999997,0.18374999999999964,-0.06890624999999986,-0.05062500000000024,-0.5661136602275626,-3.0751383872525686,0.1875,22.699876687499998,0.01687499999999998,1.0250461290841866,0.89,12.120999999999999,2.61,1.5599999999999998,2.0,0.7071067811865476,0.0,0.0,0.0,3.0,0.9100000000000001,1.155733617221566,1.0,4.0,1.0,0.5,0.39999999999999997,0.7,0.0,1.0,0.8112781244591328,6.490224995673063,6.319268349454806,7.867668746754797,7.867668746754797,-0.3481257229235901,39.04000000000001,1.5,0.0,0,0.6931471805599453,0.0,0.0,1.3862943611198906,0.0
C3,CCC,1.25,0.3854706587740357,36.033,0.0,21.469135256622767,0.0,0.0,0.0,4.25,0,0,2.0,1.4163,15.965000000000003,0.9428090415820632,4.0,0.0,0.0,0.0,116.0,120.0,440.920875,385.38494599999984,272.44744899999995,84.83529600000001,11.923603238792001,17.036633433942995,0.5454545454545454,40.08371590909091,6.94266,5.2245454545454555,169.06584404218108,4.545454545454543,-0.4958677685950414,264.1440196363636,-119.07565669512607,0.05174399999999995,0.2672727272727267,-0.06479338842975063,-0.04760330578512351,-0.5323235886804635,-2.8915901823201318,0.41322314049586756,24.013092694214876,0.017851239669421468,1.0843463183700484,0.9773363066878588,12.167064295389393,2.6560642953893963,1.5149357046106016,5.464101615137755,1.2408064788027995,0.0,0.0,0.0,4.333333333333334,0.9127272727272729,1.1510144166997003,1.8213672050459186,4.25,1.5,1.0,0.4090909090909091,0.6999999999999998,0.0,2.0,0.8453509366224364,9.298860302846801,10.079882080244303,11.874995996387149,9.926052013809631,-0.8244293766420586,53.130000000000024,1.6380711874576983,0.0,0,1.0986122886681098,0.0,0.0,1.9459101490553132,0.0
C4,CCCC,1.3194444444444444,0.43102435767130914,48.044,0.0,27.834077371019376,0.0,0.0,0.0,4.361111111111111,0,0,3.0,1.8064,20.581999999999997,1.1180339887498947,8.0,1.0,0.0,0.0,154.0,168.0,587.2171240000001,553.8632429999999,466.15598600000004,281.592025,15.601729048490002,24.724323578791992,0.7142857142857143,41.94408028571429,6.953335999999999,5.242857142857145,168.310996043035,7.428571428571428,0.10204081632653068,345.9028828571429,-114.86092522409294,0.06775999999999993,0.3499999999999994,-0.06249999999999911,-0.045918367346938056,-0.5134817779841854,-2.7892411675759976,0.5306122448979591,24.70734877551021,0.018367346938775488,1.1156964670304068,0.9860010787499066,12.183037031393726,2.672037031393729,1.4997868010618713,10.324555320336763,1.631354320169683,0.0,0.0,0.0,5.666666666666669,0.9142857142857146,1.1483177306872057,2.581138830084191,4.361111111111111,2.0,1.5,0.41428571428571426,0.7,0.0,3.0,0.863120568566631,12.083687959932835,10.682631734665328,15.860625373896726,13.09255135541351,-1.282733202819753,67.22,1.7178300858899105,0.0,0,1.3862943611198906,0.0,0.0,2.3978952727983707,0.0
C5,CCCCC,1.34375,0.46878550980113315,60.05499999999999,0.0,34.19901948541599,0.0,0.0,0.0,4.423611111111111,0,0,4.0,2.1965000000000003,25.19899999999999,1.092820323027551,12.0,4.0,1.0,0.0,192.0,216.0,733.513373,722.3415399999998,659.864523,478.348754,19.279854858188,32.412013723641,0.8235294117647058,43.14784547058824,6.960244,5.254705882352942,167.822564984764,10.235294117647058,0.48442906574394395,427.2917964705882,-112.17421292473371,0.08370352941176461,0.4323529411764697,-0.06103806228373757,-0.04484429065743998,-0.501470923938603,-2.7239980177739063,0.602076124567474,25.134811557093425,0.018685121107266413,1.1349991740724557,0.9872569003884862,12.19216014105282,2.681160141052826,1.491594749421179,16.576431503800364,1.9479100549328756,0.0,0.0,0.0,7.000000000000001,0.9152941176470589,1.1465728162085327,3.3152863007600737,4.423611111111111,2.5,2.0,0.41764705882352937,0.7,0.0,4.0,0.8739810481273578,14.857677818165083,13.009216367923042,19.834721234744055,16.564363271458024,-1.7293109512410845,81.31000000000002,1.7699747468305833,0.0,0,1.6094379124341003,0.0,0.0,2.772588722239781,0.0
C6,CCCCCC,1.355,0.4629542813199688,72.06599999999999,0.0,40.563961599812586,0.0,0.0,0.0,4.463611111111111,0,0,5.0,2.5866000000000007,29.81599999999998,1.164653069144978,16.0,8.0,4.0,1.0,230.0,264.0,879.809622,890.8198369999997,853.5730599999998,675.1054829999999,22.95798066788599,40.099703868489996,0.9,43.9904811,6.965079600000001,5.263000000000001,167.4806632439743,13.0,0.75,508.4772378,-110.31243258521903,0.09960719999999991,0.5144999999999988,-0.060025000000002236,-0.04410000000000129,-0.4931478995760074,-2.678787217340018,0.65,25.42386189,0.01889999999999998,1.1480516645742884,0.9871324231766964,12.198113496106371,2.6871134961063783,1.4865077408153768,24.218623007825975,2.219424999731181,0.25,0.0,0.0,8.333333333333332,0.916,1.1453513760734615,4.036437167970996,4.463611111111111,3.0,2.5,0.42000000000000004,0.6999999999999998,0.0,5.0,0.8812908992306927,17.625817984613853,13.431363307842076,23.802045510726657,20.174385663055805,-2.1674661124533476,95.40000000000003,1.8065250715749255,0.0,0,1.791759469228055,0.6931471805599453,0.0,3.091042453358316,0.0
C7,CCCCCCC,1.3611111111111112,0.4763098736533007,84.07699999999998,0.0,46.92890371420919,0.0,0.0,0.0,4.491388888888888,0,0,6.0,2.976700000000002,34.432999999999986,1.1506684263216709,20.0,12.0,8.0,4.0,268.0,312.0,1026.1058709999998,1059.2981340000001,1047.281597,871.862212,26.63610647758399,47.787394013339,0.9565217391304348,44.61329873913042,6.968653739130437,5.26913043478261,167.22795326165146,15.739130434782613,0.9451795841209821,589.5388264347828,-108.94634752446281,0.11548660869565203,0.5965217391304339,-0.05928166351607159,-0.04355387523629764,-0.48704086374544553,-2.6456137017826444,0.6843100189035919,25.632122888468817,0.019054820415879,1.1574559945298442,0.9871447154965195,12.202366476080202,2.6913664760802147,1.4831599424998865,33.25076460311705,2.460427023395225,0.3535533905932738,0.1767766952966369,0.0,9.666666666666663,0.9165217391304347,1.1444485724953655,4.750109229016721,4.491388888888888,3.5,3.0,0.42173913043478256,0.7,0.0,6.0,0.8865408928220899,20.39044053490807,15.106072721840498,27.765075162887893,23.862714211800487,-2.599192278361068,109.49000000000004,1.8333983967282672,0.0,1,1.9459101490553132,1.0986122886681098,0.6931471805599453,3.367295829986474,0.0
C8,CCCCCCCC,1.364795918367347,0.4806106052751372,96.08799999999998,0.0,53.293845828605804,0.0,0.0,0.0,4.511797052154195,0,0,7.0,3.3668000000000022,39.05,1.1896926207859084,24.0,16.0,12.0,8.0,306.0,360.0,1172.4021199999997,1227.7764310000007,1240.9901339999994,1068.6189409999997,30.314232287281996,55.47508415818798,1.0,45.09238923076922,6.971403076923078,5.273846153846154,167.03356096755698,18.461538461538467,1.0946745562130213,670.5194344615384,-107.90130466613651,0.13135015384615373,0.6784615384615371,-0.05871301775148017,-0.04313609467455701,-0.48236903593354497,-2.62023625896083,0.7100591715976333,25.789209017751475,0.01917159763313607,1.1645494484270047,0.9871435010114099,12.205615354408035,2.6946153544080507,1.4807867747343446,43.67270669397953,2.6791886514363874,0.47855339059327373,0.25,0.125,11.0,0.916923076923077,1.1437541082045224,5.459088336747442,4.511797052154195,4.0,3.5,0.4230769230769231,0.7,0.0,7.0,0.8904916402194913,23.152782645706775,15.424106795320451,31.72521615294554,27.601553861865273,-3.0258022005496863,123.58000000000004,1.8538884938652538,0.0,2,2.0794415416798357,1.3862943611198906,1.0986122886681098,3.6109179126442243,0.0
C9,CCCCCCCCC,1.3671875,0.4777243799437154,108.09899999999998,0.0,59.658787943002416,0.0,0.0,0.0,4.527422052154195,0,0,8.0,3.7569000000000026,43.667000000000016,1.180833669927787,28.0,20.0,16.0,12.0,344.0,408.0,1318.6983689999995,1396.254728000001,1434.6986709999992,1265.37567,33.992358096980006,63.16277430303698,1.0344827586206897,45.47235755172412,6.9735835862068996,5.277586206896552,166.8793877687924,21.17241379310345,1.212841854934602,751.4441937931032,-107.07605871068867,0.14720275862068946,0.7603448275862053,-0.05826397146254695,-0.042806183115340825,-0.47867980254411097,-2.600196284637048,0.7300832342449465,25.911868751486317,0.01926278240190248,1.1700883280865861,0.9871436209956077,12.208230250878962,2.697230250878952,1.4790697732657914,55.48437863830438,2.880877764256019,0.6035533905932737,0.33838834764831843,0.1767766952966369,12.33333333333333,0.9172413793103448,1.1432033261807504,6.164930959811597,4.527422052154195,4.5,4.0,0.4241379310344827,0.7,0.0,8.0,0.8935711016541907,25.91356194797153,16.729307974127778,35.68332320783173,31.375750671093666,-3.4482147003950465,137.67000000000004,1.869974170870457,0.0,3,2.1972245773362196,1.6094379124341003,1.3862943611198906,3.828641396489095,0.0
C10,CCCCCCCCCC,1.3688271604938271,0.4684089279615184,120.10999999999997,0.0,66.02373005739904,0.0,0.0,0.0,4.539767731166541,0,0,9.0,4.147000000000004,48.28400000000003,1.205334836666454,32.0,24.0,20.0,16.0,382.0,456.0,1464.9946180000002,1564.7330249999995,1628.4072079999996,1462.1323989999996,37.670483906678,70.850464447886,1.0625,45.781081812500005,6.975355250000001,5.280625000000001,166.7541220447962,23.875,1.30859375,832.3288118749999,-106.40787900838225,0.1630474999999998,0.8421874999999983,-0.057900390625000714,-0.0425390625000003,-0.4756927283856631,-2.583970450399775,0.74609375,26.010275371093748,0.019335937499999976,1.1745320229089637,0.9871436091417667,12.210424867510222,2.6994248675102317,1.4777607364704108,68.68574350637256,3.068952470871216,0.7285533905932737,0.42677669529663687,0.23927669529663687,13.666666666666668,0.9175000000000001,1.1427558157864355,6.868574350637258,4.539767731166541,5.0,4.5,0.425,0.7,0.0,9.0,0.8960382325345574,28.673223441105836,16.9821920873637,39.639944988972836,35.17609676811088,-3.867102638111995,151.76000000000002,1.882909733129015,0.0,4,2.302585092994046,1.791759469228055,1.6094379124341003,4.02535169073515,0.0
C11,CCCCCCCCCCC,1.37,0.4526177505443085,132.12099999999998,0.0,72.38867217179563,0.0,0.0,0.0,4.549767731166541,0,0,10.0,4.537100000000004,52.90100000000004,1.1992280204954822,36.0,28.0,24.0,20.0,420.0,504.0,1611.2908669999997,1733.2113219999999,1822.1157449999996,1658.8891279999998,41.348609716376004,78.53815459273498,1.0857142857142856,46.03688191428571,6.976823200000002,5.283142857142857,166.65033044491358,26.571428571428573,1.3877551020408168,913.183610742857,-105.85582868652409,0.17888639999999978,0.9239999999999982,-0.05759999999999979,-0.042318367346939244,-0.47322480659022254,-2.570564660038148,0.7591836734693878,26.090960306938772,0.019395918367346915,1.1781754691841098,0.9871436103128646,12.212330500731968,2.7013305007319692,1.4767580211762785,83.27678045305561,3.245851360883339,0.8535533905932737,0.5151650429449552,0.30177669529663687,14.999999999999998,0.9177142857142858,1.1423850214597175,7.570616404823237,4.549767731166541,5.5,5.0,0.42571428571428566,0.7,0.0,10.0,0.898058793450166,31.43205777075581,17.89154028054272,43.59544950046522,38.99655443673954,-4.2829762724663905,165.85000000000005,1.8935238389107427,0.0,5,2.3978952727983707,1.9459101490553132,1.791759469228055,4.204692619390966,0.0
C12,CCCCCCCCCCCC,1.3708677685950414,0.43046430405249847,144.13199999999998,0.0,78.75361428619225,0.0,0.0,0.0,4.558032193976458,0,0,11.0,4.9272000000000045,57.51800000000005,1.2160383017597922,40.0,32.0,28.0,24.0,458.0,552.0,1757.5871159999997,1901.689619,2015.8242819999994,1855.6458569999995,45.02673552607401,86.22584473758398,1.105263157894737,46.252292526315784,6.978059368421054,5.285263157894738,166.56292699238088,29.263157894736842,1.4542936288088641,994.0156528421054,-105.39205781503769,0.19472084210526297,1.0057894736842083,-0.057347645429364776,-0.042132963988922176,-0.4711515350124095,-2.559302615922289,0.7700831024930748,26.158306653739615,0.019445983379501357,1.1812165919640485,0.9871436101971669,12.214031770313598,2.703031770313604,1.4759569065420133,99.25747698333788,3.4133661161887825,0.9785533905932737,0.6035533905932737,0.36427669529663687,16.333333333333332,0.9178947368421055,1.142072773605639,8.271456415278156,4.558032193976458,6.0,5.5,0.4263157894736842,0.6999999999999998,0.0,11.0,0.8997437586982626,34.19026283053398,18.046897879884703,47.55009264780696,42.83293844949645,-4.696233471684752,179.94000000000003,1.9023828896985149,0.0,6,2.4849066497880004,2.0794415416798357,1.9459101490553132,4.356708826689592,0.0
C13,CCCCCCCCCCCCC,1.3715277777777777,0.4031688486987215,156.14299999999997,0.0,85.11855640058886,0.0,0.0,0.0,4.5649766384209025,0,0,12.0,5.317300000000005,62.13500000000006,1.2115762269184243,44.0,36.0,32.0,28.0,496.0,600.0,1903.8833650000001,2070.1679159999994,2209.532818999998,2052.4025859999992,48.70486133577201,93.91353488243298,1.1219512195121952,46.43617963414634,6.979114634146341,5.287073170731707,166.48831428899933,31.95121951219512,1.5110053539559798,1074.8299335609756,-104.99696141365312,0.21055180487804856,1.0875609756097537,-0.05713265913146914,-0.041975014872101014,-0.46938527026866267,-2.5497082378013314,0.7792980368828079,26.215364233194528,0.019488399762046377,1.1837931104077535,0.9871436102085965,12.215585279612855,2.704585279612831,1.4753190596440786,116.62782523560165,3.5728570612732584,1.1035533905932737,0.6919417382415922,0.42677669529663687,17.666666666666668,0.918048780487805,1.1418062205594748,8.971371171969356,4.5649766384209025,6.5,6.0,0.4268292682926829,0.7,0.0,12.0,0.9011701959974223,36.947978035894316,17.981071908441724,51.50405783451428,46.68222344049515,-5.107191590682061,194.0300000000001,1.9098854538895524,0.0,7,2.5649493574615367,2.1972245773362196,2.0794415416798357,4.48863636973214,0.0
C14,CCCCCCCCCCCCCC,1.3720414201183433,0.3731035838174365,168.15399999999997,0.0,91.48349851498547,0.0,0.0,0.0,4.570893798184216,0,0,13.0,5.707400000000006,66.75200000000007,1.223824604786518,48.0,40.0,36.0,32.0,534.0,648.0,2050.179614,2238.6462129999977,2403.241355999998,2249.159314999999,52.38298714547001,101.60122502728197,1.1363636363636365,46.59499122727273,6.980025999999999,5.288636363636363,166.42387604516978,34.636363636363626,1.5599173553719032,1155.6300859090904,-104.65633889220022,0.22637999999999972,1.16931818181818,-0.05694731404959193,-0.041838842975212814,-0.4678625291136887,-2.541436683679835,0.7871900826446279,26.26432013429751,0.019524793388429728,1.1860037857172403,0.9871436102074689,12.217030001528377,2.7060300015283665,1.4747923715147473,135.3878200619314,3.7253850424780777,1.228553390593274,0.7803300858899107,0.48927669529663687,19.0,0.9181818181818183,1.1415760156559691,9.670558575852242,4.570893798184216,7.0,6.5,0.4272727272727273,0.7,0.0,13.0,0.9023932827949788,39.70530444297906,17.81206629397371,55.45747990690045,50.54214994210777,-5.5161085876553955,208.12000000000006,1.9163192151896562,0.0,8,2.6390573296152584,2.302585092994046,2.1972245773362196,4.605170185988092,0.0
C15,CCCCCCCCCCCCCCC,1.3724489795918366,0.3429502160022288,180.16499999999996,0.0,97.84844062938208,0.0,0.0,0.0,4.575995839000543,0,0,14.0,6.097500000000006,71.36900000000007,1.220422718347848,52.0,44.0,40.0,36.0,572.0,696.0,2196.475863,2407.1245099999974,2596.949892999998,2445.916043999999,56.06111295516802,109.28891517213097,1.148936170212766,46.733529000000004,6.9808210212765935,5.290000000000001,166.36766396012698,37.31914893617023,1.602535083748305,1236.4188153191487,-104.3596520424468,0.24220595744680826,1.2510638297872307,-0.05678587596197687,-0.04172023540063809,-0.4665362008534913,-2.534232047520111,0.7940244454504304,26.30678330466274,0.01955636034404705,1.1879212722750192,0.987143610207581,12.21839337685628,2.7073933768562646,1.4743610422732616,155.53745797650703,3.8717959272579714,1.353553390593274,0.8687184335382292,0.5517766952966369,20.33333333333334,0.9182978723404259,1.1413751986124854,10.369163865100477,4.575995839000543,7.5,7.0,0.42765957446808506,0.7,0.0,14.0,0.9034535552068337,42.462317094721186,17.59154640126205,59.41046020874918,54.410985914132354,-5.923197512348028,222.21000000000004,1.9218965379133792,0.0,9,2.70805020110221,2.3978952727983707,2.302585092994046,4.709530201312334,0.0
C16,CCCCCCCCCCCCCCCC,1.3727777777777779,0.3149047241460033,192.17599999999996,0.0,104.2133827437787,0.0,0.0,0.0,4.580440283444987,0,0,15.0,6.487600000000007,75.98600000000008,1.2297439309324276,56.0,48.0,44.0,40.0,610.0,744.0,2342.7721120000006,2575.602806999999,2790.658429999999,2642.6727729999984,59.739238764866016,116.97660531697997,1.16,46.85544224000001,6.9815206399999985,5.291199999999999,166.31819732528933,40.0,1.639999999999997,1317.1981779199996,-104.0989159742972,0.2580300799999997,1.332799999999997,-0.05664399999999725,-0.04161600000000135,-0.46537058931417824,-2.527900427138664,0.8,26.34396355839999,0.019583999999999976,1.189600201006501,0.9871436102075689,12.219695064667926,2.708695064667933,1.4739960062918886,177.07673655063599,4.0127768762281,1.478553390593274,0.9571067811865477,0.614276695296637,21.666666666666664,0.9184,1.1411984796142198,11.067296034414746,4.580440283444987,8.0,7.5,0.428,0.7,0.0,15.0,0.9043814577244937,45.21907288622469,17.34608371361549,63.36307636776333,58.28737500568233,-6.328636744352935,236.3,1.926777349795215,0.0,10,2.772588722239781,2.4849066497880004,2.3978952727983707,4.804021044733257,0.0
C17,CCCCCCCCCCCCCCCCC,1.373046875,0.29031715960806453,204.18699999999995,0.0,110.5783248581753,0.0,0.0,0.0,4.584346533444987,0,0,16.0,6.877700000000007,80.60300000000008,1.227064976795452,60.0,52.0,48.0,44.0,648.0,792.0,2489.068361,2744.0811039999985,2984.366966999999,2839.429501999998,63.417364574564026,124.66429546182897,1.169811320754717,46.96355398113208,6.982141056603771,5.292264150943393,166.2743306868484,42.67924528301888,1.6731933072267764,1397.9697643018872,-103.86797003105671,0.27385267924528284,1.4145283018867896,-0.0565183339266646,-0.04152367390530819,-0.4643381534938799,-2.5222922193769595,0.8052687789248845,26.376788005695985,0.019608401566393704,1.191082436928012,0.9871436102075715,12.220949343473805,2.7099493434737747,1.4736905534597935,200.00565405001043,4.14889506285494,1.603553390593274,1.0454951288348662,0.676776695296637,23.000000000000004,0.9184905660377362,1.141041766540286,11.765038473530026,4.584346533444987,8.5,8.0,0.4283018867924528,0.7,0.0,16.0,0.905200296956048,47.97561573867054,17.090428662239947,67.31538884394658,62.17023599515104,-6.732577412587707,250.3900000000001,1.9310842565138127,0.0,11,2.833213344056216,2.5649493574615367,2.4849066497880004,4.890349128221754,0.0
C18,CCCCCCCCCCCCCCCCCC,1.3732698961937717,0.2695410264515143,216.19799999999995,0.0,116.94326697257192,0.0,0.0,0.0,4.5878067410574435,0,0,17.0,7.267800000000007,85.22000000000008,1.2343961761601132,64.0,56.0,52.0,48.0,686.0,840.0,2635.3646100000005,2912.5594009999977,3178.0755039999985,3036.1862309999983,67.095490384262,132.35198560667803,1.1785714285714286,47.06008232142858,6.982694999999999,5.293214285714286,166.23516404538324,45.35714285714285,1.7028061224489792,1478.734824214285,-103.66198501474372,0.2896739999999996,1.4962499999999967,-0.0564062499999991,-0.041441326530609106,-0.46341730463073055,-2.517290153737106,0.8099489795918365,26.40597900382652,0.0196301020408163,1.1924005991387479,0.9871436102075694,12.22216670217774,2.711166702177736,1.4734270522862056,224.32420920933748,4.280625072506868,1.728553390593274,1.1338834764831847,0.739276695296637,24.33333333333333,0.9185714285714285,1.1409018441528453,12.46245606718542,4.5878067410574435,9.0,8.5,0.42857142857142855,0.7,0.0,17.0,0.9059282160429991,50.73198009840795,16.83309854957524,71.26744542347802,66.05869386515188,-7.135148890169441,264.48000000000013,1.9349127634855836,0.0,12,2.8903717578961645,2.6390573296152584,2.5649493574615367,4.969813299576001,0.0
C19,CCCCCCCCCCCCCCCCCCC,1.373456790123457,0.2520053119130528,228.20899999999995,0.0,123.30820908696853,0.0,0.0,0.0,4.590893160810531,0,0,18.0,7.657900000000008,89.83700000000009,1.2322320774920743,68.0,60.0,56.0,52.0,724.0,888.0,2781.6608590000005,3081.037697999998,3371.784040999998,3232.9429599999985,70.77361619396,140.0396757515271,1.1864406779661016,47.14679422033899,6.98319261016949,5.294067796610169,166.1999804522027,48.03389830508475,1.7293881068658363,1559.4943532203386,-103.4771219485098,0.3054942372881353,1.5779661016949118,-0.05630565929328764,-0.04136742315425543,-0.46259088071197857,-2.5128010058944454,0.8141338695777076,26.432107681700654,0.019649525998276338,1.1935804777998382,0.9871436102075678,12.223354923993645,2.712354923993649,1.4732027695049739,250.03240108793207,4.408368766365138,1.853553390593274,1.2222718241315031,0.801776695296637,25.666666666666664,0.9186440677966102,1.1407761511607377,13.159600057259585,4.590893160810531,9.5,9.0,0.42881355932203385,0.7,0.0,18.0,0.906579548498746,53.48819336142601,16.57909023545612,75.21928437217133,69.9520312069355,-7.536462941826279,278.5700000000001,1.938338338618071,0.0,13,2.9444389791664403,2.70805020110221,2.6390573296152584,5.043425116919247,0.0
C20,CCCCCCCCCCCCCCCCCCCC,1.3736149584487536,0.23665843587143434,240.21999999999994,0.0,129.67315120136516,0.0,0.0,0.0,4.593663243913023,0,0,19.0,8.048000000000007,94.4540000000001,1.2381489999654751,72.0,64.0,60.0,56.0,762.0,936.0,2927.957108,3249.515994999997,3565.492577999998,3429.6996889999987,74.45174200365798,147.72736589637617,1.1935483870967742,47.22511464516129,6.983642064516126,5.294838709677417,166.16820172287836,50.70967741935486,1.7533818938605665,1640.2491541935474,-103.31029066253913,0.32131354838709636,1.6596774193548345,-0.05621488033296755,-0.04130072840789179,-0.4618450672407979,-2.508749735282007,0.8178980228928203,26.455631519250765,0.019667013527575408,1.1946427310866692,0.9871436102075689,12.224519840777145,2.7135198407771357,1.4730063001423732,277.130228974656,4.5324699903970105,1.978553390593274,1.3106601717798216,0.864276695296637,27.0,0.9187096774193549,1.1406626220065763,13.856511448732794,4.593663243913023,10.0,9.5,0.4290322580645161,0.7,0.0,19.0,0.907165767573082,56.24427758953108,16.331320051273305,79.17093669257332,73.84965312545532,-7.936616906958246,292.6600000000001,1.9414213889622385,0.0,14,2.995732273553991,2.772588722239781,2.70805020110221,5.111987788356544,0.0
C21,CCCCCCCCCCCCCCCCCCCCC,1.37375,0.22251819493515618,252.23099999999994,0.0,136.03809331576176,0.0,0.0,0.0,4.596163243913024,0,0,20.0,8.438100000000006,99.0710000000001,1.2363644719148323,76.0,68.0,64.0,60.0,800.0,984.0,3074.2533570000005,3417.994291999999,3759.201114999999,3626.456417999999,78.12986781335601,155.415056041225,1.2,47.2962054923077,6.984050030769229,5.295538461538462,166.1393564147224,53.38461538461539,1.7751479289940795,1720.9998817846154,-103.15897572031575,0.33713206153846115,1.7413846153846124,-0.05613254437868986,-0.041240236686382235,-0.46116861904560813,-2.5050752579494,0.821301775147929,26.476921258224852,0.01968284023668636,1.1956041003850582,0.9871436102075699,12.225665865976469,2.7146658659764604,1.4728367384472398,305.61769232382494,4.6532256718130105,2.103553390593274,1.3990485194281401,0.926776695296637,28.33333333333333,0.9187692307692308,1.1405595724666442,14.553223443991664,4.596163243913024,10.5,10.0,0.4292307692307692,0.7,0.0,20.0,0.9076961653608384,59.0002507484545,16.091436474892866,83.12242776833801,77.7510613654583,-8.335696179018903,306.75000000000006,1.9442108310474038,0.0,15,3.044522437723423,2.833213344056216,2.772588722239781,5.176149732573829,0.0
C22,CCCCCCCCCCCCCCCCCCCCCC,1.3738662131519275,0.20895316562946994,264.24199999999996,0.0,142.40303543015838,0.0,0.0,0.0,4.598430817609168,0,0,21.0,8.828200000000002,103.6880000000001,1.2412403221442647,80.0,72.0,68.0,64.0,838.0,1032.0,3220.5496060000005,3586.472588999998,3952.9096519999985,3823.2131469999986,81.80799362305399,163.10274618607406,1.2058823529411764,47.361023617647064,6.984421999999999,5.296176470588235,166.1130562808155,56.05882352941177,1.7949826989619346,1801.7470751176468,-103.02110874511374,0.35294988235294095,1.8230882352941136,-0.05605752595154558,-0.04118512110725065,-0.46055228951999955,-2.5017273461846714,0.8243944636678201,26.49628051643598,0.01969723183391002,1.19647829600138,0.9871436102075684,12.226796374985433,2.715796374985457,1.4726863238817927,335.49479071106396,4.770894329463821,2.228553390593274,1.4874368670764586,0.989276695296637,29.666666666666664,0.9188235294117648,1.1404656155331774,15.24976321413926,4.598430817609168,11.0,10.5,0.4294117647058823,0.7,0.0,21.0,0.9081783472997051,61.75612761637995,15.86029969768104,87.07377858143167,81.65583489015047,-8.733776162495898,320.84000000000015,1.9467466949259469,0.0,16,3.091042453358316,2.8903717578961645,2.833213344056216,5.236441962829949,0.0
C23,CCCCCCCCCCCCCCCCCCCCCCC,1.3739669421487604,0.19567989082850493,276.253,0.0,148.76797754455498,0.0,0.0,0.0,4.600496933311648,0,0,22.0,9.218300000000001,108.3050000000001,1.2397436250665685,84.0,76.0,72.0,68.0,876.0,1080.0,3366.845855,3754.9508859999983,4146.618189,4019.9698759999987,85.48611943275198,170.7904363309231,1.2112676056338028,47.42036415492958,6.984762535211265,5.29676056338028,166.08897869343596,58.73239436619715,1.8131323150168632,1882.4911821971823,-102.89497333147949,0.368767098591549,1.9047887323943624,-0.05598889109301644,-0.04113469549690862,-0.4599884055330432,-2.4986643194181597,0.8272168220591147,26.51396031263637,0.019710374925609973,1.1972766530544914,0.9871436102075685,12.227913978373772,2.716913978373794,1.4725550074828078,366.76152380232355,4.885702697580299,2.353553390593274,1.575825214724777,1.051776695296637,31.000000000000004,0.9188732394366198,1.1403795986222574,15.946153208796671,4.600496933311648,11.5,11.0,0.4295774647887324,0.7,0.0,22.0,0.9086185980409245,64.51192046090564,15.638274252244699,91.02500662619923,85.5636150715795,-9.13092383603398,334.9300000000001,1.9490620524590658,0.0,17,3.1354942159291497,2.9444389791664403,2.8903717578961645,5.293304824724492,0.0
C24,CCCCCCCCCCCCCCCCCCCCCCCC,1.374054820415879,0.1826494365002578,288.264,0.0,155.1329196589516,0.0,0.0,0.0,4.602387292479889,0,0,23.0,9.608399999999998,112.92200000000011,1.243830925825721,88.0,80.0,76.0,72.0,914.0,1128.0,3513.1421040000005,3923.4291829999975,4340.326726000001,4216.726604999996,89.16424524245001,178.47812647577211,1.2162162162162162,47.47489329729731,6.985075459459457,5.297297297297298,166.06685334287096,61.4054054054054,1.8298027757487287,1963.2325783783788,-102.77913323558441,0.3845837837837835,1.9864864864864824,-0.05592585829071282,-0.041088385682966584,-0.4594705464065971,-2.4958513004239284,0.8298027757487216,26.5301699780862,0.01972242512783051,1.198008624203578,0.9871436102075689,12.229020719060797,2.7180207190607586,1.4724372885123573,399.41789133175234,4.997850949568925,2.478553390593274,1.6642135623730956,1.114276695296637,32.33333333333332,0.9189189189189187,1.140300556055465,16.642412138823016,4.602387292479889,12.0,11.5,0.42972972972972967,0.6999999999999998,0.0,23.0,0.9090221560878149,67.2676395504983,15.425412187153064,94.97612660482292,89.47409423884346,-9.527199014455954,349.0200000000001,1.9511844652355146,0.0,18,3.1780538303479458,2.995732273553991,2.9444389791664403,5.3471075307174685,0.0
C25,CCCCCCCCCCCCCCCCCCCCCCCCC,1.3741319444444444,0.16993743727121965,300.27500000000003,0.0,161.4978617733482,0.0,0.0,0.0,4.604123403591001,0,0,24.0,9.998499999999995,117.53900000000012,1.2425576612045797,92.0,84.0,80.0,76.0,952.0,1176.0,3659.438353,4091.907479999997,4534.035263000003,4413.483333999995,92.84237105214798,186.16581662062117,1.2207792207792207,47.52517341558442,6.985364,5.297792207792208,166.04645204559677,64.07792207792208,1.8451678191937928,2043.9715805194812,-102.67237745651502,0.40039999999999953,2.068181818181814,-0.05586776859502174,-0.041045707539194246,-0.45899329840304726,-2.4932588816942802,0.8321808062067803,26.545085461291965,0.019733513240006727,1.198682154660768,0.9871436102075698,12.230118215158916,2.719118215158918,1.4723335135248417,433.4638930856405,5.107516867039456,2.603553390593274,1.752601910021414,1.176776695296637,33.66666666666665,0.9189610389610384,1.140227672649722,17.338555723425625,4.604123403591001,12.5,12.0,0.4298701298701299,0.7,0.0,24.0,0.9093934226727596,70.02329354580249,15.22156997359381,98.9271509628073,93.38700671172515,-9.922655377675799,363.1100000000001,1.9531370858079709,0.0,19,3.2188758248682006,3.044522437723423,2.995732273553991,5.3981627015177525,0.0
C26,CCCCCCCCCCCCCCCCCCCCCCCCCC,1.3742,0.1576690191819601,312.28600000000006,0.0,167.86280388774483,0.0,0.0,0.0,4.605723403591001,0,0,25.0,10.388599999999993,122.15600000000012,1.246033381363411,96.0,88.0,84.0,80.0,990.0,1224.0,3805.734602000001,4260.3857769999995,4727.743799999998,4610.240062999999,96.52049686184603,193.85350676547,1.225,47.571682525000014,6.9856308999999985,5.298250000000001,166.0275808456181,66.75,1.859375,2124.7084579499997,-102.57367774824584,0.4162157999999996,2.1498749999999953,-0.055814062499994155,-0.041006249999989065,-0.45855206478434035,-2.490862093674146,0.834375,26.558855724374997,0.019743749999999977,1.1993039710284976,0.9871436102075716,12.231207763897604,2.7202077638976014,1.4722396506673998,468.899528890611,5.21485920308697,2.728553390593274,1.8409902576697326,1.239276695296637,35.0,0.9190000000000002,1.1401602554994095,18.034597265023503,4.605723403591001,13.0,12.5,0.43,0.7,0.0,25.0,0.9097361225311662,72.7788898024933,15.026484193052543,102.87809030582184,97.30212170123224,-10.31734131706445,377.20000000000005,1.9549395051912588,0.0,20,3.258096538021482,3.091042453358316,3.044522437723423,5.44673737166631,0.0
C27,CCCCCCCCCCCCCCCCCCCCCCCCCCC,1.3742603550295858,0.14597546564954839,324.2970000000001,0.0,174.22774600214143,0.0,0.0,0.0,4.607202693531829,0,0,26.0,10.77869999999999,126.77300000000012,1.2449370181740935,100.0,92.0,88.0,84.0,1028.0,1272.0,3952.030851000001,4428.864074,4921.452336999999,4806.996791999998,100.198622671544,201.54119691031903,1.2289156626506024,47.614829530120495,6.985878506024096,5.298674698795181,166.01007382877043,69.42168674698793,1.8725504427347919,2205.4434410602403,-102.48215539924702,0.4320312289156622,2.2315662650602364,-0.05576426186672736,-0.04096966177963165,-0.45814291730098683,-2.488639598050757,0.8364058644215413,26.57160772361735,0.019753229786616314,1.1998798062033507,0.9871436102075704,12.23229041762686,2.721290417626837,1.4721562154080396,505.724798604821,5.320020422289402,2.853553390593274,1.929378605318051,1.301776695296637,36.33333333333333,0.9190361445783131,1.1400977118780355,18.730548096474852,4.607202693531829,13.5,13.0,0.4301204819277108,0.7,0.0,26.0,0.9100534290139191,75.53443460815528,14.839821017379482,106.82895372746682,101.21923763107694,-10.711300637357862,391.2900000000001,1.956608412217017,0.0,21,3.295836866004329,3.1354942159291497,3.091042453358316,5.493061443340548,0.0
C28,CCCCCCCCCCCCCCCCCCCCCCCCCCCC,1.3743141289437586,0.13497266961693322,336.3080000000001,0.0,180.59268811653806,0.0,0.0,0.0,4.608574435644313,0,0,27.0,11.168799999999989,131.39000000000007,1.2479288610522694,104.0,96.0,92.0,88.0,1066.0,1320.0,4098.327100000001,4597.342371000001,5115.160873999999,5003.753520999999,103.87674848124199,209.22888705516806,1.2325581395348837,47.65496627906978,6.986108837209303,5.2990697674418605,165.99378823170284,72.09302325581399,1.8848025959978385,2286.1767280930217,-102.3970550039977,0.447846325581395,2.3132558139534845,-0.05571795565167812,-0.0409356408869487,-0.4577624789388917,-2.486573050829385,0.8382909680908603,26.583450326663044,0.01976203353163871,1.2004145762630019,0.98714361020757,12.23336703976673,2.7223670397667314,1.472080168867956,543.9397021113155,5.423128953014621,2.978553390593274,2.0177669529663698,1.364276695296637,37.66666666666666,0.9190697674418602,1.1400395317651295,19.42641793254698,4.608574435644313,14.0,13.5,0.43023255813953487,0.7,0.0,27.0,0.9103480624345153,78.28993336936831,14.661208724316412,110.77974906940004,105.13817755363948,-11.104573143146128,405.3800000000001,1.9581581116893865,0.0,22,3.332204510175204,3.1780538303479458,3.1354942159291497,5.537334267018537,0.0
C29,CCCCCCCCCCCCCCCCCCCCCCCCCCCCC,1.374362244897959,0.12475265989203768,348.31900000000013,0.0,186.95763023093465,0.0,0.0,0.0,4.609849945848394,0,0,28.0,11.558899999999985,136.00700000000003,1.2469749439812559,108.0,100.0,96.0,92.0,1104.0,1368.0,4244.623349000001,4765.820668000001,5308.869411,5200.510249999997,107.55487429094002,216.91657720001712,1.2359550561797752,47.6923971797753,6.986323640449438,5.299438202247193,165.97860054005554,74.76404494382021,1.896225224087867,2366.9084905617974,-102.31772356788353,0.46366112359550515,2.3949438202247144,-0.05567478853678858,-0.040903926271924476,-0.4574078305083321,-2.4846465949263505,0.8400454488069686,26.59447742204267,0.019770231031435413,1.2009125208813598,0.9871436102075695,12.234438346319621,2.72343834631961,1.4720120822967737,583.544239312969,5.5243010541124535,3.103553390593274,2.106155300614688,1.426776695296637,39.00000000000001,0.9191011235955058,1.1399852739070255,20.12221514872307,4.609849945848394,14.5,14.0,0.43033707865168536,0.7,0.0,28.0,0.9106223680988619,81.04539076079871,14.490259070955753,114.7304831295627,109.0587854181525,-11.497195132325981,419.47000000000014,1.9596009353801553,0.0,23,3.367295829986474,3.2188758248682006,3.1780538303479458,5.579729825986222,0.0
C30,CCCCCCCCCCCCCCCCCCCCCCCCCCCCCC,1.3744054696789536,0.11538186127227373,360.33000000000015,0.0,193.32257234533128,0.0,0.0,0.0,4.611039006490486,0,0,29.0,11.948999999999982,140.62399999999997,1.2495773743552125,112.0,104.0,100.0,96.0,1142.0,1416.0,4390.919598000002,4934.298965000002,5502.577948000002,5397.2669789999945,111.23300010063801,224.60426734486614,1.2391304347826086,47.727386934782636,6.986524434782609,5.2997826086956525,165.9644033500374,77.43478260869563,1.906899810964074,2447.638877608696,-102.24359372169131,0.47947565217391264,2.476630434782603,-0.05563445179581893,-0.040874291115292526,-0.45707643560486966,-2.482846452550821,0.8416824196597351,26.604770408790174,0.019777882797731537,1.2013773157508425,0.9871436102075699,12.235504936950854,2.7245049369508676,1.4719496106497911,624.5384101285799,5.6236423737517125,3.228553390593274,2.1945436482630063,1.489276695296637,40.333333333333336,0.9191304347826087,1.1399345546048856,20.817947004286,4.611039006490486,15.0,14.5,0.43043478260869567,0.7,0.0,29.0,0.9108783787500366,83.80081084500337,14.326581264388665,118.68116183019436,112.98092300907172,-11.889199813943332,433.56000000000006,1.960947570846178,0.0,24,3.4011973816621555,3.258096538021482,3.2188758248682006,5.62040086571715,0.0
C31,CCCCCCCCCCCCCCCCCCCCCCCCCCCCCCC,1.3744444444444444,0.1069018002662766,372.3410000000002,0.0,199.68751445972788,0.0,0.0,0.0,4.6121501176015975,0,0,30.0,12.33909999999998,145.2409999999999,1.2487398467733672,116.0,108.0,104.0,100.0,1180.0,1464.0,4537.215847000004,5102.777262000003,5696.286485000002,5594.023707999993,114.911125910336,232.2919574897152,1.2421052631578948,47.76016681052636,6.986712547368422,5.300105263157894,165.951102824652,80.10526315789478,1.9168975069252105,2528.368019536842,-102.17417013264217,0.49528993684210465,2.5583157894736797,-0.055596675900251684,-0.04084653739609775,-0.4567660798605662,-2.481160595221514,0.8432132963988924,26.61440020565097,0.019785041551246517,1.2018121633111138,0.9871436102075687,12.23656731849304,2.725567318493023,1.4718933247228816,666.9222144898395,5.721249260289141,3.353553390593274,2.2829319959113246,1.551776695296637,41.666666666666664,0.9191578947368421,1.1398870386270914,21.513619822252878,4.6121501176015975,15.5,15.0,0.43052631578947365,0.7,0.0,30.0,0.9111178649415465,86.55619716944692,14.169790970720811,122.63179035441144,116.90446741629198,-12.280617664121444,447.6500000000002,1.9622073266150246,0.0,25,3.4339872044851463,3.295836866004329,3.258096538021482,5.659482215759621,0.0
C32,CCCCCCCCCCCCCCCCCCCCCCCCCCCCCCCC,1.3744797086368366,0.09932969801008837,384.3520000000002,0.0,206.0524565741245,0.0,0.0,0.0,4.613190700327925,0,0,31.0,12.729199999999977,149.85799999999986,1.251024243780321,120.0,112.0,108.0,104.0,1218.0,1512.0,4683.512096000002,5271.255558999999,5889.995021999998,5790.780436999999,118.58925172003401,239.97964763456403,1.2448979591836735,47.790939755102066,6.986889142857142,5.300408163265308,165.93861661714732,82.77551020408158,1.9262807163681757,2609.096030693878,-102.1090184237049,0.5111039999999994,2.6399999999999952,-0.05556122448977915,-0.04082049146187172,-0.45647482140798723,-2.479578474685346,0.844648063306955,26.62342888463141,0.019791753436068277,1.2022198665143973,0.9871436102075698,12.23762592290835,2.7266259229083127,1.4718413781683402,710.6956523389496,5.817209871760292,3.478553390593274,2.371320343559643,1.614276695296637,43.000000000000014,0.9191836734693879,1.139842431790794,22.209239135592167,4.613190700327925,16.0,15.5,0.43061224489795913,0.7,0.0,31.0,0.9113423759758417,89.31155284563248,14.019515978606677,126.58237325800269,120.82930893097259,-12.671476730931598,461.74000000000024,1.9633883476533118,0.0,26,3.4657359027997265,3.332204510175204,3.295836866004329,5.697093486505405,0.0
C33,CCCCCCCCCCCCCCCCCCCCCCCCCCCCCCCCC,1.37451171875,0.09265803311375906,396.3630000000002,0.0,212.4173986885211,0.0,0.0,0.0,4.614167262827925,0,0,32.0,13.119299999999976,154.4749999999998,1.250283036649758,124.0,116.0,112.0,108.0,1256.0,1560.0,4829.808345000003,5439.733856,6083.703559,5987.537165999998,122.267377529732,247.6673377794131,1.2475247524752475,47.819884603960425,6.987055247524753,5.300693069306934,165.92687216454385,85.44554455445541,1.935104401529258,2689.823011841586,-102.04775607714942,0.5269178613861379,2.7216831683168268,-0.055527889422574354,-0.04079600039209462,-0.456200950214867,-2.4780908020172214,0.8459954906381724,26.631911008332533,0.019798059013822145,1.2026028892147387,0.9871436102075698,12.23868112116481,2.7276811211648297,1.4717943143508547,755.8587236267401,5.911605120578205,3.603553390593274,2.459708691207961,1.676776695296637,44.333333333333336,0.9192079207920792,1.1398004748655644,22.90480980687091,4.614167262827925,16.5,16.0,0.4306930693069307,0.7,0.0,32.0,0.911553273406725,92.06688061407922,13.875399599961018,130.5329145615329,124.75534928460296,-13.061802896882515,475.83000000000015,1.9644977916613968,0.0,27,3.4965075614664802,3.367295829986474,3.332204510175204,5.733341276897746,0.0
C34,CCCCCCCCCCCCCCCCCCCCCCCCCCCCCCCCCC,1.374540863177227,0.08685376577555898,408.37400000000025,0.0,218.78234080291773,0.0,0.0,0.0,4.615085536473471,0,0,33.0,13.509399999999973,159.09199999999973,1.2523043396160418,128.0,120.0,116.0,112.0,1294.0,1608.0,4976.104594000002,5608.212153,6277.412096,6184.293894999997,125.94550333943002,255.35502792426212,1.25,47.84715955769233,6.987211769230767,5.30096153846154,165.91580527651377,88.11538461538464,1.9434171597633165,2770.549052115385,-101.99004491976453,0.5427315384615377,2.803365384615378,-0.055496486686378174,-0.04077292899406767,-0.4559429544896583,-2.4766893651440975,0.8472633136094677,26.639894731878705,0.019803994082840205,1.2029634059272014,0.9871436102075706,12.239733234071355,2.728733234071388,1.471750654197105,802.4114283111669,6.004509482420216,3.728553390593274,2.5480970388562794,1.739276695296637,45.666666666666686,0.9192307692307694,1.1397609385321745,23.600336126799025,4.615085536473471,17.0,16.5,0.43076923076923074,0.7,0.0,33.0,0.9117517586347537,94.82218289801438,13.737102540287092,134.48341782668533,128.68250016687762,-13.451620106014289,489.9200000000002,1.9655419742584157,0.0,28,3.5263605246161616,3.4011973816621555,3.367295829986474,5.768320995793772,0.0
C35,CCCCCCCCCCCCCCCCCCCCCCCCCCCCCCCCCCC,1.3745674740484428,0.08185908682321807,420.3850000000003,0.0,225.14728291731433,0.0,0.0,0.0,4.615950588376585,0,0,34.0,13.899499999999971,163.7089999999997,1.2516437456246399,132.0,124.0,120.0,116.0,1332.0,1656.0,5122.400843000002,5776.690450000002,6471.120633,6381.050623999996,129.62362914912805,263.04271806911106,1.2523364485981308,47.87290507476637,6.98735951401869,5.30121495327103,165.90535896164417,90.78504672897195,1.9512621189623538,2851.2742306542045,-101.93558487806278,0.5585450467289715,2.885046728971956,-0.05546685300024104,-0.04075115730629877,-0.45569949276419514,-2.47536687718693,0.8484583806445977,26.647422716394434,0.019809590357236413,1.2033033430772524,0.987143610207569,12.240782540825926,2.7297825408259175,1.4717109019216816,850.3537663561103,6.095991692445245,3.853553390593274,2.6364853865045976,1.801776695296637,47.000000000000014,0.9192523364485983,1.1397236191894426,24.295821895888874,4.615950588376585,17.5,17.0,0.43084112149532705,0.7,0.0,34.0,0.9119388957757235,97.57746184800241,13.604303738098755,138.43388621990212,132.61068197156249,-13.840950561261351,504.0100000000001,1.9665264892790333,0.0,29,3.5553480614894135,3.4339872044851463,3.4011973816621555,5.802118375377063,0.0
C36,CCCCCCCCCCCCCCCCCCCCCCCCCCCCCCCCCCCC,1.3745918367346939,0.07759553644795648,432.3960000000003,0.0,231.51222503171093,0.0,0.0,0.0,4.616766914907197,0,0,35.0,14.289599999999968,168.32599999999962,1.2534449291573146,136.0,128.0,124.0,120.0,1370.0,1704.0,5268.697092000004,5945.168747000002,6664.829170000003,6577.807352999995,133.30175495882605,270.7304082139601,1.2545454545454546,47.89724629090913,6.9874992,5.301454545454548,165.89548244576744,93.4545454545455,1.9586776859504216,2931.998617963636,-101.88410875977003,0.5743583999999995,2.966727272727267,-0.055438842975180196,-0.04073057851237779,-0.4554693705647225,-2.474116849746546,0.8495867768595045,26.654532890578512,0.01981487603305783,1.2036244133907545,0.9871436102075696,12.241829285827592,2.7308292858275713,1.471673854725034,899.6857377303988,6.186115347462122,3.978553390593274,2.724873734152916,1.864276695296637,48.33333333333334,0.9192727272727274,1.1396883354472231,24.991270492511077,4.616766914907197,18.0,17.5,0.4309090909090909,0.7,0.0,35.0,0.9121156307204276,100.33271937924704,13.476700516148743,142.38432256572037,136.5398227299653,-14.229814896707701,518.1000000000001,1.967456309019388,0.0,30,3.58351893845611,3.4657359027997265,3.4339872044851463,5.834810737062605,0.0
C37,CCCCCCCCCCCCCCCCCCCCCCCCCCCCCCCCCCCCC,1.3746141975308641,0.07397182162107324,444.4070000000003,0.0,237.87716714610755,0.0,0.0,0.0,4.617538519845469,0,0,36.0,14.679699999999965,172.94299999999956,1.2528524791858795,140.0,132.0,128.0,124.0,1408.0,1752.0,5414.993341000002,6113.6470439999985,6858.537706999999,6774.564081999999,136.979880768524,278.418098358809,1.2566371681415929,47.92029505309736,6.987631469026548,5.301681415929206,165.88613034666307,96.12389380530978,1.9656981752682234,3012.722277061945,-101.83537787022847,0.5901716106194682,3.0484070796460108,-0.05541232672878391,-0.04071109718848771,-0.45525152081509657,-2.472933486449493,0.8506539274806175,26.66125908904376,0.019819876262824,1.2039281447191301,0.9871436102075696,12.242873684156315,2.7318736841562963,1.4716399739182773,950.4073424070175,6.274939429137275,4.103553390593274,2.813262081801234,1.926776695296637,49.666666666666686,0.9192920353982303,1.1396549251780415,25.686684929919398,4.617538519845469,18.5,18.0,0.4309734513274336,0.7,0.0,36.0,0.912282807105598,103.08795720293257,13.354008280620732,146.33472939170028,140.46985719968197,-14.618232328531365,532.1900000000002,1.968335868233507,0.0,31,3.6109179126442243,3.4965075614664802,3.4657359027997265,5.8664680569332965,0.0
C38,CCCCCCCCCCCCCCCCCCCCCCCCCCCCCCCCCCCCCC,1.37463476990504,0.07089357247221245,456.41800000000035,0.0,244.24210926050415,0.0,0.0,0.0,4.618268980035388,0,0,37.0,15.069799999999963,177.55999999999952,1.254467641991022,144.0,136.0,132.0,128.0,1446.0,1800.0,5561.289590000002,6282.125340999999,7052.246243999998,6971.320810999998,140.65800657822203,286.10578850365795,1.2586206896551724,47.942151637931055,6.987756896551724,5.30189655172414,165.87726197682258,98.79310344827584,1.9723543400713386,3093.4452644482753,-101.78917831184985,0.6059846896551716,3.1300862068965447,-0.05538718787156896,-0.040692627824003104,-0.4550449872935,-2.4718115930821503,0.8516646848989297,26.667631590071338,0.019824613555291304,1.2042159043224452,0.9871436102075709,12.243915926019568,2.7329159260195848,1.4716082684148526,1002.518580362459,6.362518760549015,4.228553390593273,2.9016504294495524,1.989276695296637,51.000000000000014,0.9193103448275863,1.1396232430262316,26.38206790427523,4.618268980035388,19.0,18.5,0.43103448275862066,0.7,0.0,37.0,0.9124411797645409,105.84317685268674,13.235959931387352,150.28510896645076,144.40072608256784,-15.006220787774517,546.2800000000001,1.9691691348574092,0.0,32,3.6375861597263857,3.5263605246161616,3.4965075614664802,5.8971538676367405,0.0
C39,CCCCCCCCCCCCCCCCCCCCCCCCCCCCCCCCCCCCCCC,1.3746537396121883,0.06827221578128072,468.42900000000037,0.0,250.60705137490078,0.0,0.0,0.0,4.618961500811012,0,0,38.0,15.45989999999996,182.17699999999945,1.2539333117619011,148.0,140.0,136.0,132.0,1484.0,1848.0,5707.585839000004,6450.6036380000005,7245.954780999999,7168.077539999997,144.33613238792003,293.79347864850695,1.2605042016806722,47.962906210084064,6.987876000000001,5.302100840336138,165.86884075167993,101.46218487394955,1.9786738224701725,3174.1676309243708,-101.74531784556737,0.6217976470588231,3.2117647058823473,-0.05536332179927539,-0.04067509356681062,-0.45484891060190386,-2.470746501380825,0.8526234023020971,26.673677570793032,0.019829108113833743,1.2044889194238309,0.9871436102075691,12.244956180391068,2.733956180391014,1.4715791569568106,1056.019451576195,6.44890440619036,4.353553390593273,2.9900387770978707,2.051776695296637,52.333333333333336,0.919327731092437,1.1395931582938412,27.07742183528705,4.618961500811012,19.5,19.0,0.4310924369747899,0.7,0.0,38.0,0.9125914261094841,108.5983797070286,13.122305095979737,154.23546333195912,148.33237535080977,-15.393797037544324,560.3700000000001,1.969959669859573,0.0,33,3.6635616461296463,3.5553480614894135,3.5263605246161616,5.926926025970411,0.0
C40,CCCCCCCCCCCCCCCCCCCCCCCCCCCCCCCCCCCCCCCC,1.3746712689020382,0.06603080499572023,480.4400000000004,0.0,256.97199348929735,0.0,0.0,0.0,4.6196189630069355,0,0,39.0,15.849999999999959,186.7939999999994,1.255389855581189,152.0,144.0,140.0,136.0,1522.0,1896.0,5853.882088000002,6619.081935000001,7439.663318000001,7364.834268999995,148.01425819761798,301.48116879335606,1.2622950819672132,47.98264006557379,6.987989245901638,5.302295081967216,165.86083368515096,104.13114754098356,1.9846815372211715,3254.8894222950835,-101.70362321723623,0.637610491803278,3.293442622950814,-0.055340634238096,-0.040658425154521574,-0.4546625162137114,-2.469734004106356,0.8535339962375702,26.679421494221994,0.019833378124160153,1.2047482946864216,0.9871436102075706,12.245994598009858,2.7349945980098793,1.4715518133752188,1110.9099560302293,6.534144023760035,4.478553390593273,3.078427124746189,2.1142766952966365,53.666666666666686,0.9193442622950821,1.1395645531384526,27.772748900755733,4.6196189630069355,20.0,19.5,0.4311475409836065,0.7,0.0,39.0,0.9127341558073343,111.35356700849478,13.01280926485518,158.18579433119575,152.26475566386873,-15.780976776819472,574.46,1.9707106781116284,0.0,34,3.6888794541139363,3.58351893845611,3.5553480614894135,5.955837369464831,0.0
C41,CCCCCCCCCCCCCCCCCCCCCCCCCCCCCCCCCCCCCCCCC,1.3746875,0.06410624689725884,492.4510000000004,0.0,263.3369356036939,0.0,0.0,0.0,4.620243963006935,0,0,40.0,16.24009999999996,191.41099999999935,1.254905494597681,156.0,148.0,144.0,140.0,1560.0,1944.0,6000.178337000003,6787.560232000002,7633.371855000001,7561.590997999994,151.69238400731598,309.16885893820506,1.264,48.001426696000024,6.988097056000001,5.302480000000004,165.8532109578153,106.79999999999991,1.9903999999999928,3335.6106799680006,-101.66393787053791,0.6534232319999992,3.375119999999994,-0.05531903999998435,-0.040642559999985964,-0.45448510424924815,-2.4687702994998464,0.8543999999999993,26.684885439744004,0.019837439999999987,1.204995027137173,0.9871436102075701,12.247031313872267,2.736031313872269,1.4715266161769127,1167.1900937087353,6.6182821746653575,4.603553390593273,3.1668154723945072,2.1767766952966365,55.00000000000001,0.9193600000000002,1.1395373210305233,28.468051066066725,4.620243963006935,20.5,20.0,0.43119999999999997,0.7,0.0,40.0,0.9128699190400287,114.10873988000358,12.907252881073898,162.13610363178054,156.19782186215977,-16.16777473268712,588.5500000000003,1.971425051814803,0.0,35,3.713572066704308,3.6109179126442243,3.58351893845611,5.983936280687191,0.0
C42,CCCCCCCCCCCCCCCCCCCCCCCCCCCCCCCCCCCCCCCCCC,1.3747025580011898,0.06244868673946666,504.46200000000044,0.0,269.70187771809054,0.0,0.0,0.0,4.620838847004556,0,0,41.0,16.630199999999963,196.02799999999928,1.2562256913174958,160.0,152.0,148.0,144.0,1598.0,1992.0,6146.474586000002,6956.038528999998,7827.080391999998,7758.3477269999985,155.37050981701393,316.856549083054,1.265625,48.019332703125016,6.988199812499998,5.302656250000002,165.84594554582355,109.46875,1.995849609375,3416.331441468748,-101.62611998269347,0.6692358749999996,3.4567968749999913,-0.055298461914063235,-0.04062744140625601,-0.4543160406947829,-2.4678519435887525,0.855224609375,26.690089386474593,0.019841308593749968,1.205230018962266,0.9871436102075715,12.24806644931303,2.737066449312996,1.4715028695401748,1224.8598645977459,6.7013605990145475,4.728553390593273,3.2552038200428255,2.2392766952966365,56.33333333333336,0.9193750000000003,1.1395113654276527,29.16333010947015,4.620838847004556,21.0,20.5,0.43124999999999997,0.7,0.0,41.0,0.9129992135852473,116.86389933891165,12.80543042035137,166.08639274635067,160.13153252581722,-16.55420474254831,602.6400000000002,1.9721054077225886,0.0,36,3.7376696182833684,3.6375861597263857,3.6109179126442243,6.0112671744041615,0.0
C43,CCCCCCCCCCCCCCCCCCCCCCCCCCCCCCCCCCCCCCCCCCC,1.374716553287982,0.06101930678672046,516.4730000000004,0.0,276.0668198324871,0.0,0.0,0.0,4.621405740428592,0,0,42.0,17.020299999999967,200.64499999999921,1.2557846046878995,164.0,156.0,152.0,148.0,1636.0,2040.0,6292.770834999999,7124.516825999999,8020.788928999997,7955.104455999997,159.04863562671198,324.54423922790295,1.2671755725190839,48.03641858778625,6.988297862595418,5.302824427480917,165.83901290079325,112.13740458015269,2.001048889924834,3497.0517408854957,-101.59004077112745,0.6850484274809152,3.538473282442741,-0.05527882990498311,-0.040613017889379203,-0.45415474983222526,-2.4669758090639715,0.8560107219858984,26.69505145714119,0.019844997377775165,1.2054540885199576,0.9871436102075686,12.24910011375669,2.7381001137566665,1.4714809149410482,1283.9192686849037,6.7834184599438565,4.853553390593273,3.3435921676911438,2.3017766952966365,57.66666666666667,0.9193893129770992,1.1394865986310212,29.85858764383496,4.621405740428592,21.5,21.0,0.4312977099236641,0.7,0.0,42.0,0.9131224909094169,119.61904630913361,12.707149485421041,170.03666305015406,164.06584958888868,-16.940279827593923,616.7300000000002,1.9727541191695468,0.0,37,3.7612001156935624,3.6635616461296463,3.6375861597263857,6.037870919922137,0.0
C44,CCCCCCCCCCCCCCCCCCCCCCCCCCCCCCCCCCCCCCCCCCCC,1.3747295835586804,0.05978763851624037,528.4840000000004,0.0,282.4317619468837,0.0,0.0,0.0,4.621946573311232,0,0,43.0,17.410399999999967,205.26199999999915,1.25698674308381,168.0,160.0,156.0,152.0,1674.0,2088.0,6439.067084,7292.995123,8214.497465999999,8151.861184999997,162.72676143641,332.23192937275195,1.2686567164179106,48.05273943283582,6.988391522388057,5.302985074626865,165.8323906727046,114.80597014925374,2.0060147026063877,3577.7716092537303,-101.55558302838571,0.7008608955223873,3.6201492537313356,-0.05526008019602167,-0.04059924259297755,-0.4540007076897359,-2.466139049701117,0.8567609712630876,26.69978812875918,0.019848518601024705,1.2056679798539773,0.98714361020757,12.250132406198667,2.7391324061986655,1.4714601609279052,1344.3683059592372,6.864492561361851,4.978553390593273,3.431980515339462,2.3642766952966365,59.00000000000001,0.919402985074627,1.1394629407954326,30.553825135437197,4.621946573311232,22.0,21.5,0.4313432835820895,0.7,0.0,43.0,0.9132401614300725,122.37418163162971,12.612229930197087,173.98691579630025,168.0007380009197,-17.326012258658114,630.8200000000003,1.9733733437325525,0.0,38,3.784189633918261,3.6888794541139363,3.6635616461296463,6.063785208687608,0.0
C45,CCCCCCCCCCCCCCCCCCCCCCCCCCCCCCCCCCCCCCCCCCCCC,1.37474173553719,0.0587290876127795,540.4950000000003,0.0,288.79670406128025,0.0,0.0,0.0,4.622463102236852,0,0,44.0,17.80049999999997,209.8789999999991,1.2565833805277404,172.0,164.0,160.0,156.0,1712.0,2136.0,6585.363332999999,7461.473420000001,8408.206003,8348.617913999997,166.404887246108,339.919619517601,1.27007299270073,48.06834549635036,6.98848108029197,5.303138686131388,165.82605846920373,117.47445255474452,2.0107624274068856,3658.4910748905104,-101.52263985026413,0.716673284671532,3.7018248175182404,-0.05524215461665164,-0.04058607277957109,-0.45385343635579894,-2.4653390694777655,0.8574777558740476,26.7043144152592,0.01985188342479618,1.2058723709403183,0.9871436102075686,12.251163416464692,2.740163416464706,1.471440915415403,1406.2069764109835,6.944617542565647,5.103553390593273,3.5203688629877803,2.4267766952966365,60.333333333333336,0.9194160583941605,1.1394403190694313,31.249043920244073,4.622463102236852,22.5,22.0,0.43138686131386855,0.7,0.0,44.0,0.9133525990767272,125.12930607351163,12.52050302330957,177.9371521290233,171.93616542920734,-17.711413615394033,644.9100000000002,1.9739650472038688,0.0,39,3.8066624897703196,3.713572066704308,3.6888794541139363,6.089044875446846,0.0
C46,CCCCCCCCCCCCCCCCCCCCCCCCCCCCCCCCCCCCCCCCCCCCCC,1.374753086419753,0.05782299470304269,552.5060000000003,0.0,295.1616461756769,0.0,0.0,0.0,4.622956929397345,0,0,45.0,18.190599999999975,214.49599999999904,1.2576826185642098,176.0,168.0,164.0,160.0,1750.0,2184.0,6731.659581999999,7629.951717000002,8601.914540000002,8545.374642999996,170.08301305580602,347.60730966245006,1.2714285714285714,48.083282728571426,6.988566799999998,5.303285714285715,165.8199976458529,120.14285714285715,2.015306122448979,3739.2101636857137,-101.49111352800719,0.7324855999999991,3.783499999999991,-0.05522499999998176,-0.04057346938773704,-0.45371249902682453,-2.46457349566969,0.8581632653061225,26.708644026326528,0.0198551020408163,1.2060678808598702,0.9871436102075725,12.252193226287059,2.7411932262870753,1.471422671501803,1469.435280031425,7.023826052665344,5.228553390593273,3.6087572106360986,2.4892766952966365,61.66666666666667,0.9194285714285713,1.1394186668459736,31.944245218074457,4.622956929397345,23.0,22.5,0.43142857142857144,0.7,0.0,45.0,0.9134601452569628,127.8844203359748,12.431810656456193,181.88737309525413,175.87210199607634,-18.0964948395812,659.0000000000002,1.974531024437302,0.0,40,3.828641396489095,3.7376696182833684,3.713572066704308,6.113682179832232,0.0
C47,CCCCCCCCCCCCCCCCCCCCCCCCCCCCCCCCCCCCCCCCCCCCCCC,1.3747637051039698,0.05705129795440223,564.5170000000003,0.0,301.52658829007345,0.0,0.0,0.0,4.623429519189406,0,0,46.0,18.580699999999975,219.11299999999898,1.2573123398699597,180.0,172.0,168.0,164.0,1788.0,2232.0,6877.955830999999,7798.430014000003,8795.623077000002,8742.131371999994,173.76113886550402,355.29499980729906,1.2727272727272727,48.09759322377622,6.988648923076922,5.303426573426574,165.81419112278257,122.8111888111888,2.0196586630153117,3819.9288993566424,-101.46091458046156,0.7482978461538454,3.865174825174817,-0.05520856765609027,-0.04056139664528604,-0.45357749568039724,-2.463840155349124,0.8588195021761454,26.712789505990507,0.01985818377426767,1.2062550760566217,0.9871436102075681,12.253221910228966,2.7422219102289036,1.4714057069582334,1534.0532168127647,7.102148907321698,5.353553390593273,3.697145558284417,2.5517766952966365,63.00000000000001,0.9194405594405591,1.139397923107416,32.63943014495244,4.623429519189406,23.5,23.0,0.4314685314685314,0.7,0.0,46.0,0.9135631123162918,130.63952506122973,12.346004600155563,185.83757965474706,179.80852004641977,-18.481266283260588,673.0900000000001,1.9750729175331423,0.0,41,3.8501476017100584,3.7612001156935624,3.7376696182833684,6.137727054086234,0.0
C48,CCCCCCCCCCCCCCCCCCCCCCCCCCCCCCCCCCCCCCCCCCCCCCCC,1.3747736532367587,0.05639772247489162,576.5280000000002,0.0,307.89153040447,0.0,0.0,0.0,4.623882212715888,0,0,47.0,18.970799999999983,223.72999999999894,1.2583213471375148,184.0,176.0,172.0,168.0,1826.0,2280.0,7024.252079999999,7966.908310999997,8989.331613999999,8938.888100999997,177.43926467520197,362.9826899521479,1.273972602739726,48.111315616438354,6.988727671232875,5.303561643835618,165.808623223948,125.47945205479452,2.0238318633890118,3900.647303671232,-101.43196090590553,0.7641100273972594,3.9468493150684854,-0.05519281291047002,-0.04054982173013281,-0.45344805928363685,-2.4631370547881914,0.859448301745168,26.716762353912547,0.019861137173953814,1.2064344758146026,0.98714361020757,12.254249536481304,2.7432495364812963,1.4713895841004774,1600.0607867480103,7.179615229942928,5.478553390593273,3.785533905932735,2.6142766952966365,64.33333333333334,0.9194520547945206,1.1393780318512645,33.33459972391689,4.623882212715888,24.0,23.5,0.4315068493150685,0.6999999999999998,0.0,47.0,0.9136617865655933,133.39462083857663,12.262945807530201,189.78777268896795,183.74539394147405,-18.865737752297804,687.1800000000002,1.975592231749989,0.0,42,3.871201010907891,3.784189633918261,3.7612001156935624,6.161207321695077,0.0
C49,CCCCCCCCCCCCCCCCCCCCCCCCCCCCCCCCCCCCCCCCCCCCCCCCC,1.3747829861111112,0.055847363248204066,588.5390000000002,0.0,314.2564725188666,0.0,0.0,0.0,4.624316240493666,0,0,48.0,19.360899999999983,228.34699999999887,1.257980243011182,188.0,180.0,176.0,172.0,1864.0,2328.0,7170.548328999999,8135.386607999999,9183.040151,9135.64483,181.11739048489997,370.67038009699695,1.2751677852348993,48.124485429530196,6.988803248322146,5.303691275167785,165.8032795358047,128.1476510067114,2.027836583937668,3981.3653966442944,-101.40417703671787,0.7799221476510056,4.028523489932877,-0.055177694698413514,-0.04053871447229318,-0.4533238524611515,-2.4624623613564487,0.8600513490383316,26.7205731318409,0.019863970091437293,1.2066065570650002,0.9871436102075697,12.255276167553568,2.7442761675535854,1.4713745537660754,1667.457989830874,7.256252579185021,5.603553390593273,3.8739222535810534,2.6767766952966365,65.66666666666667,0.9194630872483222,1.139358941585294,34.02975489450763,4.624316240493666,24.5,24.0,0.4315436241610738,0.7,0.0,48.0,0.9137564309378818,136.1497082097444,12.182503765432,193.73795300891663,187.68269987540634,-19.24991854589423,701.2700000000001,1.9760903494681892,0.0,43,3.8918202981106265,3.8066624897703196,3.784189633918261,6.184148890937483,0.0
C50,CCCCCCCCCCCCCCCCCCCCCCCCCCCCCCCCCCCCCCCCCCCCCCCCCC,1.3747917534360683,0.05538652176085645,600.5500000000002,0.0,320.62141463326316,0.0,0.0,0.0,4.62473273362153,0,0,49.0,19.750999999999987,232.9639999999988,1.2589096912103537,192.0,184.0,180.0,176.0,1902.0,2376.0,7316.844578,8303.864905,9376.748688,9332.401558999996,184.79551629459797,378.35807024184595,1.2763157894736843,48.13713538157895,6.988875842105262,5.303815789473686,165.79814678271975,130.8157894736842,2.031682825484752,4062.083196710526,-101.37749348258563,0.795734210526315,4.110197368421045,-0.05516317520775037,-0.04052804709140528,-0.45320456455891805,-2.461814387578687,0.8606301939058171,26.72423155730609,0.01986668975069249,1.2067717586171167,0.9871436102075695,12.256301860873581,2.745301860873556,1.4713602354787605,1736.2448260556912,7.332087064346811,5.728553390593273,3.9623106012293716,2.7392766952966365,67.0,0.9194736842105262,1.1393406048824537,34.724896521113834,4.62473273362153,25.0,24.5,0.431578947368421,0.7,0.0,49.0,0.9138472873262908,138.90478767359622,12.104555891363102,197.68812136202985,191.62041571179694,-19.63381749249744,715.3600000000001,1.9765685424776611,0.0,44,3.912023005428146,3.828641396489095,3.8066624897703196,6.206575926724928,0.0
C51,CCCCCCCCCCCCCCCCCCCCCCCCCCCCCCCCCCCCCCCCCCCCCCCCCCC,1.3748,0.055002677952049134,612.5610000000001,0.0,326.9863567476598,0.0,0.0,0.0,4.6251327336215295,0,0,50.0,20.14109999999999,237.58099999999877,1.2585944448350679,196.0,188.0,184.0,180.0,1940.0,2424.0,7463.140826999998,8472.343202000002,9570.457225,9529.158287999997,188.47364210429598,386.045760386695,1.2774193548387096,48.1492956580645,6.988945625806451,5.303935483870968,165.79321271685095,133.48387096774195,2.0353798126951195,4142.80072087742,-101.35184615020066,0.811546219354838,4.191870967741928,-0.055149219562929924,-0.04051779396460603,-0.4530899090500235,-2.461191577034262,0.8611862643080126,26.727746586305933,0.01986930280957334,1.2069304848921316,0.9871436102075697,12.257326669311201,2.746326669311191,1.471346856076889,1806.4212954173486,7.407143450036599,5.853553390593273,4.05069894887769,2.8017766952966365,68.33333333333334,0.9194838709677419,1.1393229779874656,35.420025400340165,4.6251327336215295,25.5,25.0,0.4316129032258064,0.7,0.0,50.0,0.9139345786470126,141.65985969028694,12.028986974108026,201.6382784382883,195.55852083752035,-20.017442982503997,729.4500000000002,1.9770279828200952,0.0,45,3.9318256327243257,3.8501476017100584,3.828641396489095,6.2285110035911835,0.0
C52,CCCCCCCCCCCCCCCCCCCCCCCCCCCCCCCCCCCCCCCCCCCCCCCCCCCC,1.3748077662437523,0.0546845119539579,624.5720000000001,0.0,333.35129886205635,0.0,0.0,0.0,4.625517201134024,0,0,51.0,20.531199999999995,242.19799999999873,1.259453386647137,200.0,192.0,188.0,184.0,1978.0,2472.0,7609.437075999999,8640.821499000001,9764.165762,9725.915016999996,192.15176791399398,393.73345053154407,1.2784810126582278,48.16099415189873,6.989012759493671,5.304050632911392,165.78846602057212,136.15189873417725,2.038936067937845,4223.517984860759,-101.32717582931723,0.827358177215189,4.273544303797459,-0.0551357955455635,-0.040507931421223095,-0.4529796212371275,-2.460592491883817,0.861720878064413,26.731126486460496,0.01987181541419642,1.2070831092265202,0.9871436102075682,12.25835064163742,2.7473506416374107,1.4713340827777694,1877.9873979112153,7.481445251305997,5.978553390593273,4.139087296526008,2.8642766952966365,69.66666666666667,0.9194936708860758,1.1393060204682366,36.11514226752338,4.625517201134024,26.0,25.5,0.4316455696202532,0.7,0.0,51.0,0.9140185106642175,144.41492468494636,11.955688655682994,205.5884248756333,199.4969960318845,-20.40080299809809,743.5400000000004,1.9774697523801277,0.0,46,3.9512437185814275,3.871201010907891,3.8501476017100584,6.249975242259483,0.0
C53,CCCCCCCCCCCCCCCCCCCCCCCCCCCCCCCCCCCCCCCCCCCCCCCCCCCCC,1.3748150887573964,0.05442192318088044,636.5830000000001,0.0,339.7162409764529,0.0,0.0,0.0,4.6258870236192315,0,0,52.0,20.9213,246.8149999999987,1.2591611655551014,204.0,196.0,192.0,188.0,2016.0,2520.0,7755.733324999999,8809.299795999998,9957.874298999997,9922.671745999996,195.82989372369198,401.42114067639295,1.279503105590062,48.17225667701863,6.989077391304346,5.304161490683231,165.7838962198068,138.8198757763975,2.042359476872047,4304.235003204968,-101.30342773639595,0.8431700869565208,4.355217391304341,-0.05512287334592768,-0.040498437560261794,-0.4528734562123084,-2.4600158017842753,0.8622352532695498,26.73437890189421,0.019874233247174085,1.2072299768019,0.9871436102075701,12.259373822926978,2.748373822926977,1.4713221210603173,1950.9431335331,7.555014820292027,6.103553390593273,4.227475644174326,2.9267766952966365,71.0,0.9195031055900622,1.1392896949062454,36.810247802511334,4.6258870236192315,26.5,26.0,0.43167701863354035,0.6999999999999998,0.0,52.0,0.91409927360838,147.16998305094918,11.88455895205752,209.53856126478132,203.43582334918324,-20.78390514052665,757.6300000000003,1.9778948513907253,0.0,47,3.970291913552122,3.8918202981106265,3.871201010907891,6.270988431858299,0.0
C54,CCCCCCCCCCCCCCCCCCCCCCCCCCCCCCCCCCCCCCCCCCCCCCCCCCCCCC,1.3748220007119971,0.05420602139861181,648.594,0.0,346.0811830908495,0.0,0.0,0.0,4.626243022195237,0,0,53.0,21.3114,251.43199999999865,1.2599573304478733,208.0,200.0,196.0,192.0,2054.0,2568.0,7902.029573999998,8977.778092999997,10151.582835999998,10119.428474999997,199.50801953338998,409.10883082124195,1.2804878048780488,48.18310715853657,6.989139658536584,5.304268292682927,165.77949360687435,141.48780487804873,2.045657346817356,4384.951789390242,-101.28055110851199,0.8589819512195113,4.43689024390243,-0.05511042534204541,-0.04048929208801129,-0.45277118704167935,-2.45946027402598,0.8627305175490777,26.73751091091611,0.019876561570493723,1.2073714072496664,0.9871436102075697,12.260396254913864,2.7493962549138473,1.4713106782192726,2025.2885022791925,7.627873425276648,6.228553390593273,4.315863991822645,2.9892766952966365,72.33333333333334,0.9195121951219513,1.1392739666209128,37.50534263479987,4.626243022195237,27.0,26.5,0.4317073170731707,0.7,0.0,53.0,0.9141770436147918,149.92503515282584,11.815501810061807,213.48868815351452,207.37498601307303,-21.166756655075197,771.7200000000003,1.9783042059935227,0.0,48,3.9889840465642745,3.912023005428146,3.8918202981106265,6.29156913955832,0.0
C55,CCCCCCCCCCCCCCCCCCCCCCCCCCCCCCCCCCCCCCCCCCCCCCCCCCCCCCC,1.3748285322359397,0.05402908314899897,660.605,0.0,352.4461252052461,0.0,0.0,0.0,4.626585957723358,0,0,54.0,21.701500000000003,256.0489999999986,1.2596857012354663,212.0,204.0,200.0,196.0,2092.0,2616.0,8048.325822999999,9146.256389999999,10345.291372999998,10316.185203999996,203.186145343088,416.79652096609095,1.281437125748503,48.19356780239521,6.9891996886227545,5.30437125748503,165.77524917165204,144.1556886227545,2.0488364588188896,4465.668355928143,-101.25849884117633,0.8747937724550889,4.51856287425149,-0.055098425902659745,-0.040480476173368654,-0.4526726031462527,-2.4589247647412895,0.8632077163039191,26.740529077414028,0.019878805263724025,1.2075076969717742,0.9871436102075694,12.261417976305111,2.750417976305119,1.4712999407256029,2101.023504146023,7.700041322960107,6.353553390593273,4.404252339470963,3.0517766952966365,73.66666666666667,0.9195209580838322,1.1392588034236761,38.20042734810952,4.626585957723358,27.5,27.0,0.43173652694610776,0.7,0.0,54.0,0.9142519840051424,152.6800813288588,11.748426697926606,217.4388060505114,211.31446832139412,-21.54936445397691,785.8100000000002,1.9786986749744004,0.0,49,4.007333185232471,3.9318256327243257,3.912023005428146,6.311734809152915,0.0
C56,CCCCCCCCCCCCCCCCCCCCCCCCCCCCCCCCCCCCCCCCCCCCCCCCCCCCCCCC,1.3748347107438017,0.05388447774728513,672.616,0.0,358.8110673196427,0.0,0.0,0.0,4.626916536235755,0,0,55.0,22.091600000000007,260.6659999999987,1.2604257287014538,216.0,208.0,204.0,200.0,2130.0,2664.0,8194.622071999998,9314.734687,10538.999909999999,10512.941932999995,206.864271152786,424.48421111093995,1.2823529411764707,48.203659247058816,6.989257599999999,5.304470588235295,165.7711545400258,146.82352941176472,2.051903114186851,4546.384714447058,-101.23722716457225,0.8906055529411754,4.600235294117637,-0.055086851211057476,-0.04047197231832003,-0.4525775088545875,-2.4584082110403433,0.8636678200692043,26.743439496747403,0.019880968858131464,1.2076391212130928,0.9871436102075715,12.262439023059454,2.7514390230594383,1.4712896497966612,2178.1481391304324,7.771537824647288,6.478553390593273,4.492640687119281,3.1142766952966365,75.0,0.9195294117647058,1.1392441753981062,38.89550248447201,4.626916536235755,28.0,27.5,0.4317647058823529,0.7,0.0,55.0,0.914324246431782,155.43512189340294,11.683248226983938,221.38891542877474,215.25425556024166,-21.931735137460212,799.9000000000003,1.9790790557773896,0.0,50,4.02535169073515,3.9512437185814275,3.9318256327243257,6.331501849893691,0.0
C57,CCCCCCCCCCCCCCCCCCCCCCCCCCCCCCCCCCCCCCCCCCCCCCCCCCCCCCCCC,1.3748405612244898,0.05376657182788109,684.627,0.0,365.17600943403926,0.0,0.0,0.0,4.627235413786775,0,0,56.0,22.48170000000001,265.28299999999876,1.26017258914951,220.0,212.0,208.0,204.0,2168.0,2712.0,8340.918321,9483.212984,10732.708447,10709.698661999993,210.54239696248396,432.171901255789,1.283236994219653,48.21340069942196,6.989313502890173,5.30456647398844,165.76720191874497,149.49132947976875,2.054863176183627,4627.100875768785,-101.21669535361188,0.906417294797687,4.681907514450858,-0.05507567910719104,-0.04046376424201206,-0.45248572210659765,-2.4579096239675464,0.8641117310969292,26.746247836813787,0.019883056567209036,1.2077659359158255,0.9871436102075685,12.263459428634615,2.7524594286346042,1.4712799749777625,2256.662407229539,7.842381356962667,6.603553390593273,4.5810290347675995,3.1767766952966365,76.33333333333334,0.9195375722543352,1.139230054702903,39.59056854788664,4.627235413786775,28.5,28.0,0.4317919075144509,0.7,0.0,56.0,0.9143939719015302,158.1901571389647,11.61988580217001,225.33901672870516,219.19433392624518,-22.313875013116462,813.9900000000002,1.979446089885537,0.0,51,4.04305126783455,3.970291913552122,3.9512437185814275,6.35088571671474,0.0
C58,CCCCCCCCCCCCCCCCCCCCCCCCCCCCCCCCCCCCCCCCCCCCCCCCCCCCCCCCCC,1.374846106494306,0.05367062222580495,696.6379999999999,0.0,371.5409515484358,0.0,0.0,0.0,4.627543200798163,0,0,57.0,22.871800000000015,269.8999999999989,1.260862214290258,224.0,216.0,212.0,208.0,2206.0,2760.0,8487.214569999998,9651.691280999998,10926.416983999998,10906.455390999996,214.220522772182,439.8595914006379,1.2840909090909092,48.22281005681817,6.989367499999999,5.304659090909092,165.76338404591698,152.15909090909088,2.057722107438018,4707.816849977271,-101.19686546771116,0.922228999999999,4.763579545454537,-0.055064888946263664,-0.04045583677683859,-0.45239707329020884,-2.457428082191284,0.8645402892561982,26.748959374870857,0.019885072314049564,1.2078883793822612,0.987143610207569,12.264479224208152,2.753479224208113,1.471270686391359,2336.5663084407024,7.912589517637303,6.728553390593273,4.669417382415918,3.2392766952966365,77.66666666666667,0.9195454545454548,1.1392164153950362,40.2856260075983,4.627543200798163,29.0,28.5,0.4318181818181818,0.7,0.0,57.0,0.9144612916935675,160.94518733806788,11.558263299102407,229.28911036086217,223.13469045614914,-22.695790113748764,828.0800000000002,1.9798004676451275,0.0,52,4.060443010546419,3.9889840465642745,3.970291913552122,6.369900982828227,0.0
C59,CCCCCCCCCCCCCCCCCCCCCCCCCCCCCCCCCCCCCCCCCCCCCCCCCCCCCCCCCCC,1.3748513674197385,0.053592665680081565,708.6489999999999,0.0,377.90589366283245,0.0,0.0,0.0,4.627840465958687,0,0,58.0,23.261900000000022,274.516999999999,1.2606257388822237,228.0,220.0,216.0,212.0,2244.0,2808.0,8633.510818999997,9820.169578,11120.125520999998,11103.212119999995,217.89864858188,447.5472815454869,1.2849162011173185,48.23190401675976,6.989419687150837,5.304748603351956,165.75969414647977,154.82681564245812,2.0604850035891555,4788.532646480446,-101.17770211681176,0.9380406703910605,4.8452513966480355,-0.055054461471217196,-0.04044817577476814,-0.4523114041954402,-2.456962726308796,0.8649542773321682,26.751579030617016,0.01988701975593768,1.208006673768574,0.9871436102075704,12.265498438874364,2.75449843887435,1.4712619384948427,2417.8598427615025,7.98217912684826,6.853553390593273,4.757805730064236,3.3017766952966365,79.0,0.9195530726256984,1.1392032332706736,40.98067530104243,4.627840465958687,29.5,29.0,0.4318435754189944,0.7,0.0,58.0,0.9145263281839724,163.70021274493106,11.498308765643571,233.23919670844955,227.07531296289892,-23.077486213845035,842.1700000000003,1.9801428325993082,0.0,53,4.07753744390572,4.007333185232471,3.9889840465642745,6.38856140554563,0.0
C60,CCCCCCCCCCCCCCCCCCCCCCCCCCCCCCCCCCCCCCCCCCCCCCCCCCCCCCCCCCCC,1.3748563631140476,0.053529411726654264,720.6599999999999,0.0,384.270835777229,0.0,0.0,0.0,4.628127739730591,0,0,59.0,23.652000000000026,279.13399999999905,1.2612699413236457,232.0,224.0,220.0,216.0,2282.0,2856.0,8779.807067999998,9988.647874999999,11313.834057999997,11299.968848999997,221.576774391578,455.23497169033595,1.2857142857142858,48.240698175824164,6.989470153846154,5.304835164835165,165.75612589207898,157.49450549450552,2.063156623596191,4869.248274065933,-101.15917225061496,0.9538523076923064,4.926923076923067,-0.055044378698193654,-0.04044076802315885,-0.4522285670719836,-2.456512753738518,0.8653544257939864,26.754111395966667,0.0198889023064847,1.2081210264293756,0.9871436102075715,12.26651709982109,2.7555170998210565,1.4712535261922974,2500.543010189727,8.051166274536843,6.978553390593273,4.846194077712554,3.3642766952966365,80.33333333333331,0.9195604395604396,1.1391904857218393,41.675716836495425,4.628127739730591,30.0,29.5,0.43186813186813183,0.7,0.0,59.0,0.9145891955877994,166.4552335969795,11.4399541460051,237.18927612955622,231.016189977537,-23.45896884480269,856.2600000000002,1.9804737853883496,0.0,54,4.0943445622221,4.02535169073515,4.007333185232471,6.406879986069314,0.0
C61,CCCCCCCCCCCCCCCCCCCCCCCCCCCCCCCCCCCCCCCCCCCCCCCCCCCCCCCCCCCCC,1.374861111111111,0.053478142977006454,732.6709999999998,0.0,390.6357778916256,0.0,0.0,0.0,4.628405517508369,0,0,60.0,24.04210000000003,283.7509999999991,1.2610485371750633,236.0,228.0,224.0,220.0,2320.0,2904.0,8926.103316999997,10157.126171999998,11507.542594999999,11496.725577999996,225.254900201276,462.92266183518495,1.2864864864864864,48.2492071189189,6.989518983783782,5.30491891891892,165.752673364848,160.16216216216213,2.0657414170927573,4949.963740951351,-101.14124496834255,0.9696639135135127,5.008594594594584,-0.05503462381298022,-0.0404336011687257,-0.4521484237790625,-2.4560774141000685,0.8657414170927683,26.756560761899195,0.019890723155588,1.2082316311301153,0.987143610207571,12.267535232487901,2.7565352324878916,1.4712455904721686,2584.615810723336,8.119566364084251,7.103553390593273,4.9345824253608725,3.4267766952966365,81.66666666666667,0.9195675675675677,1.1391781516070212,42.370750995464526,4.628405517508369,30.5,30.0,0.43189189189189187,0.7,0.0,60.0,0.9146500006281575,169.21025011620912,11.383135025588487,241.13934895918055,234.9573106962967,-23.84024330901872,870.3500000000004,1.980793887266275,0.0,55,4.110873864173311,4.04305126783455,4.02535169073515,6.424869023905388,0.0
C62,CCCCCCCCCCCCCCCCCCCCCCCCCCCCCCCCCCCCCCCCCCCCCCCCCCCCCCCCCCCCCC,1.374865627519484,0.05343662513712344,744.6819999999998,0.0,397.00072000602216,0.0,0.0,0.0,4.628674262469401,0,0,61.0,24.432200000000034,288.3679999999992,1.261651661497055,240.0,232.0,228.0,224.0,2358.0,2952.0,9072.399565999996,10325.604469000002,11701.251132000001,11693.482306999995,228.933026010974,470.610351980034,1.2872340425531914,48.257444499999984,6.989566255319148,5.305000000000001,165.74933102465624,162.8297872340425,2.068243549117236,5030.679054829786,-101.12389134679492,0.9854754893617012,5.090265957446799,-0.055025181077394535,-0.04042666364868919,-0.45207084501650363,-2.4556560050297964,0.8661158895427793,26.758931142711628,0.019892485287460366,1.2083386691422457,0.9871436102075706,12.268552860708972,2.757552860708957,1.4712379476061859,2670.078244360456,8.187394152681856,7.228553390593273,5.022970773009191,3.4892766952966365,82.99999999999999,0.9195744680851065,1.1391662111341656,43.065778134846056,4.628674262469401,31.0,30.5,0.4319148936170213,0.7,0.0,61.0,0.9147088431405324,171.96526251042008,11.327790394894553,245.08941551106187,238.89866493235496,-24.22131469294681,884.4400000000003,1.9811036632771704,0.0,56,4.127134385045092,4.060443010546419,4.04305126783455,6.4425401664681985,0.0
C63,CCCCCCCCCCCCCCCCCCCCCCCCCCCCCCCCCCCCCCCCCCCCCCCCCCCCCCCCCCCCCCC,1.374869927159209,0.05340302772763809,756.6929999999998,0.0,403.3656621204188,0.0,0.0,0.0,4.6289344081509824,0,0,62.0,24.822300000000038,292.9849999999993,1.2614439324470892,244.0,236.0,232.0,228.0,2396.0,3000.0,9218.695814999997,10494.082766000001,11894.959669000002,11890.239035999994,232.611151820672,478.29804212488307,1.287958115183246,48.26542311518323,6.989612041884816,5.305078534031414,165.74609367944433,165.49738219895286,2.0706669225076006,5111.394222910993,-101.10708428464886,1.0012870366492135,5.171937172774859,-0.05501603574460877,-0.040419944628688045,-0.4519957096287408,-2.4552478684109706,0.8664784408322139,26.761226297963315,0.01989419149694359,1.2084423102341684,0.987143610207569,12.269570006841466,2.758570006841425,1.47123072653929,2756.9303110993624,8.254663788697064,7.353553390593273,5.111359120657509,3.5517766952966365,84.33333333333333,0.9195811518324608,1.139154645754698,43.76079858887877,4.6289344081509824,31.5,31.0,0.4319371727748691,0.7,0.0,62.0,0.9147658166195458,174.72027097433326,11.27386243096418,249.03947607934037,242.84024307176801,-24.60218787921256,898.5300000000004,1.9814036051289898,0.0,57,4.143134726391533,4.07753744390572,4.060443010546419,6.459904454377535,0.0
C64,CCCCCCCCCCCCCCCCCCCCCCCCCCCCCCCCCCCCCCCCCCCCCCCCCCCCCCCCCCCCCCCC,1.3748740236835475,0.05337585550635677,768.7039999999997,0.0,409.73060423481536,0.0,0.0,0.0,4.629186360783887,0,0,63.0,25.21240000000004,297.6019999999994,1.2620097862880777,248.0,240.0,236.0,232.0,2434.0,3048.0,9364.992063999995,10662.561062999997,12088.668205999997,12086.995764999996,236.28927763036995,485.9857322697319,1.288659793814433,48.27315496907214,6.989656412371133,5.305154639175259,165.74295645831117,168.1649484536083,2.073015198214485,5192.109251958762,-101.09079836122181,1.0170985567010298,5.25360824742267,-0.05500717398234388,-0.040413433946193206,-0.4519229039735412,-2.4548523869372767,0.8668296312041666,26.763449752364753,0.01989584440429374,1.208542713569339,0.9871436102075694,12.270586691881604,2.7595866918815153,1.4712237620646262,2845.1720109384605,8.321388846303813,7.478553390593273,5.199747468305827,3.6142766952966365,85.66666666666666,0.9195876288659796,1.1391434380673786,44.45581267091344,4.629186360783887,32.0,31.5,0.4319587628865979,0.7,0.0,63.0,0.914821008714452,177.4752756906037,11.221296294936213,252.98953094006407,246.78203603317056,-24.982867557868552,912.6200000000003,1.9816941737979399,0.0,58,4.1588830833596715,4.0943445622221,4.07753744390572,6.476972362889683,0.0
C65,CCCCCCCCCCCCCCCCCCCCCCCCCCCCCCCCCCCCCCCCCCCCCCCCCCCCCCCCCCCCCCCCC,1.3748779296875,0.05335388999367448,780.7149999999997,0.0,416.09554634921193,0.0,0.0,0.0,4.629430501408887,0,0,64.0,25.602500000000045,302.2189999999995,1.261814503442483,252.0,244.0,240.0,236.0,2472.0,3096.0,9511.288312999994,10831.039359999997,12282.376742999997,12283.752493999997,239.96740344006798,493.6734224145809,1.2893401015228427,48.28065133502535,6.989699431472082,5.3052284263959395,165.7399147870602,170.83248730964465,2.0752918137545526,5272.824148324872,-101.07500970818828,1.0329100507614202,5.335279187817247,-0.05499858280293206,-0.04040712205927572,-0.45185232134838504,-2.4544689809963915,0.8671699863433738,26.76560481383184,0.019897446468602618,1.208640028521538,0.9871436102075714,12.271602935569778,2.760602935569729,1.4712171723389516,2934.803343876283,8.387582357618703,7.603553390593273,5.288135815954146,3.6767766952966365,87.0,0.9195939086294418,1.1391325717309424,45.150820675019744,4.629430501408887,32.5,32.0,0.4319796954314721,0.7,0.0,64.0,0.914874501678887,180.23027683074073,11.170039944423625,256.9395803525585,250.72403523086442,-25.363358236862766,926.7100000000003,1.981975801892461,0.0,59,4.174387269895637,4.110873864173311,4.0943445622221,6.493753839851686,0.0
C66,CCCCCCCCCCCCCCCCCCCCCCCCCCCCCCCCCCCCCCCCCCCCCCCCCCCCCCCCCCCCCCCCCC,1.3748816568047337,0.05333614017268464,792.7259999999997,0.0,422.4604884636085,0.0,0.0,0.0,4.62966718779942,0,0,65.0,25.99260000000005,306.83599999999956,1.2623464379625056,256.0,248.0,244.0,240.0,2510.0,3144.0,9657.584561999995,10999.517656999999,12476.08528,12480.509222999995,243.64552924976596,501.36111255942996,1.29,48.28792280999997,6.989741159999999,5.305300000000001,165.73696436594685,173.5,2.077500000000011,5353.538917979999,-101.05969589286742,1.0487215199999986,5.416949999999989,-0.05499024999998167,-0.04040099999999263,-0.4517838614687288,-2.4540971058443204,0.8675,26.767694589899993,0.019898999999999972,1.2087343954160727,0.9871436102075694,12.27261875648598,2.7616187564859827,1.4712108082886781,3025.8243099114634,8.453256842559016,7.728553390593273,5.376524163602464,3.7392766952966365,88.33333333333331,0.9196000000000002,1.1391220313845989,45.845822877446444,4.62966718779942,33.0,32.5,0.43199999999999994,0.7,0.0,65.0,0.9149263727797274,182.9852745559455,11.12004395951637,260.8896245606743,254.6662325409671,-25.743664251786488,940.8000000000004,1.9822488958022992,0.0,60,4.189654742026425,4.127134385045092,4.110873864173311,6.51025834052315,0.0
C67,CCCCCCCCCCCCCCCCCCCCCCCCCCCCCCCCCCCCCCCCCCCCCCCCCCCCCCCCCCCCCCCCCCC,1.3748852157943068,0.05332180129382246,804.7369999999996,0.0,428.82543057800507,0.0,0.0,0.0,4.629896756210806,0,0,66.0,26.382700000000053,311.45299999999963,1.2621625153752132,260.0,252.0,248.0,244.0,2548.0,3192.0,9803.880810999995,11167.995954,12669.793817,12677.265951999994,247.323655059464,509.04880270427896,1.29064039408867,48.294979364532,6.989781655172413,5.30536945812808,165.73410114939836,176.16748768472905,2.0796427964765,5434.253566541871,-101.04483581188376,1.0645329655172404,5.498620689655162,-0.05498216409033521,-0.04039505933167554,-0.4517174299926498,-2.453736249011823,0.8678201363779756,26.769722002669315,0.01990050717076364,1.2088259462046456,0.9871436102075692,12.273634172136298,2.7626341721362806,1.4712047783887037,3118.234909042751,8.518424336617167,7.853553390593273,5.464912511250782,3.8017766952966365,89.66666666666666,0.9196059113300494,1.1391118025755862,46.5408195379515,4.629896756210806,33.5,33.0,0.43201970443349746,0.7,0.0,66.0,0.9149766946693294,185.74026901787386,11.071261381318756,264.83966379392433,258.60862027032556,-26.123789774961423,954.8900000000003,1.9825138376551275,0.0,61,4.204692619390966,4.143134726391533,4.127134385045092,6.52649485957079,0.0
C68,CCCCCCCCCCCCCCCCCCCCCCCCCCCCCCCCCCCCCCCCCCCCCCCCCCCCCCCCCCCCCCCCCCCC,1.3748886166184004,0.053310220694247,816.7479999999996,0.0,435.1903726924017,0.0,0.0,0.0,4.630119522974006,0,0,67.0,26.772800000000057,316.0699999999997,1.262663491670864,264.0,256.0,252.0,248.0,2586.0,3240.0,9950.177059999996,11336.474251,12863.502354,12874.022680999993,251.001780869162,516.736492849128,1.2912621359223302,48.301830388349494,6.989820970873786,5.305436893203886,165.73132132750658,178.83495145631068,2.081723065321865,5514.968099300971,-101.03040959413585,1.0803443883495132,5.580291262135912,-0.05497431426145583,-0.04038929211044007,-0.45165293808710183,-2.453385927956899,0.8681308323121878,26.771689802431897,0.019901970025450064,1.2089148050807184,0.9871436102075702,12.274649199031455,2.763649199031441,1.4711989476829124,3212.0351412689693,8.58309641672668,7.978553390593273,5.5533008588991,3.8642766952966365,91.0,0.9196116504854369,1.1391018716930494,47.23581090101426,4.630119522974006,34.0,33.5,0.4320388349514563,0.7,0.0,67.0,0.9150255357249154,188.49526035933258,11.023647562020798,268.7896982685221,262.55119112793307,-26.50373882391997,968.9800000000002,1.9827709871005197,0.0,62,4.219507705176107,4.1588830833596715,4.143134726391533,6.542471960506805,0.0
C69,CCCCCCCCCCCCCCCCCCCCCCCCCCCCCCCCCCCCCCCCCCCCCCCCCCCCCCCCCCCCCCCCCCCCC,1.3748918685121108,0.0533008695970992,828.7589999999996,0.0,441.55531480679826,0.0,0.0,0.0,4.630335785949784,0,0,68.0,27.16290000000006,320.68699999999984,1.2624899661480138,268.0,260.0,256.0,252.0,2624.0,3288.0,10096.473308999994,11504.952547999996,13057.210890999997,13070.779409999996,254.67990667885994,524.4241829939768,1.291866028708134,48.30848473205739,6.989859157894735,5.3055023923445,165.72862130911415,181.50239234449765,2.0837435040406787,5595.682521244018,-101.01639851213615,1.0961557894736833,5.661961722488027,-0.05496669032301205,-0.04038369084954766,-0.45159030203154454,-2.453045687909906,0.8684324992559697,26.77360058011492,0.019903390490144432,1.2090010890413978,0.9871436102075701,12.275663852758807,2.7646638527588037,1.4711934159404165,3307.2250065890426,8.647284225377586,8.103553390593273,5.641689206547419,3.9267766952966365,92.33333333333331,0.919617224880383,1.1390922259076188,47.93079719694264,4.630335785949784,34.5,34.0,0.4320574162679426,0.7,0.0,68.0,0.9150729603584474,191.2502487149155,10.977160025587366,272.73972818833147,266.49393819861604,-26.883515269327415,983.0700000000002,1.983020682938799,0.0,63,4.23410650459726,4.174387269895637,4.1588830833596715,6.558197802812269,0.0
C70,CCCCCCCCCCCCCCCCCCCCCCCCCCCCCCCCCCCCCCCCCCCCCCCCCCCCCCCCCCCCCCCCCCCCCC,1.3748949800462087,0.05329331994873994,840.7699999999995,0.0,447.92025692119483,0.0,0.0,0.0,4.630545825857366,0,0,69.0,27.553000000000065,325.3039999999999,1.2629626103997804,272.0,264.0,260.0,256.0,2662.0,3336.0,10242.769557999995,11673.430844999999,13250.919427999997,13267.536138999996,258.35803248855797,532.1118731388258,1.2924528301886793,48.31495074528299,6.989896264150942,5.305566037735851,165.72599770633659,184.16981132075466,2.085706657173384,5676.396837075471,-101.00278490095373,1.1119671698113196,5.743632075471686,-0.054959282662847865,-0.040378248486972385,-0.45152944285542723,-2.4527150998982417,0.8687255250978994,26.775456778657883,0.019904770380918455,1.209084908401188,0.9871436102075688,12.276678148047864,2.765678148047847,1.4711880606116006,3403.8045050019564,8.710998493124215,8.228553390593273,5.730077554195737,3.9892766952966365,93.66666666666664,0.9196226415094342,1.1390828531161157,48.62577864288509,4.630545825857366,35.0,34.5,0.43207547169811317,0.7,0.0,69.0,0.9151190292999327,194.00523421158573,10.931758338226349,276.6897537457358,270.43685491878034,-27.263122842390334,997.1600000000003,1.9832632446102703,0.0,64,4.248495242049359,4.189654742026425,4.174387269895637,6.573680166960646,0.0
C71,CCCCCCCCCCCCCCCCCCCCCCCCCCCCCCCCCCCCCCCCCCCCCCCCCCCCCCCCCCCCCCCCCCCCCCC,1.3748979591836734,0.053287225461643155,852.7809999999995,0.0,454.2851990355914,0.0,0.0,0.0,4.63074990749002,0,0,70.0,27.943100000000072,329.921,1.2627986246333673,276.0,268.0,264.0,260.0,2700.0,3384.0,10389.065806999994,11841.909141999999,13444.627964999998,13464.292867999995,262.03615829825594,539.7995632836747,1.2930232558139534,48.32123631162788,6.98993233488372,5.3056279069767465,165.7234473203807,186.83720930232556,2.0876149269875475,5757.111051237208,-100.98955208385068,1.127778530232557,5.825302325581383,-0.05495208220656802,-0.04037295835582794,-0.4514702860059899,-2.4523937589526748,0.8690102758247701,26.777260703428873,0.019906111411573797,1.2091663672623583,0.9871436102075717,12.277692098830077,2.7666920988300463,1.4711829736221953,3501.7736365067776,8.774249559614285,8.353553390593273,5.818465901844055,4.0517766952966365,94.99999999999997,0.9196279069767443,1.1390737418908872,49.32075544375742,4.63074990749002,35.5,35.0,0.4320930232558139,0.7,0.0,70.0,0.9151637998567839,196.76021696920853,10.887403987867824,280.6397751224347,274.3799350540314,-27.642565141791337,1011.2500000000002,1.9834989735586015,0.0,65,4.2626798770413155,4.204692619390966,4.189654742026425,6.588926477533519,0.0
C72,CCCCCCCCCCCCCCCCCCCCCCCCCCCCCCCCCCCCCCCCCCCCCCCCCCCCCCCCCCCCCCCCCCCCCCCC,1.3749008133306884,0.053282306144301766,864.7919999999995,0.0,460.65014114998803,0.0,0.0,0.0,4.630948280828643,0,0,71.0,28.333200000000076,334.53800000000007,1.2632452741542184,280.0,272.0,268.0,264.0,2738.0,3432.0,10535.362055999994,12010.387439,13638.336502,13661.049596999996,265.714284107954,547.4872534285234,1.2935779816513762,48.32734888073392,6.989967412844035,5.305688073394497,165.72096712853374,189.50458715596335,2.089470583284262,5837.825167926606,-100.97668430415433,1.1435898715596315,5.90697247706421,-0.054945080380425955,-0.0403678141570459,-0.4514127610436961,-2.4520812824455183,0.8692870970457034,26.77901453177342,0.019907415200740658,1.2092455639461288,0.9871436102075696,12.278705718293704,2.767705718293681,1.4711780433691477,3601.1324011026345,8.837047393256535,8.478553390593273,5.9068542494923735,4.1142766952966365,96.33333333333331,0.919633027522936,1.139064881433325,50.01572779309215,4.630948280828643,36.0,35.5,0.4321100917431192,0.7,0.0,71.0,0.9152073261515639,199.5151971010409,10.844060271951275,284.5897924901759,278.323172678499,-28.021845640186665,1025.3400000000001,1.9837281544805903,0.0,66,4.276666119016055,4.219507705176107,4.204692619390966,6.6039438246004725,0.0
C73,CCCCCCCCCCCCCCCCCCCCCCCCCCCCCCCCCCCCCCCCCCCCCCCCCCCCCCCCCCCCCCCCCCCCCCCCC,1.374903549382716,0.05327833570528776,876.8029999999994,0.0,467.0150832643846,0.0,0.0,0.0,4.631141182063211,0,0,72.0,28.72330000000008,339.15500000000014,1.2630900625621007,284.0,276.0,272.0,268.0,2776.0,3480.0,10681.658304999995,12178.865736000002,13832.045039,13857.806325999994,269.39240991765195,555.1749435733724,1.2941176470588236,48.33329549773754,6.990001538461539,5.305746606334844,165.71855427221197,192.1719457013575,2.0912757724043423,5918.539191113121,-100.96416666269698,1.1594011945701344,5.988642533936638,-0.05493826907717174,-0.04036280993424394,-0.4513568013622014,-2.451777308567237,0.8695563153907578,26.780720321778826,0.01990868327839313,1.2093225913884427,0.987143610207569,12.279719018934234,2.7687190189342203,1.4711733546980983,3701.8807987887176,8.899401609633268,8.603553390593273,5.995242597140692,4.1767766952966365,97.66666666666666,0.9196380090497739,1.1390562615311721,50.710695873818054,4.631141182063211,36.5,36.0,0.4321266968325792,0.7,0.0,72.0,0.9152496593401835,202.27017471418057,10.801692192876942,288.539806011427,282.2665621557169,-28.400967690299794,1039.4300000000003,1.9839510564732095,0.0,67,4.290459441148391,4.23410650459726,4.219507705176107,6.618738983517219,0.0
C74,CCCCCCCCCCCCCCCCCCCCCCCCCCCCCCCCCCCCCCCCCCCCCCCCCCCCCCCCCCCCCCCCCCCCCCCCCC,1.374906173766185,0.05327513131596726,888.8139999999994,0.0,473.38002537878117,0.0,0.0,0.0,4.631328834530841,0,0,73.0,29.113400000000084,343.7720000000003,1.2635128044518333,288.0,280.0,276.0,272.0,2814.0,3528.0,10827.954553999993,12347.344032999998,14025.753576,14054.563054999995,273.0705357273499,562.8626337182219,1.2946428571428572,48.33908283035711,6.990034749999999,5.305803571428572,165.71620604597032,194.83928571428572,2.0930325255101767,5999.25312455357,-100.95198506024082,1.1752124999999989,6.0703124999999885,-0.05493164062498751,-0.04035794005101204,-0.45130234393137714,-2.4514814949392885,0.8698182397959184,26.78238002032844,0.01990991709183671,1.2093975375036639,0.9871436102075676,12.280732012600456,2.769732012600424,1.4711688057007166,3804.018829564264,8.961321488754178,8.728553390593273,6.08363094478901,4.2392766952966365,98.99999999999997,0.9196428571428574,1.1390478725192552,51.40565985897653,4.631328834530841,37.0,36.5,0.4321428571428571,0.7,0.0,73.0,0.9152908478124058,205.0251499099789,10.760266360531682,292.48981583999387,286.21009812092046,-28.77993453064142,1053.5200000000002,1.98416793408765,0.0,68,4.30406509320417,4.248495242049359,4.23410650459726,6.633318433280377,0.0
C75,CCCCCCCCCCCCCCCCCCCCCCCCCCCCCCCCCCCCCCCCCCCCCCCCCCCCCCCCCCCCCCCCCCCCCCCCCCC,1.3749086924762601,0.053272545303098495,900.8249999999994,0.0,479.74496749317774,0.0,0.0,0.0,4.631511449578321,0,0,74.0,29.503500000000088,348.38900000000035,1.2633656812306995,292.0,284.0,280.0,276.0,2852.0,3576.0,10974.250802999994,12515.822329999997,14219.462112999998,14251.319783999994,276.74866153704795,570.550323863071,1.2951541850220265,48.34471719383257,6.990067083700439,5.305859030837006,165.71391988738262,197.50660792951544,2.0947427662093303,6079.966971806167,-100.9401261444984,1.1910237885462547,6.1519823788546155,-0.05492518775832988,-0.04035319916937204,-0.4512493290603349,-2.451193517317605,0.87007316268509,26.783995470511748,0.019911118011216956,1.2094704855191938,0.9871436102075698,12.281744710536888,2.7707447105368512,1.4711644748191834,3907.5464934285687,9.022815991239552,8.853553390593273,6.172019292437328,4.3017766952966365,100.33333333333331,0.9196475770925112,1.1390397052433368,52.100619912380914,4.631511449578321,37.5,37.0,0.43215859030837,0.7,0.0,74.0,0.9153309373763068,207.78012278442165,10.719750901348984,296.43982212159074,290.1537754646419,-29.15874929088338,1067.6100000000001,1.9843790282990383,0.0,69,4.31748811353631,4.2626798770413155,4.248495242049359,6.647688373563329,0.0
C76,CCCCCCCCCCCCCCCCCCCCCCCCCCCCCCCCCCCCCCCCCCCCCCCCCCCCCCCCCCCCCCCCCCCCCCCCCCCC,1.3749111111111112,0.053270458414520126,912.8359999999993,0.0,486.10990960757437,0.0,0.0,0.0,4.631689227356098,0,0,75.0,29.89360000000009,353.0060000000004,1.2637663849851577,296.0,288.0,284.0,280.0,2890.0,3624.0,11120.547051999993,12684.300626999997,14413.170649999996,14448.076512999996,280.4267873467459,578.2380140079197,1.2956521739130435,48.35020457391301,6.990098573913043,5.305913043478263,165.71169336771453,200.17391304347834,2.0964083175803387,6160.6807362434765,-100.92857726133883,1.206835060869564,6.233652173913031,-0.054918903591659796,-0.040348582230608485,-0.45119770017916905,-2.4509130684153853,0.8703213610586015,26.7855684184499,0.019912287334593545,1.2095415142836867,0.9871436102075695,12.282757123422954,2.771757123422943,1.4711602687616112,4012.4637903809717,9.083893773512976,8.978553390593273,6.2604076400856465,4.3642766952966365,101.66666666666664,0.9196521739130437,1.1390317510267896,52.7955761892233,4.631689227356098,38.0,37.5,0.43217391304347824,0.7,0.0,75.0,0.9153699714281696,210.535093428479,10.68011537340791,300.38982499436474,294.0975893174905,-29.537414996911796,1081.7,1.984584567399601,0.0,70,4.330733340286331,4.276666119016055,4.2626798770413155,6.661854740545311,0.0
C77,CCCCCCCCCCCCCCCCCCCCCCCCCCCCCCCCCCCCCCCCCCCCCCCCCCCCCCCCCCCCCCCCCCCCCCCCCCCCC,1.3749134349030472,0.053268774366269464,924.8469999999993,0.0,492.47485172197094,0.0,0.0,0.0,4.631862357550004,0,0,76.0,30.283700000000096,357.6230000000005,1.2636267339832348,300.0,292.0,288.0,284.0,2928.0,3672.0,11266.843300999994,12852.778924,14606.879187,14644.833241999995,284.10491315644396,585.9257041527686,1.296137339055794,48.35555064806864,6.990129253218882,5.305965665236053,165.70952418331694,202.84120171673814,2.0980309086555438,6241.394421064378,-100.91732640970955,1.222646317596565,6.3153218884120035,-0.05491278159478626,-0.04034408443697796,-0.4511474036376433,-2.4506398568041727,0.8705630974967302,26.787100519589604,0.019913426292619104,1.2096106985512596,0.9871436102075694,12.283769261409061,2.7727692614090578,1.4711562601676442,4118.770720420857,9.144563202076675,9.103553390593273,6.348795987733965,4.4267766952966365,102.99999999999997,0.9196566523605153,1.1390240016398527,53.49052883663451,4.631862357550004,38.5,38.0,0.4321888412017167,0.7,0.0,76.0,0.915407991109138,213.29006192842914,10.641330687116845,304.33982458938124,298.04153503601964,-29.915934575582487,1095.7900000000002,1.9847847678222268,0.0,71,4.343805421853684,4.290459441148391,4.276666119016055,6.675823221634848,0.0
C78,CCCCCCCCCCCCCCCCCCCCCCCCCCCCCCCCCCCCCCCCCCCCCCCCCCCCCCCCCCCCCCCCCCCCCCCCCCCCCC,1.3749156687468376,0.05326741542902658,936.8579999999993,0.0,498.8397938363675,0.0,0.0,0.0,4.6320310200563295,0,0,77.0,30.6738000000001,362.2400000000006,1.264007079133321,304.0,296.0,292.0,288.0,2966.0,3720.0,11413.139549999994,13021.257221,14800.587724,14841.589970999994,287.78303896614193,593.6133942976176,1.2966101694915255,48.36076080508472,6.990159152542371,5.306016949152545,165.70741014767518,205.5084745762712,2.099612180407919,6322.108029305083,-100.90636220010153,1.2384575593220326,6.396991525423715,-0.05490681557024381,-0.040339701235261226,-0.4510983885192794,-2.4503736059032857,0.8707986210858949,26.788593344513064,0.01991453605285835,1.2096781092438487,0.98714361020757,12.284781134149664,2.7737811341496537,1.4711523634289856,4226.467283547631,9.204832366936294,9.228553390593273,6.437184335382283,4.4892766952966365,104.33333333333331,0.9196610169491527,1.1390164492712285,54.185477994200404,4.6320310200563295,39.0,38.5,0.4322033898305085,0.7,0.0,77.0,0.9154450354498174,216.04502836615688,10.603369031065395,308.2898210310718,301.9856081895914,-30.294310859199914,1109.8800000000006,1.9849798349006829,0.0,72,4.356708826689592,4.30406509320417,4.290459441148391,6.6895992691789665,0.0
C79,CCCCCCCCCCCCCCCCCCCCCCCCCCCCCCCCCCCCCCCCCCCCCCCCCCCCCCCCCCCCCCCCCCCCCCCCCCCCCCC,1.3749178172255094,0.05326631885974994,948.8689999999992,0.0,505.2047359507641,0.0,0.0,0.0,4.632195385605311,0,0,78.0,31.063900000000103,366.85700000000065,1.2638743452274819,308.0,300.0,296.0,292.0,3004.0,3768.0,11559.435798999995,13189.735518,14994.296261000003,15038.346699999993,291.46116477583996,601.3010844424664,1.297071129707113,48.3658401631799,6.990188301255229,5.3060669456066964,165.7053491840579,208.17573221757323,2.1011536912868913,6402.821563849372,-100.89567381600978,1.2542687866108773,6.478661087866096,-0.054900999632336765,-0.04033542830127358,-0.4510506064692863,-2.4501140530484564,0.8710281682743649,26.790048384306996,0.01991561772377932,1.2097438136936556,0.9871436102075711,12.285792750834187,2.774792750834168,1.471148645917454,4335.55347976076,9.264709094236414,9.353553390593273,6.525572683030601,4.5517766952966365,105.66666666666664,0.9196652719665273,1.1390090865018165,54.880423794439984,4.632195385605311,39.5,39.0,0.4322175732217573,0.7,0.0,78.0,0.9154811415038905,218.79999281942983,10.566203802661999,312.23981443764853,305.92980454815466,-30.672546589738936,1123.9700000000005,1.9851699635720892,0.0,73,4.3694478524670215,4.31748811353631,4.30406509320417,6.703188113240863,0.0
C80,CCCCCCCCCCCCCCCCCCCCCCCCCCCCCCCCCCCCCCCCCCCCCCCCCCCCCCCCCCCCCCCCCCCCCCCCCCCCCCCC,1.3749198846338728,0.05326543401654274,960.8799999999992,0.0,511.5696780651607,0.0,0.0,0.0,4.6323556163375645,0,0,79.0,31.454000000000107,371.4740000000008,1.2642358448698725,312.0,304.0,300.0,296.0,3042.0,3816.0,11705.732047999993,13358.213814999996,15188.004797999998,15235.103428999995,295.13929058553794,608.9887745873159,1.2975206611570247,48.37079358677683,6.990216727272726,5.306115702479341,165.70333931871212,210.84297520661164,2.1026569223413487,6483.535027438016,-100.88525097840167,1.2700799999999985,6.560330578512384,-0.0548953281879501,-0.04033126152581772,-0.4510040115356803,-2.44986094863045,0.8712519636636845,26.791467055528994,0.019916672358445436,1.2098078758674096,0.9871436102075701,12.286804120215262,2.775804120215287,1.4711450288979588,4446.029309059742,9.324200958162606,9.478553390593273,6.61396103067892,4.6142766952966365,106.99999999999997,0.9196694214876036,1.139001906280406,55.5753663632468,4.6323556163375645,40.0,39.5,0.4322314049586777,0.7,0.0,79.0,0.9155163444717094,221.55495536215366,10.52980954320607,316.18980492148796,309.8741200708647,-31.050644422827265,1138.0600000000006,1.9853553390267105,0.0,74,4.382026634673881,4.330733340286331,4.31748811353631,6.716594773520978,0.0
C81,CCCCCCCCCCCCCCCCCCCCCCCCCCCCCCCCCCCCCCCCCCCCCCCCCCCCCCCCCCCCCCCCCCCCCCCCCCCCCCCCC,1.374921875,0.0532647200273031,972.8909999999992,0.0,517.9346201795573,0.0,0.0,0.0,4.632511866337564,0,0,80.0,31.84410000000011,376.09100000000086,1.2641095265927271,316.0,308.0,304.0,300.0,3080.0,3864.0,11852.028296999992,13526.692111999997,15381.713334999999,15431.860157999998,298.81741639523597,616.6764647321648,1.2979591836734694,48.37562570204078,6.990244457142856,5.306163265306124,165.7013786745585,213.5102040816327,2.1041232819658835,6564.248422677549,-100.87508391272743,1.2858911999999985,6.641999999999985,-0.05488979591834533,-0.04032719700123457,-0.45095856002161355,-2.449614055284826,0.8714702207413579,26.79285070480632,0.01991770095793417,1.2098703565740347,0.9871436102075707,12.287815250635408,2.7768152506354054,1.4711415749512353,4557.894771444089,9.383315292161736,9.603553390593273,6.702349378327238,4.6767766952966365,108.33333333333331,0.9196734693877553,1.138994901901153,56.27030582029741,4.632511866337564,40.5,40.0,0.43224489795918364,0.7,0.0,80.0,0.9155506778147324,224.30991606460944,10.494161877071855,320.1397925894866,313.8185508954762,-31.428606931505012,1152.1500000000005,1.9855361373096128,0.0,75,4.394449154672439,4.343805421853684,4.330733340286331,6.729824070489475,0.0
C82,CCCCCCCCCCCCCCCCCCCCCCCCCCCCCCCCCCCCCCCCCCCCCCCCCCCCCCCCCCCCCCCCCCCCCCCCCCCCCCCCCC,1.374923792104862,0.05326414390710079,984.9019999999991,0.0,524.299562293954,0.0,0.0,0.0,4.632664282127841,0,0,81.0,32.23420000000011,380.70800000000094,1.264453547507499,320.0,312.0,308.0,304.0,3118.0,3912.0,11998.324545999993,13695.170408999998,15575.421871999999,15628.616886999995,302.49554220493394,624.3641548770136,1.2983870967741935,48.38034091129029,6.990271516129031,5.306209677419356,165.69946546534413,216.17741935483872,2.105554110301762,6644.961752048384,-100.86516331834147,1.3017023870967726,6.723669354838694,-0.05488439776272795,-0.04032323100936478,-0.45091421034886336,-2.449373147159374,0.8716831425598336,26.794200613098322,0.019918704474505698,1.2099313136571237,0.9871436102075687,12.288826150050967,2.777826150050944,1.4711382115087328,4671.149866913357,9.442059199527316,9.728553390593273,6.790737725975556,4.7392766952966365,109.66666666666664,0.919677419354839,1.138988066982688,56.96524227943117,4.632664282127841,41.0,40.5,0.43225806451612897,0.7,0.0,81.0,0.9155841733615835,227.0648749936727,10.459237454707331,324.08977754339116,317.7630933284494,-31.80643660977631,1166.2400000000005,1.985712525878298,0.0,76,4.406719247264253,4.356708826689592,4.343805421853684,6.742880635791903,0.0
C83,CCCCCCCCCCCCCCCCCCCCCCCCCCCCCCCCCCCCCCCCCCCCCCCCCCCCCCCCCCCCCCCCCCCCCCCCCCCCCCCCCCC,1.3749256395002973,0.05326367903707084,996.9129999999991,0.0,530.6645044083507,0.0,0.0,0.0,4.632813003127246,0,0,82.0,32.624300000000105,385.325000000001,1.2643331907180784,324.0,316.0,312.0,308.0,3156.0,3960.0,12144.620794999993,13863.648705999998,15769.130409000001,15825.373615999995,306.17366801463197,632.0518450218625,1.298804780876494,48.384943406374475,6.990297928286851,5.306254980079681,165.6975979902145,218.84462151394428,2.106950683322498,6725.675017912348,-100.85548034013205,1.3175135617529865,6.8053386454183125,-0.05487912890270877,-0.04031936001012602,-0.45087092293100967,-2.4491380092186494,0.8718909223663118,26.79551799965079,0.0199196838145426,1.2099908021735017,0.9871436102075695,12.28983682605504,2.7788368260550276,1.471134996785876,4785.794595467119,9.500439563393575,9.853553390593273,6.879126073623874,4.8017766952966365,110.99999999999997,0.9196812749003985,1.1389813954487285,57.66017584900142,4.632813003127246,41.5,41.0,0.43227091633466136,0.7,0.0,82.0,0.9156168614064433,229.81983221301726,10.425013899175102,328.03975988010467,321.7077438357117,-32.18413587596697,1180.3300000000004,1.9858846641200267,0.0,77,4.418840607796598,4.3694478524670215,4.356708826689592,6.755768921984255,0.0
C84,CCCCCCCCCCCCCCCCCCCCCCCCCCCCCCCCCCCCCCCCCCCCCCCCCCCCCCCCCCCCCCCCCCCCCCCCCCCCCCCCCCCC,1.3749274205254753,0.05326330393642734,1008.9239999999991,0.0,537.0294465227473,0.0,0.0,0.0,4.632958162076295,0,0,83.0,33.014400000000094,389.9420000000011,1.2646609706371827,328.0,320.0,316.0,312.0,3194.0,4008.0,12290.917043999994,14032.127003,15962.838946000003,16022.130344999994,309.85179382432995,639.7395351667114,1.2992125984251968,48.38943718110234,6.99032371653543,5.306299212598426,165.69577462867062,221.51181102362204,2.108314216628439,6806.388222519682,-100.84602654215148,1.3333247244094475,6.887007874015735,-0.05487398474797994,-0.040315580631150594,-0.45082866005537336,-2.448908436607527,0.8720937441874884,26.796804025668038,0.01992063984127966,1.2100488745590492,0.9871436102075708,12.29084728589855,2.77984728589855,1.471131863762179,4901.828957104987,9.55846305617812,9.978553390593273,6.967514421272193,4.8642766952966365,112.3333333333333,0.919685039370079,1.138974881510059,58.35510663220223,4.632958162076295,42.0,41.5,0.4322834645669291,0.7,0.0,83.0,0.9156487708004133,232.57478778330497,10.391469755983998,331.9897396919718,325.65249903402685,-32.56170707590095,1194.4200000000005,1.9860527038321907,0.0,78,4.430816798843313,4.382026634673881,4.3694478524670215,6.76849321164863,0.0
C85,CCCCCCCCCCCCCCCCCCCCCCCCCCCCCCCCCCCCCCCCCCCCCCCCCCCCCCCCCCCCCCCCCCCCCCCCCCCCCCCCCCCCC,1.3749291383219955,0.05326300127145296,1020.934999999999,0.0,543.394388637144,0.0,0.0,0.0,4.633099885432304,0,0,84.0,33.40450000000009,394.5590000000012,1.2645461630668609,332.0,324.0,320.0,316.0,3232.0,4056.0,12437.213292999992,14200.605299999994,16156.547483,16218.887073999997,313.529919634028,647.4272253115608,1.2996108949416343,48.39382604280152,6.990348902723734,5.306342412451363,165.69399383587873,224.17898832684833,2.109645868976068,6887.101368015561,-100.83679388311371,1.3491358754863798,6.9686770428015405,-0.05486896092296012,-0.040311889657663476,-0.45078738577375876,-2.4486842340535047,0.8722917833729507,26.79805979772592,0.019921573377341042,1.2101055807828174,0.9871436102075719,12.291857536509722,2.780857536509727,1.4711288666687796,5019.252951826573,9.61613614850968,10.103553390593273,7.055902768920511,4.9267766952966365,113.66666666666664,0.9196887159533076,1.1389685196477786,59.05003472737145,4.633099885432304,42.5,42.0,0.43229571984435794,0.7,0.0,84.0,0.9156799290364248,235.32974176236118,10.358584445979865,335.93971706704303,329.59735568292393,-32.93915248590738,1208.5100000000004,1.9862167896687741,0.0,79,4.442651256490317,4.394449154672439,4.382026634673881,6.78105762593618,0.0
C86,CCCCCCCCCCCCCCCCCCCCCCCCCCCCCCCCCCCCCCCCCCCCCCCCCCCCCCCCCCCCCCCCCCCCCCCCCCCCCCCCCCCCCC,1.3749307958477508,0.05326275705478819,1032.945999999999,0.0,549.7593307515406,0.0,0.0,0.0,4.633238293736802,0,0,85.0,33.79460000000008,399.1760000000013,1.2648588255533528,336.0,328.0,324.0,320.0,3270.0,4104.0,12583.509541999993,14369.083596999995,16350.25602,16415.643803000003,317.20804544372595,655.1149154564098,1.3,48.398113623076895,6.990373507692306,5.306384615384617,165.69225413830512,226.8461538461539,2.110946745562142,6967.814456446154,-100.82777469357609,1.364947015384614,7.050346153846138,-0.054864053254436114,-0.04030828402364896,-0.45074706580007784,-2.4484652153173436,0.872485207100592,26.799286370946746,0.019922485207100576,1.2101609684903958,0.987143610207571,12.292867584512333,2.7818675845123355,1.471125943490128,5138.066579631537,9.673465117675244,10.228553390593273,7.144291116568829,4.9892766952966365,114.99999999999997,0.9196923076923079,1.138962304597705,59.744960228273676,4.633238293736802,43.0,42.5,0.4323076923076923,0.7,0.0,85.0,0.915710362328227,238.08469420533902,10.326338221082214,339.8896920893223,333.54231067714284,-33.31647431566916,1222.6000000000004,1.9863770595556698,0.0,80,4.454347296253507,4.406719247264253,4.394449154672439,6.79346613258001,0.0
C87,CCCCCCCCCCCCCCCCCCCCCCCCCCCCCCCCCCCCCCCCCCCCCCCCCCCCCCCCCCCCCCCCCCCCCCCCCCCCCCCCCCCCCCC,1.3749323958896702,0.05326255999978829,1044.956999999999,0.0,556.1242728659372,0.0,0.0,0.0,4.633373501957462,0,0,86.0,34.18470000000008,403.79300000000137,1.2647491920889873,340.0,332.0,328.0,324.0,3308.0,4152.0,12729.805790999992,14537.561893999997,16543.964557000003,16612.400532,320.886171253424,662.8026056012587,1.3003802281368821,48.40230338783267,6.990397551330797,5.306425855513308,165.6905541296495,229.51330798479086,2.112217901082842,7048.527489764258,-100.81896165468365,1.3807581444866903,7.132015209125462,-0.05485925775995624,-0.040304760803237485,-0.45070766741573937,-2.448251202668853,0.8726741748471135,26.800484751955352,0.019923376078879246,1.2102150831374023,0.9871436102075706,12.293877436242667,2.7828774362426256,1.47112314481465,5258.269840519541,9.730456055617486,10.353553390593273,7.2326794642171475,5.0517766952966365,116.33333333333331,0.9196958174904944,1.1389562313358461,60.4398832243625,4.633373501957462,43.5,43.0,0.43231939163498095,0.7,0.0,86.0,0.9157400956839234,240.83964516487185,10.294712122669916,343.8396648389959,337.4873610395604,-33.69367471092319,1236.6900000000005,1.9865336450773494,0.0,81,4.465908118654584,4.418840607796598,4.406719247264253,6.805722553416985,0.0
C88,CCCCCCCCCCCCCCCCCCCCCCCCCCCCCCCCCCCCCCCCCCCCCCCCCCCCCCCCCCCCCCCCCCCCCCCCCCCCCCCCCCCCCCCC,1.3749339410754393,0.05326240099914191,1056.967999999999,0.0,562.4892149803338,0.0,0.0,0.0,4.633505619806583,0,0,87.0,34.57480000000007,408.41000000000145,1.26504775940398,344.0,336.0,332.0,328.0,3346.0,4200.0,12876.102039999992,14706.040190999998,16737.673093999994,16809.157261,324.564297063122,670.4902957461077,1.300751879699248,48.406398646616516,6.990421052631577,5.306466165413535,165.68889246705388,232.18045112781948,2.1134603425857543,7129.240469834586,-100.81034777839427,1.3965692631578936,7.213684210526301,-0.05485457063712108,-0.04030131720275703,-0.45066915938089247,-2.4480420264113847,0.872858838826389,26.801655901633783,0.01992424670699302,1.210267968113871,0.98714361020757,12.294887097765256,2.7838870977652435,1.471120413153149,5379.862734490276,9.787114876511787,10.478553390593273,7.321067811865466,5.1142766952966365,117.66666666666664,0.9196992481203009,1.138950295064856,61.13480380102587,4.633505619806583,44.0,43.5,0.4323308270676692,0.7,0.0,87.0,0.9157691529744943,243.5945946912155,10.263687942434373,347.78963539264754,341.4325039145597,-34.07075575602144,1250.7800000000004,1.9866866718371725,0.0,82,4.477336814478207,4.430816798843313,4.418840607796598,6.81783057145415,0.0
C89,CCCCCCCCCCCCCCCCCCCCCCCCCCCCCCCCCCCCCCCCCCCCCCCCCCCCCCCCCCCCCCCCCCCCCCCCCCCCCCCCCCCCCCCCC,1.3749354338842976,0.05326227270413477,1068.978999999999,0.0,568.8541570947305,0.0,0.0,0.0,4.633634752037988,0,0,88.0,34.96490000000006,413.0270000000015,1.2649429579945937,348.0,340.0,336.0,332.0,3384.0,4248.0,13022.398288999993,14874.518488,16931.381630999993,17005.913989999997,328.24242287282,678.1779858909564,1.3011152416356877,48.410402561338266,6.990444029739775,5.306505576208179,165.68726786756443,234.84758364312273,2.114675032130579,7209.9533984386635,-100.80192638895312,1.4123803717472103,7.295353159851285,-0.054849988253355075,-0.0402979505534698,-0.45063151185175354,-2.4478375244356183,0.8730393443982257,26.802800737690198,0.019925097773662588,1.2103196648602548,0.9871436102075687,12.295896574887943,2.7848965748879544,1.471117795758224,5502.845261543441,9.843447323949235,10.603553390593273,7.409456159513784,5.1767766952966365,118.99999999999997,0.9197026022304833,1.1389444912013973,61.82972203981396,4.633634752037988,44.5,44.0,0.4323420074349442,0.7,0.0,88.0,0.915797556997699,246.34954283238105,10.233248185532426,351.7396038234582,345.37773656181,-34.447719476361776,1264.8700000000003,1.9868362597934042,0.0,83,4.48863636973214,4.442651256490317,4.430816798843313,6.829793737512425,0.0
C90,CCCCCCCCCCCCCCCCCCCCCCCCCCCCCCCCCCCCCCCCCCCCCCCCCCCCCCCCCCCCCCCCCCCCCCCCCCCCCCCCCCCCCCCCCC,1.3749368766569878,0.05326216918510689,1080.9899999999989,0.0,575.2190992091271,0.0,0.0,0.0,4.6337609987240125,0,0,89.0,35.355000000000054,417.6440000000016,1.265228362262436,352.0,344.0,340.0,336.0,3422.0,4296.0,13168.694537999998,15042.996784999996,17125.090168000002,17202.670718999998,331.920548682518,685.8656760358059,1.3014705882352942,48.41431815441176,6.990466499999998,5.306544117647059,165.6856791048284,237.51470588235296,2.1158628892733704,7290.666277279412,-100.793691105655,1.4281914705882337,7.377022058823513,-0.054845507136680634,-0.04029465830447012,-0.45059469630381116,-2.4476375417945233,0.8732158304498271,26.80392013705666,0.019925929930795824,1.2103702129757046,0.9871436102075701,12.296905873175419,2.785905873175417,1.471115239244012,5627.217421678757,9.899458977750507,10.728553390593273,7.497844507162102,5.2392766952966365,120.33333333333331,0.9197058823529412,1.1389388153643383,62.52463801865284,4.6337609987240125,45.0,44.5,0.43235294117647055,0.7,0.0,89.0,0.9158253295377164,249.10448963425887,10.203376035884085,355.6895702013931,349.32305635043025,-34.82456784069626,1278.9600000000003,1.9869825235728307,0.0,84,4.499809670330265,4.454347296253507,4.442651256490317,6.841615476477592,0.0
C91,CCCCCCCCCCCCCCCCCCCCCCCCCCCCCCCCCCCCCCCCCCCCCCCCCCCCCCCCCCCCCCCCCCCCCCCCCCCCCCCCCCCCCCCCCCC,1.3749382716049383,0.05326208565742233,1093.0009999999988,0.0,581.5840413235237,0.0,0.0,0.0,4.633884455514137,0,0,90.0,35.74510000000004,422.26100000000173,1.2651280803553415,356.0,348.0,344.0,340.0,3460.0,4344.0,13314.990786999997,15211.475081999995,17318.798705000005,17399.427448000006,335.598674492216,693.553366180655,1.3018181818181818,48.41814831636363,6.990488479999999,5.306581818181818,165.6841250060066,240.1818181818182,2.117024793388432,7371.379107985453,-100.78563582675285,1.4440025599999986,7.458690909090894,-0.05484112396692139,-0.04029143801651474,-0.4505586854591695,-2.4474419303154105,0.8733884297520661,26.80501493812892,0.01992674380165287,1.210419650319206,0.9871436102075682,12.297914997962165,2.786914997962158,1.471112787803355,5752.979214895964,9.955155260433651,10.853553390593273,7.5862328548104205,5.3017766952966365,121.66666666666666,0.9197090909090908,1.1389332633637246,63.21955181204358,4.633884455514137,45.5,45.0,0.43236363636363634,0.7,0.0,90.0,0.9158524914208521,251.85943514073432,10.174055323471773,359.6395345933763,353.26846075350477,-35.20130276332468,1293.0500000000004,1.9871255727636985,0.0,85,4.51085950651685,4.465908118654584,4.454347296253507,6.853299093186078,0.0
C92,CCCCCCCCCCCCCCCCCCCCCCCCCCCCCCCCCCCCCCCCCCCCCCCCCCCCCCCCCCCCCCCCCCCCCCCCCCCCCCCCCCCCCCCCCCCC,1.3749396208187417,0.05326201826043777,1105.0119999999988,0.0,587.9489834379204,0.0,0.0,0.0,4.634005213876653,0,0,91.0,36.13520000000004,426.8780000000018,1.2654011732839423,360.0,352.0,348.0,344.0,3498.0,4392.0,13461.287035999998,15379.953378999999,17512.507242,17596.184177000003,339.276800301914,701.2410563255037,1.3021582733812949,48.421895812949636,6.99050998561151,5.306618705035971,165.68260444888605,242.8489208633094,2.1181615858392533,7452.091892115107,-100.77775471434296,1.4598136402877684,7.540359712230201,-0.05483683556748989,-0.04028828735567616,-0.4505234532197849,-2.44725054823169,0.8735572692924798,26.806085942860097,0.019927539982402542,1.2104680131041246,0.9871436102075697,12.298923954364591,2.7879239543646026,1.4711103917787902,5880.130641194808,10.010541443356855,10.978553390593273,7.674621202458739,5.3642766952966365,123.0,0.9197122302158273,1.138927831190462,63.914463491247915,4.634005213876653,46.0,45.5,0.4323741007194244,0.7,0.0,91.0,0.9158790625676118,254.61437939379607,10.145270493508509,363.58949706345425,357.2139473429304,-35.5779261061799,1307.1400000000003,1.9872655121895473,0.0,86,4.5217885770490405,4.477336814478207,4.465908118654584,6.86484777797086,0.0
C93,CCCCCCCCCCCCCCCCCCCCCCCCCCCCCCCCCCCCCCCCCCCCCCCCCCCCCCCCCCCCCCCCCCCCCCCCCCCCCCCCCCCCCCCCCCCCC,1.3749409262759924,0.053261963879065885,1117.0229999999988,0.0,594.3139255523171,0.0,0.0,0.0,4.634123361324669,0,0,92.0,36.52530000000003,431.4950000000019,1.2653051247121097,364.0,356.0,352.0,348.0,3536.0,4440.0,13607.583284999999,15548.431675999998,17706.215778999995,17792.940906,342.95492611161205,708.9287464703526,1.302491103202847,48.42556329181494,6.990531032028469,5.3066548042704635,165.68111635917728,245.5160142348754,2.119274072010216,7532.804631160142,-100.77004218027184,1.4756247117437709,7.622028469750875,-0.054832638897669254,-0.04028520408808141,-0.45048897460400306,-2.447063259842927,0.8737224705867452,26.807133918719366,0.01992831904357845,1.2105153359866543,0.9871436102075694,12.299932747292413,2.788932747292414,1.4711080925523166,6008.671700575058,10.06562265255612,11.103553390593273,7.763009550107057,5.4267766952966365,124.33333333333334,0.9197153024911032,1.1389225150066637,64.609373124463,4.634123361324669,46.5,46.0,0.43238434163701067,0.7,0.0,92.0,0.9159050620414146,257.36932243363754,10.117006577352353,367.53945767294863,361.1595137845688,-35.95443968081184,1321.2300000000002,1.987402442165378,0.0,87,4.532599493153256,4.48863636973214,4.477336814478207,6.876264611890766,0.0
C94,CCCCCCCCCCCCCCCCCCCCCCCCCCCCCCCCCCCCCCCCCCCCCCCCCCCCCCCCCCCCCCCCCCCCCCCCCCCCCCCCCCCCCCCCCCCCCC,1.3749421898485374,0.05326191999970969,1129.0339999999987,0.0,600.6788676667137,0.0,0.0,0.0,4.634238981627593,0,0,93.0,36.91540000000003,436.11200000000196,1.2655666860819426,368.0,360.0,356.0,352.0,3574.0,4488.0,13753.879533999998,15716.909973,17899.924315999993,17989.697635,346.63305192131,716.6164366152016,1.3028169014084507,48.42915328873239,6.9905516338028155,5.306690140845071,165.67965970798352,248.1830985915493,2.1203630232096873,7613.517326549296,-100.76249287289605,1.4914357746478855,7.703697183098575,-0.054828531045399156,-0.040282186074168724,-0.4504552256875002,-2.446879935192941,0.873884149970244,26.80815960052569,0.019929081531442152,1.2105616521486193,0.9871436102075698,12.300941381459056,2.78994138145907,1.4711058438615283,6138.602393036482,10.120403874296018,11.228553390593273,7.851397897755375,5.4892766952966365,125.66666666666666,0.9197183098591549,1.1389173111366082,65.30428077698386,4.634238981627593,47.0,46.5,0.4323943661971831,0.7,0.0,93.0,0.9159305080941961,260.1242642987517,10.089249165053364,371.48941648059997,365.1051578336843,-36.330845250275594,1335.3200000000004,1.9875364587374673,0.0,88,4.543294782270004,4.499809670330265,4.48863636973214,6.887552571664617,0.0
C95,CCCCCCCCCCCCCCCCCCCCCCCCCCCCCCCCCCCCCCCCCCCCCCCCCCCCCCCCCCCCCCCCCCCCCCCCCCCCCCCCCCCCCCCCCCCCCCC,1.3749434133091896,0.05326188459424074,1141.0449999999987,0.0,607.0438097811103,0.0,0.0,0.0,4.634352155009214,0,0,94.0,37.305500000000016,440.72900000000203,1.265474608337335,372.0,364.0,360.0,356.0,3612.0,4536.0,13900.175782999999,15885.388270000001,18093.63285299999,18186.454363999997,350.311177731008,724.3041267600503,1.3031358885017421,48.432668233449476,6.990571804878047,5.306724738675958,165.6782335094279,250.85017421602788,2.121429178453087,7694.229979651567,-100.75510166475212,1.5072468292682908,7.78536585365852,-0.05482450922067189,-0.040279231264164765,-0.4504221835481163,-2.446700449766967,0.8740424188711773,26.80916369216574,0.019929827969260256,1.210606993375052,0.9871436102075696,12.301949861391778,2.7909498613918093,1.4711036845023535,6269.922718578875,10.174889960350704,11.353553390593273,7.939786245403694,5.5517766952966365,127.0,0.9197212543554006,1.1389122160582612,65.9991865113566,4.634352155009214,47.5,47.0,0.43240418118466895,0.7,0.0,94.0,0.9159554182091302,262.8792050260204,10.061984379427734,375.4393735427021,369.0508773306481,-36.70714453092981,1349.4100000000003,1.9876676539080393,0.0,89,4.553876891600541,4.51085950651685,4.499809670330265,6.898714534329988,0.0
C96,CCCCCCCCCCCCCCCCCCCCCCCCCCCCCCCCCCCCCCCCCCCCCCCCCCCCCCCCCCCCCCCCCCCCCCCCCCCCCCCCCCCCCCCCCCCCCCCC,1.37494459833795,0.053261856026237786,1153.0559999999987,0.0,613.408751895507,0.0,0.0,0.0,4.634462958333314,0,0,95.0,37.69560000000001,445.34600000000216,1.26572535343733,376.0,368.0,364.0,360.0,3650.0,4584.0,14046.472031999996,16053.866566999994,18287.34139000001,18383.211093000005,353.989303540706,731.9918169048999,1.303448275862069,48.4361104551724,6.990591558620689,5.306758620689656,165.67683681842865,253.51724137931032,2.1224732461355504,7774.9425917793105,-100.74786364089171,1.5230578758620672,7.867034482758607,-0.05482057074908365,-0.040276337693216875,-0.45038982621377316,-2.4465246842140376,0.8741973840665873,26.81014686820452,0.01993055885850176,1.2106513901269214,0.9871436102075704,12.302958191441007,2.791958191441011,1.4711015713102953,6402.632677202025,10.229085633030953,11.478553390593273,8.028174593052011,5.6142766952966365,128.33333333333334,0.9197241379310346,1.138907226395328,66.6940903875211,4.634462958333314,48.0,47.5,0.43241379310344824,0.6999999999999998,0.0,95.0,0.9159798091406801,265.6341446507972,10.035198851561312,379.3893289132279,372.99667019688906,-37.08333919415001,1363.5000000000002,1.9877961158458908,0.0,90,4.564348191467836,4.5217885770490405,4.51085950651685,6.90975328164481,0.0
C97,CCCCCCCCCCCCCCCCCCCCCCCCCCCCCCCCCCCCCCCCCCCCCCCCCCCCCCCCCCCCCCCCCCCCCCCCCCCCCCCCCCCCCCCCCCCCCCCCC,1.3749457465277777,0.0532618329752638,1165.0669999999986,0.0,619.7736940099036,0.0,0.0,0.0,4.634571465277758,0,0,96.0,38.0857,449.96300000000224,1.2656370052754988,380.0,372.0,368.0,364.0,3688.0,4632.0,14192.768280999997,16222.344863999997,18481.049927000004,18579.967822000002,357.667429350404,739.6795070497488,1.3037542662116042,48.4394821877133,6.9906109078498275,5.306791808873721,165.67546872861027,256.18430034129693,2.1234959056016907,7855.6551641911265,-100.74077408800568,1.5388689146757661,7.948703071672341,-0.05481671306596254,-0.04027350347699402,-0.45035813261376545,-2.446352524075733,0.8743491479225152,26.811109775396336,0.0199312746799613,1.2106948716093637,0.9871436102075686,12.303966375788894,2.7929663757889003,1.4710995406985492,6536.732268905747,10.282995489972105,11.603553390593273,8.11656294070033,5.6767766952966365,129.66666666666666,0.9197269624573378,1.1389023389097928,67.38899246294585,4.634571465277758,48.5,48.0,0.43242320819112623,0.7,0.0,96.0,0.9160036969521721,268.3890832069864,10.008879697651821,383.3392826439478,376.94253443107607,-37.45943086796201,1377.5900000000001,1.987921929083993,0.0,91,4.574710978503383,4.532599493153256,4.5217885770490405,6.920671504248683,0.0
C98,CCCCCCCCCCCCCCCCCCCCCCCCCCCCCCCCCCCCCCCCCCCCCCCCCCCCCCCCCCCCCCCCCCCCCCCCCCCCCCCCCCCCCCCCCCCCCCCCCC,1.3749468593899459,0.05326181437585016,1177.0779999999986,0.0,626.1386361243002,0.0,0.0,0.0,4.634677746497866,0,0,97.0,38.4758,454.5800000000023,1.2658775914351539,384.0,376.0,372.0,368.0,3726.0,4680.0,14339.064529999998,16390.823160999993,18674.758464000002,18776.724551000003,361.345555160102,747.3671971945976,1.304054054054054,48.44278557432432,6.990629864864863,5.3068243243243245,165.67412837034226,258.85135135135135,2.1244978086194735,7936.367698094596,-100.73382848419546,1.5546799459459442,8.030371621621605,-0.05481293371074262,-0.04027072680787517,-0.45032708253311493,-2.446183859544887,0.8744978086194303,26.812053034103364,0.01993197589481371,1.2107374658357408,0.9871436102075691,12.304974418457853,2.7939744184578355,1.4710975523350376,6672.221493689865,10.336624008696518,11.728553390593273,8.20495128834865,5.7392766952966365,131.0,0.9197297297297298,1.1388975504949101,68.08389279275374,4.634677746497866,49.0,48.5,0.43243243243243246,0.7,0.0,97.0,0.9160270970510677,271.144020727116,9.983014497105529,387.2892347845411,380.88846810551615,-37.835421138599905,1391.6800000000003,1.988045174704991,0.0,92,4.584967478670572,4.543294782270004,4.532599493153256,6.931471805599453,0.0
C99,CCCCCCCCCCCCCCCCCCCCCCCCCCCCCCCCCCCCCCCCCCCCCCCCCCCCCCCCCCCCCCCCCCCCCCCCCCCCCCCCCCCCCCCCCCCCCCCCCCC,1.374947938359017,0.05326179936831402,1189.0889999999986,0.0,632.5035782386968,0.0,0.0,0.0,4.634781869779832,0,0,98.0,38.86589999999999,459.1970000000024,1.2657927507650824,388.0,380.0,376.0,372.0,3764.0,4728.0,14485.360778999997,16559.301457999976,18868.467000999997,18973.481280000004,365.0236809698,755.0548873394465,1.3043478260869565,48.446022672240794,6.990648441471571,5.30685618729097,165.67281490889567,261.5183946488294,2.1254795807653157,8017.080194648831,-100.72702248933219,1.5704909698996636,8.112040133779248,-0.05480923032177196,-0.040268005950690786,-0.4502966565693951,-2.4460185852272884,0.874643460363978,26.812977239628196,0.01993266294560461,1.210779199687812,0.987143610207572,12.305982323318009,2.7949823233180235,1.4710956404344198,6809.100351554198,10.38997555096359,11.853553390593273,8.293339635996968,5.8017766952966365,132.33333333333334,0.919732441471572,1.1388928581686208,68.7787914298404,4.634781869779832,49.5,49.0,0.4324414715719063,0.7,0.0,98.0,0.9160500242220972,273.89895724240705,9.957591271810053,391.23918538270044,384.8344693627548,-38.21131155199267,1405.7700000000002,1.9881659305154635,0.0,93,4.59511985013459,4.553876891600541,4.543294782270004,6.942156705699469,0.0
C100,CCCCCCCCCCCCCCCCCCCCCCCCCCCCCCCCCCCCCCCCCCCCCCCCCCCCCCCCCCCCCCCCCCCCCCCCCCCCCCCCCCCCCCCCCCCCCCCCCCCC,1.3749489847974696,0.053261787258977594,1201.0999999999985,0.0,638.8685203530936,0.0,0.0,0.0,4.634883900184893,0,0,99.0,39.255999999999986,463.81400000000247,1.2660237831084038,392.0,384.0,380.0,376.0,3802.0,4776.0,14631.657027999998,16727.779754999974,19062.175537999992,19170.238009,368.70180677949804,762.7425774842955,1.304635761589404,48.44919545695363,6.990666649006622,5.306887417218543,165.67152754270964,264.18543046357615,2.1264418227270627,8097.792654966885,-100.7203519360299,1.586301986754965,8.193708609271507,-0.054805600631515045,-0.04026533923947413,-0.4502668360924761,-2.4458565999225153,0.8747861935880005,26.813882963466504,0.01993333625718168,1.2108200989723004,0.9871436102075691,12.306990094094893,2.7959900940948956,1.4710937672591802,6947.368842498597,10.443054366919153,11.978553390593273,8.381727983645288,5.8642766952966365,133.66666666666669,0.9197350993377483,1.138888259067357,69.47368842498595,4.634883900184893,50.0,49.5,0.4324503311258278,0.7,0.0,99.0,0.9160724926584067,276.65389278283885,9.932598466510544,395.1891344842303,388.7805364123631,-38.58710361518361,1419.8600000000006,1.9882842712097268,0.0,94,4.605170185988092,4.564348191467836,4.553876891600541,6.952728644624869,0.0
C101,CCCCCCCCCCCCCCCCCCCCCCCCCCCCCCCCCCCCCCCCCCCCCCCCCCCCCCCCCCCCCCCCCCCCCCCCCCCCCCCCCCCCCCCCCCCCCCCCCCCCC,1.3749500000000001,0.05326177748821783,1213.1109999999985,0.0,645.2334624674902,0.0,0.0,0.0,4.634983900184893,0,0,100.0,39.646099999999976,468.43100000000254,1.265942245128737,396.0,388.0,384.0,380.0,3840.0,4824.0,14777.953276999997,16896.258051999994,19255.884075000005,19366.994738000005,372.379932589196,770.4302676291449,1.3049180327868852,48.4523058262295,6.990684498360653,5.306918032786887,165.67026550176,266.8524590163935,2.127385111529189,8178.505080118031,-100.71381282113818,1.60211299672131,8.275377049180312,-0.054802042461691756,-0.0402627250738551,-0.4502376032064427,-2.445697806422641,0.8749260951357163,26.814770754485348,0.01993399623757052,1.2108601884740993,0.9871436102075678,12.307997734375855,2.7969977343758563,1.4710919649926781,7087.026966522893,10.495864599055388,12.103553390593273,8.470116331293607,5.9267766952966365,135.0,0.9197377049180328,1.138883750440216,70.16858382695933,4.634983900184893,50.5,50.0,0.43245901639344264,0.6999999999999998,0.0,100.0,0.9160945159908507,279.40882737720943,9.908024930221519,399.13908213313886,392.72666752790286,-38.962798797686006,1433.9500000000007,1.9884002685239057,0.0,95,4.61512051684126,4.574710978503383,4.564348191467836,6.963189985870238,0.0
C102,CCCCCCCCCCCCCCCCCCCCCCCCCCCCCCCCCCCCCCCCCCCCCCCCCCCCCCCCCCCCCCCCCCCCCCCCCCCCCCCCCCCCCCCCCCCCCCCCCCCCCC,1.3749509851975297,0.05326176960433292,1225.1219999999985,0.0,651.5984045818868,0.0,0.0,0.0,4.635081929789834,0,0,101.0,40.036199999999965,473.0480000000027,1.2661642816560592,400.0,392.0,388.0,384.0,3878.0,4872.0,14924.249525999998,17064.73634899999,19449.592612000008,19563.751467000006,376.05805839889405,778.1179577739938,1.3051948051948052,48.455355603896095,6.990701999999998,5.306948051948052,165.6690280460237,269.5194805194805,2.128310001686604,8259.21747112987,-100.70740129771595,1.6179239999999981,8.357045454545437,-0.054798553719004335,-0.04026016191599318,-0.4502089407135495,-2.4455421113057603,0.8750632484398718,26.815641140032046,0.019934643278799097,1.2108994920063485,0.9871436102075702,12.309005247616893,2.798005247616895,1.471090198278366,7228.074723626934,10.548410285992084,12.228553390593273,8.558504678941926,5.9892766952966365,136.33333333333334,0.9197402597402596,1.1388793296434745,70.86347768261699,4.635081929789834,51.0,50.5,0.43246753246753245,0.7,0.0,101.0,0.9161161073155653,282.1637610531941,9.883859898611304,403.08902837172616,396.67286104405537,-39.33839853277878,1448.0400000000006,1.988513991380944,0.0,96,4.624972813284271,4.584967478670572,4.574710978503383,6.97354301952014,0.0
C103,CCCCCCCCCCCCCCCCCCCCCCCCCCCCCCCCCCCCCCCCCCCCCCCCCCCCCCCCCCCCCCCCCCCCCCCCCCCCCCCCCCCCCCCCCCCCCCCCCCCCCCC,1.3749519415609381,0.05326176324299009,1237.1329999999984,0.0,657.9633466962835,0.0,0.0,0.0,4.635178046667957,0,0,102.0,40.42629999999996,477.6650000000027,1.2660858572048024,404.0,396.0,392.0,388.0,3916.0,4920.0,15070.545774999997,17233.214645999982,19643.301149000003,19760.508196000006,379.736184208592,785.8056479188426,1.3054662379421222,48.458346543408354,6.990719163987137,5.3069774919614146,165.6678144640315,272.18649517684884,2.129217026292107,8339.92982899035,-100.70111366749379,1.6337349967845642,8.438713826366541,-0.05479513239104384,-0.040257648287298886,-0.45018083208101994,-2.4453894247681514,0.8751977336876169,26.81649462697862,0.01993527775767411,1.2109380324575973,0.9871436102075692,12.310012637148628,2.7990126371486275,1.471088497420267,7370.512113810595,10.600695366088518,12.353553390593273,8.646893026590245,6.0517766952966365,137.66666666666669,0.9197427652733118,1.138874994135416,71.55837003699608,4.635178046667957,51.5,51.0,0.432475884244373,0.7,0.0,102.0,0.9161372792199316,284.91869383739873,9.860092977300365,407.0389732406655,400.6191153539055,-39.71390421874503,1462.1300000000006,1.9886255060271658,0.0,97,4.634728988229636,4.59511985013459,4.584967478670572,6.983789965258135,0.0
C104,CCCCCCCCCCCCCCCCCCCCCCCCCCCCCCCCCCCCCCCCCCCCCCCCCCCCCCCCCCCCCCCCCCCCCCCCCCCCCCCCCCCCCCCCCCCCCCCCCCCCCCCC,1.3749528702045433,0.053261758110118906,1249.1439999999984,0.0,664.3282888106801,0.0,0.0,0.0,4.635272306258871,0,0,103.0,40.81639999999995,482.2820000000027,1.266299413292334,408.0,400.0,396.0,392.0,3954.0,4968.0,15216.842023999998,17401.69294299998,19837.009685999998,19957.264925000003,383.41431001829005,793.4933380636915,1.305732484076433,48.46128033121018,6.990735999999999,5.307006369426753,165.66662407150412,274.8535031847133,2.130106698040479,8420.64215464968,-100.69494637378595,1.6495459872611447,8.520382165605078,-0.05479177654261695,-0.04025518276600967,-0.4501532614085803,-2.445239660437988,0.8753296279767939,26.81733170270599,0.019935900036512612,1.2109758318362411,0.9871436102075701,12.311019906182093,2.8000199061820785,1.4710868292506294,7514.339137073729,10.652723680895438,12.478553390593273,8.735281374238564,6.1142766952966365,139.0,0.9197452229299363,1.13887074147146,72.25326093340125,4.635272306258871,52.0,51.5,0.432484076433121,0.7,0.0,103.0,0.9161580438070431,287.67362575541154,9.836714126018858,410.988916779081,404.56542890637076,-40.08931722005681,1476.2200000000007,1.9887348761609602,0.0,98,4.6443908991413725,4.605170185988092,4.59511985013459,6.993932975223189,0.0
C105,CCCCCCCCCCCCCCCCCCCCCCCCCCCCCCCCCCCCCCCCCCCCCCCCCCCCCCCCCCCCCCCCCCCCCCCCCCCCCCCCCCCCCCCCCCCCCCCCCCCCCCCCC,1.374953772189349,0.05326175396848136,1261.1549999999984,0.0,670.6932309250767,0.0,0.0,0.0,4.635364761880172,0,0,104.0,41.20649999999995,486.89900000000273,1.266223927382026,412.0,404.0,400.0,396.0,3992.0,5016.0,15363.138272999999,17570.171239999978,20030.718222999993,20154.021654,387.0924358279881,801.1810282085404,1.3059936908517351,48.46415858990536,6.990752517350158,5.307034700315459,165.6654562100656,277.5205047318612,2.130979510195152,8501.354449022081,-100.68889599470978,1.6653569716088308,8.602050473186102,-0.05478848431168761,-0.040252763984082326,-0.4501262133990308,-2.445092735220069,0.8754590054632845,26.818152836031803,0.01993651046383184,1.2110129113124284,0.98714361020757,12.31202705781411,2.8010270578141188,1.4710852223325064,7659.55579341621,10.704498978455785,12.603553390593273,8.823669721886883,6.1767766952966365,140.33333333333334,0.9197476340694006,1.1388665692995668,72.9481504134877,4.635364761880172,52.5,52.0,0.43249211356466877,0.7,0.0,104.0,0.9161784127187729,290.428556831851,9.813713643572271,414.9388590246211,408.5118002037656,-40.464638868508736,1490.3100000000004,1.9888421630541109,0.0,99,4.653960350157523,4.61512051684126,4.605170185988092,7.00397413672268,0.0
C106,CCCCCCCCCCCCCCCCCCCCCCCCCCCCCCCCCCCCCCCCCCCCCCCCCCCCCCCCCCCCCCCCCCCCCCCCCCCCCCCCCCCCCCCCCCCCCCCCCCCCCCCCCC,1.374954648526077,0.05326175062670726,1273.1659999999983,0.0,677.0581730394733,0.0,0.0,0.0,4.635455464828018,0,0,105.0,41.59659999999994,491.51600000000275,1.266429479775496,416.0,408.0,404.0,400.0,4030.0,5064.0,15509.434521999996,17738.64953699999,20224.42676000001,20350.778383000004,390.770561637686,808.8687183533899,1.30625,48.46698288124999,6.990768724999998,5.307062500000001,165.66431024602903,280.1875,2.1318359375,8582.0667129875,-100.68295923693859,1.6811679499999979,8.683718749999981,-0.054785253906211306,-0.04025039062498883,-0.45009967332956674,-2.444948569142022,0.8755859375,26.81895847808594,0.019937109374999977,1.2110492912575876,0.9871436102075711,12.313034095032622,2.8020340950326363,1.471083645513579,7806.162082837913,10.756024916461902,12.728553390593273,8.912058069535203,6.2392766952966365,141.66666666666666,0.9197500000000002,1.1388624753558962,73.64303851733878,4.635455464828018,53.0,52.5,0.4325,0.6999999999999998,0.0,105.0,0.9161983971575356,293.1834870904114,9.79108215356768,418.8888000135265,412.45822779949367,-40.839870464303196,1504.4000000000005,1.988947425666259,0.0,100,4.663439094112067,4.624972813284271,4.61512051684126,7.013915474810528,0.0
C107,CCCCCCCCCCCCCCCCCCCCCCCCCCCCCCCCCCCCCCCCCCCCCCCCCCCCCCCCCCCCCCCCCCCCCCCCCCCCCCCCCCCCCCCCCCCCCCCCCCCCCCCCCCC,1.3749555001779994,0.05326174793028637,1285.1769999999983,0.0,683.42311515387,0.0,0.0,0.0,4.635544464472019,0,0,106.0,41.986699999999935,496.13300000000277,1.266356770289994,420.0,412.0,408.0,404.0,4068.0,5112.0,15655.730770999997,17907.127833999988,20418.13529700001,20547.53511200001,394.44868744738403,816.5564084982389,1.306501547987616,48.46975470897832,6.990784631578946,5.307089783281734,165.66318556925012,282.85448916408666,2.132676437040501,8662.778947393188,-100.67713292967872,1.6969789226006171,8.765386996904008,-0.054782083600889084,-0.04024806142105016,-0.4500736270252685,-2.4448070852041455,0.8757104927680701,26.819749063136804,0.019937697092850475,1.2110849912817452,0.9871436102075707,12.314041020721383,2.803041020721394,1.4710821257421032,7954.15800533874,10.807305065276944,12.853553390593273,9.000446417183522,6.3017766952966365,143.0,0.9197523219814241,1.1388584574607155,74.3379252835396,4.635544464472019,53.5,53.0,0.43250773993808045,0.7,0.0,106.0,0.9162180079068292,295.9384165539058,9.768810590856077,422.83873978069676,416.40471029585984,-41.215013277089774,1518.4900000000007,1.9890507207529462,0.0,101,4.672828834461906,4.634728988229636,4.624972813284271,7.023758954738443,0.0
C108,CCCCCCCCCCCCCCCCCCCCCCCCCCCCCCCCCCCCCCCCCCCCCCCCCCCCCCCCCCCCCCCCCCCCCCCCCCCCCCCCCCCCCCCCCCCCCCCCCCCCCCCCCCCC,1.3749563280635864,0.05326174575453704,1297.1879999999983,0.0,689.7880572682666,0.0,0.0,0.0,4.635631808344847,0,0,107.0,42.376799999999925,500.7500000000028,1.26655476065754,424.0,416.0,412.0,408.0,4106.0,5160.0,15802.027019999996,18075.606130999986,20611.843834000007,20744.291841000006,398.126813257082,824.2440986430877,1.3067484662576687,48.47247552147238,6.990800245398772,5.3071165644171785,165.66208159204382,285.521472392638,2.1335014490571855,8743.491153055213,-100.67141401901931,1.7127898895705502,8.847055214723909,-0.054778971733916895,-0.04024577515145868,-0.45004806083372273,-2.4446682092455365,0.87583273740073,26.820525009371817,0.019938273928262237,1.211120030268764,0.9871436102075697,12.315047837664633,2.804047837664618,1.4710806337245768,8103.5435609185615,10.858342910827686,12.978553390593273,9.08883476483184,6.3642766952966365,144.33333333333334,0.9197546012269938,1.1388545135145254,75.03281074924595,4.635631808344847,54.0,53.5,0.4325153374233129,0.7,0.0,107.0,0.9162372553506342,298.6933452443067,9.746890188649294,426.7886783597504,420.35124634199485,-41.59006854696089,1532.5800000000004,1.9891521029676578,0.0,102,4.68213122712422,4.6443908991413725,4.634728988229636,7.033506484287697,0.0
C109,CCCCCCCCCCCCCCCCCCCCCCCCCCCCCCCCCCCCCCCCCCCCCCCCCCCCCCCCCCCCCCCCCCCCCCCCCCCCCCCCCCCCCCCCCCCCCCCCCCCCCCCCCCCCC,1.374957133058985,0.053261743999005066,1309.1989999999983,0.0,696.1529993826633,0.0,0.0,0.0,4.635717542226877,0,0,108.0,42.76689999999992,505.3670000000028,1.2664846771899811,428.0,420.0,416.0,412.0,4144.0,5208.0,15948.323268999997,18244.084427999984,20805.552371,20941.048570000003,401.80493906678,831.9317887879366,1.3069908814589666,48.47514671428571,6.990815574468084,5.307142857142859,165.66099774816047,288.18844984802433,2.1343113977143857,8824.203330759876,-100.66579956262517,1.728600851063828,8.928723404255301,-0.0547759167043553,-0.04024353063994024,-0.45002296160138316,-2.4445318698171916,0.875952735100378,26.82128671963488,0.01993884018070784,1.2111544264096497,0.9871436102075706,12.316054548551374,2.805054548551365,1.471079194909631,8254.318749577284,10.909141857375094,13.103553390593273,9.17722311248016,6.4267766952966365,145.66666666666666,0.9197568389057752,1.1388506414944053,75.72769495025034,4.635717542226877,54.5,54.0,0.43252279635258356,0.7,0.0,108.0,0.9162561494917458,301.44827318278436,9.725312466272758,430.7386157830839,424.2978346318848,-41.96503748540639,1546.6700000000005,1.9892516249582461,0.0,103,4.6913478822291435,4.653960350157523,4.6443908991413725,7.0431599159883405,0.0
C110,CCCCCCCCCCCCCCCCCCCCCCCCCCCCCCCCCCCCCCCCCCCCCCCCCCCCCCCCCCCCCCCCCCCCCCCCCCCCCCCCCCCCCCCCCCCCCCCCCCCCCCCCCCCCCC,1.3749579160003367,0.053261742582496115,1321.2099999999982,0.0,702.51794149706,0.0,0.0,0.0,4.635801710226204,0,0,109.0,43.15699999999991,509.9840000000028,1.2666755152900058,432.0,424.0,420.0,416.0,4182.0,5256.0,16094.619517999998,18412.562724999974,20999.260908,21137.805299000003,405.483064876478,839.6194789327853,1.3072289156626506,48.47776963253011,6.990830626506024,5.307168674698796,165.65993349181713,290.85542168674704,2.135106691827587,8904.91548126506,-100.6602867246531,1.7444118072289134,9.010391566265042,-0.05477291696904708,-0.040241326752762326,-0.4499983166506269,-2.4443979980525823,0.876070547249238,26.822034582123674,0.01993939613877193,1.2111881972340366,0.9871436102075709,12.317061155979708,2.806061155979668,1.471077781720722,8406.483571314795,10.95970523016916,13.228553390593273,9.26561146012848,6.4892766952966365,147.0,0.9197590361445783,1.1388468394505529,76.4225779210436,4.635801710226204,55.0,54.5,0.4325301204819277,0.7,0.0,109.0,0.9162746999691053,304.20320038974296,9.704069217517752,434.6885520819267,428.2444739025016,-42.33992127622857,1560.7600000000007,1.9893493374580964,0.0,104,4.700480365792417,4.663439094112067,4.653960350157523,7.052721049232323,0.0
C111,CCCCCCCCCCCCCCCCCCCCCCCCCCCCCCCCCCCCCCCCCCCCCCCCCCCCCCCCCCCCCCCCCCCCCCCCCCCCCCCCCCCCCCCCCCCCCCCCCCCCCCCCCCCCCCC,1.3749586776859504,0.053261741439539365,1333.2209999999982,0.0,708.8828836114566,0.0,0.0,0.0,4.635884354854303,0,0,110.0,43.54709999999991,514.6010000000028,1.2666079181044239,436.0,428.0,424.0,420.0,4220.0,5304.0,16240.915766999999,18581.041021999972,21192.96944499999,21334.562028000004,409.16119068617604,847.3071690776343,1.3074626865671641,48.48034557313432,6.990845408955224,5.307194029850747,165.65888829678144,293.5223880597015,2.1358877255513335,8985.62760530149,-100.65487277100499,1.7602227582089536,9.09205970149252,-0.05476997104030766,-0.040239162396936784,-0.4499741137588336,-2.4442665275593214,0.8761862330140343,26.822768971049225,0.019939942080641544,1.2112213596399715,0.9871436102075699,12.318067662460445,2.807067662460413,1.4710764182122205,8560.03802613101,11.010036277993617,13.353553390593273,9.353999807776798,6.5517766952966365,148.33333333333334,0.9197611940298508,1.1388431055030082,77.11745969487396,4.635884354854303,55.5,55.0,0.43253731343283586,0.6999999999999998,0.0,110.0,0.9162929160741942,306.95812688485506,9.683152499559283,438.63848728639294,432.19116293202603,-42.71472107642017,1574.8500000000004,1.989445289372364,0.0,105,4.709530201312334,4.672828834461906,4.663439094112067,7.062191632286556,0.0
C112,CCCCCCCCCCCCCCCCCCCCCCCCCCCCCCCCCCCCCCCCCCCCCCCCCCCCCCCCCCCCCCCCCCCCCCCCCCCCCCCCCCCCCCCCCCCCCCCCCCCCCCCCCCCCCCCC,1.3749594188783378,0.05326174051730709,1345.2319999999982,0.0,715.2478257258532,0.0,0.0,0.0,4.6359655170976275,0,0,111.0,43.9371999999999,519.2180000000028,1.2667919846162374,440.0,432.0,428.0,424.0,4258.0,5352.0,16387.212015999998,18749.51931899999,21386.67798200001,21531.318757000005,412.83931649587396,854.9948592224838,1.3076923076923077,48.48287578698224,6.990859928994081,5.307218934911243,165.65786165550378,296.18934911242604,2.1366548790308446,9066.339703573964,-100.64955506478846,1.77603370414201,9.173727810650869,-0.05476707748323956,-0.04023703651829535,-0.4499503411378374,-2.444137394306687,0.8762998494450475,26.823490247260246,0.01994047827457019,1.2112539299221048,0.9871436102075697,12.319074070421076,2.808074070421075,1.4710750783958517,8714.982114025821,11.060138175606342,13.478553390593273,9.442388155425117,6.6142766952966365,149.66666666666669,0.9197633136094676,1.138839437838556,77.81234030380199,4.6359655170976275,56.0,55.5,0.4325443786982248,0.7,0.0,111.0,0.916310806766551,309.7130526870942,9.662554622407777,442.5884214255311,436.1379005381591,-43.089438017006664,1588.9400000000005,1.989539527859591,0.0,106,4.718498871295094,4.68213122712422,4.672828834461906,7.071573364211532,0.0
C113,CCCCCCCCCCCCCCCCCCCCCCCCCCCCCCCCCCCCCCCCCCCCCCCCCCCCCCCCCCCCCCCCCCCCCCCCCCCCCCCCCCCCCCCCCCCCCCCCCCCCCCCCCCCCCCCCC,1.3749601403061225,0.05326173977317374,1357.2429999999981,0.0,721.6127678402498,0.0,0.0,0.0,4.636045236485383,0,0,112.0,44.32729999999989,523.8350000000029,1.2667267437177545,444.0,436.0,432.0,428.0,4296.0,5400.0,16533.508264999997,18917.99761599999,21580.386519000003,21728.075486000005,416.517442305572,862.6825493673326,1.3079178885630498,48.48536148093841,6.990874193548386,5.307243401759532,165.6568530782955,298.8563049853373,2.1374085190186043,9147.05177676246,-100.64433106203785,1.7918446451612882,9.255395894428133,-0.05476423491365594,-0.04023494809984729,-0.4499269874148979,-2.444010536512188,0.8764114515699042,26.824198758834196,0.019941004979317316,1.2112859237983842,0.9871436102075706,12.320080382209218,2.8090803822092054,1.4710737850281743,8871.315834999157,11.110014026080403,13.603553390593273,9.530776503073437,6.6767766952966365,151.00000000000003,0.9197653958944281,1.1388358347077892,78.5072197787536,4.636045236485383,56.5,56.0,0.43255131964809385,0.7,0.0,112.0,0.9163283806884619,312.4679778147655,9.642268138864877,446.53835452737076,440.0846855765169,-43.464073203855,1603.0300000000002,1.989632098408991,0.0,107,4.727387818712341,4.6913478822291435,4.68213122712422,7.080867896690782,0.0
C114,CCCCCCCCCCCCCCCCCCCCCCCCCCCCCCCCCCCCCCCCCCCCCCCCCCCCCCCCCCCCCCCCCCCCCCCCCCCCCCCCCCCCCCCCCCCCCCCCCCCCCCCCCCCCCCCCCC,1.3749608426658313,0.05326173917274534,1369.253999999998,0.0,727.9777099546465,0.0,0.0,0.0,4.6361235511537195,0,0,113.0,44.717399999999884,528.4520000000028,1.2669043927761492,448.0,440.0,436.0,432.0,4334.0,5448.0,16679.804513999996,19086.47591299998,21774.095056000002,21924.832215000002,420.19556811527,870.3702395121816,1.308139534883721,48.48780381976743,6.990888209302324,5.307267441860466,165.65586209255022,301.52325581395354,2.1381489994592098,9227.763825523256,-100.63919830765516,1.807655581395347,9.337063953488354,-0.05476144199564745,-0.040232896160069184,-0.4499040416146609,-2.443885894562589,0.876521092482423,26.824894841637374,0.019941522444564604,1.2113173564353419,0.9871436102075707,12.321086600095777,2.8100866000957914,1.4710725135922376,9029.03918905092,11.159666863050786,13.728553390593273,9.619164850721756,6.7392766952966365,152.33333333333334,0.9197674418604652,1.1388322944223261,79.20209814956954,4.6361235511537195,57.0,56.5,0.43255813953488365,0.7,0.0,113.0,0.9163456461788804,315.2229022855349,9.622285834955422,450.48828661896636,444.0315169391034,-43.83862771845018,1617.1200000000003,1.9897230449136647,0.0,108,4.736198448394496,4.700480365792417,4.6913478822291435,7.090076835776092,0.0
C115,CCCCCCCCCCCCCCCCCCCCCCCCCCCCCCCCCCCCCCCCCCCCCCCCCCCCCCCCCCCCCCCCCCCCCCCCCCCCCCCCCCCCCCCCCCCCCCCCCCCCCCCCCCCCCCCCCCC,1.3749615266235764,0.05326173868826987,1381.264999999998,0.0,734.3426520690431,0.0,0.0,0.0,4.636200497906567,0,0,114.0,45.107499999999874,533.0690000000029,1.2668413870767181,452.0,444.0,440.0,436.0,4372.0,5496.0,16826.100763,19254.954209999978,21967.803592999997,22121.588944000003,423.873693924968,878.0579296570304,1.30835734870317,48.490203927953885,6.990901982708932,5.3072910662824215,165.65488824200511,304.1902017291066,2.1388766620435407,9308.475850489911,-100.63415443158233,1.8234665129682974,9.4187319884726,-0.054758697439532406,-0.04023087975147678,-0.44988149314186343,-2.4437634108984976,0.8766288234268201,26.82557881985565,0.019942030911310592,1.2113482424720672,0.9871436102075705,12.322092726278468,2.8110927262784404,1.4710712856352302,9188.152176181044,11.209099652871249,13.853553390593273,9.707553198370075,6.8017766952966365,153.66666666666669,0.9197694524495678,1.1388288153521742,79.89697544505255,4.636200497906567,57.5,57.0,0.43256484149855906,0.7,0.0,114.0,0.9163626112866186,317.97782611645664,9.602600720809534,454.4382177264401,447.9783935528572,-44.213102618641194,1631.2100000000005,1.9898124097399963,0.0,109,4.74493212836325,4.709530201312334,4.700480365792417,7.099201743553092,0.0
C116,CCCCCCCCCCCCCCCCCCCCCCCCCCCCCCCCCCCCCCCCCCCCCCCCCCCCCCCCCCCCCCCCCCCCCCCCCCCCCCCCCCCCCCCCCCCCCCCCCCCCCCCCCCCCCCCCCCCC,1.3749621928166351,0.053261738297355095,1393.275999999998,0.0,740.7075941834397,0.0,0.0,0.0,4.636276112273297,0,0,115.0,45.49759999999987,537.6860000000029,1.2670129485459847,456.0,448.0,444.0,440.0,4410.0,5544.0,16972.397011999998,19423.432506999976,22161.512129999992,22318.345673000003,427.551819734666,885.7456198018792,1.3085714285714285,48.49256289142856,6.990915519999999,5.307314285714287,165.65393108604076,306.8571428571429,2.139591836734716,9389.187852274285,-100.62919714512796,1.8392774399999978,9.50039999999998,-0.0547559999999814,-0.04022889795914071,-0.44985933176485327,-2.443643029946437,0.8767346938775511,26.826251006497955,0.019942530612244873,1.2113785960429346,0.9871436102075706,12.323098762884344,2.8120987628843275,1.471070078005056,9348.654796389434,11.258315296685904,13.978553390593273,9.795941546018394,6.8642766952966365,155.00000000000003,0.9197714285714286,1.1388253959232246,80.59185169301237,4.636276112273297,58.0,57.5,0.4325714285714286,0.7,0.0,115.0,0.9163792837828572,320.732749324,9.583206021970273,458.3881478750209,451.9253143782681,-44.58749893935809,1645.3000000000002,1.9899002337934601,0.0,110,4.7535901911063645,4.718498871295094,4.709530201312334,7.108244139731541,0.0
C117,CCCCCCCCCCCCCCCCCCCCCCCCCCCCCCCCCCCCCCCCCCCCCCCCCCCCCCCCCCCCCCCCCCCCCCCCCCCCCCCCCCCCCCCCCCCCCCCCCCCCCCCCCCCCCCCCCCCCC,1.3749628418549347,0.053261737981932636,1405.286999999998,0.0,747.0725362978363,0.0,0.0,0.0,4.636350428563428,0,0,116.0,45.88769999999986,542.303000000003,1.266952065114426,460.0,452.0,448.0,444.0,4448.0,5592.0,17118.693260999997,19591.910803999996,22355.220667000005,22515.102402000004,431.229945544364,893.4333099467289,1.3087818696883853,48.49488175920679,6.990928827195466,5.307337110481588,165.6529901990164,309.5240793201133,2.1402948422665893,9469.89983146742,-100.62432423750477,1.8550883626062302,9.582067988668534,-0.054753348474016646,-0.04022694989924274,-0.44983754760051897,-2.4435246980219993,0.8768387516150518,26.826911703873712,0.019943021772103112,1.2114084307991686,0.9871436102075707,12.324104711973114,2.813104711973125,1.4710689111207116,9510.547049676039,11.307316632419415,14.103553390593273,9.884329893666713,6.9267766952966365,156.33333333333334,0.919773371104816,1.1388220346148803,81.28672692030804,4.636350428563428,58.5,58.0,0.43257790368271953,0.7,0.0,116.0,0.9163956711730136,323.48767192407377,9.564095171103858,462.3380770890831,455.8722784080596,-44.961817693301064,1659.3900000000003,1.9899865565810526,0.0,111,4.762173934797756,4.727387818712341,4.718498871295094,7.117205503164344,0.0
C118,CCCCCCCCCCCCCCCCCCCCCCCCCCCCCCCCCCCCCCCCCCCCCCCCCCCCCCCCCCCCCCCCCCCCCCCCCCCCCCCCCCCCCCCCCCCCCCCCCCCCCCCCCCCCCCCCCCCCCC,1.3749634743224486,0.05326173772742366,1417.297999999998,0.0,753.4374784122331,0.0,0.0,0.0,4.63642347991853,0,0,117.0,46.27779999999985,546.9200000000029,1.2671178466325377,464.0,456.0,452.0,448.0,4486.0,5640.0,17264.989509999996,19760.389100999986,22548.92920400001,22711.859131000005,434.908071354062,901.1210000915778,1.3089887640449438,48.49716154494381,6.990941910112359,5.307359550561799,165.6520651696384,312.1910112359551,2.1409859866178413,9550.611788640446,-100.61953357256094,1.8708992808988743,9.66373595505616,-0.05475074169925909,-0.040225034717819866,-0.4498161310992104,-2.4434083632466437,0.8769410427976267,26.827561204046198,0.019943504608004016,1.2114377599293142,0.98714361020757,12.325110575539693,2.8141105755396847,1.471067763097832,9673.828936040769,11.356106436689744,14.228553390593273,9.972718241315032,6.9892766952966365,157.66666666666669,0.9197752808988766,1.1388187299578005,81.98160115288785,4.63642347991853,59.0,58.5,0.43258426966292135,0.7,0.0,117.0,0.916411780708005,326.2425939320498,9.545261800090902,466.28800539218133,459.81928466593286,-45.33605987160333,1673.4800000000005,1.9900714162705504,0.0,112,4.770684624465665,4.736198448394496,4.727387818712341,7.126087273299125,0.0
C119,CCCCCCCCCCCCCCCCCCCCCCCCCCCCCCCCCCCCCCCCCCCCCCCCCCCCCCCCCCCCCCCCCCCCCCCCCCCCCCCCCCCCCCCCCCCCCCCCCCCCCCCCCCCCCCCCCCCCCCC,1.374964090778512,0.05326173752206449,1429.308999999998,0.0,759.8024205266297,0.0,0.0,0.0,4.636495298361506,0,0,118.0,46.66789999999985,551.537000000003,1.2670589800190935,468.0,460.0,456.0,452.0,4524.0,5688.0,17411.285759,19928.867397999984,22742.637741000006,22908.615860000005,438.58619716375995,908.8086902364267,1.309192200557103,48.499403228412255,6.990954774373258,5.307381615598886,165.65115560036145,314.85793871866304,2.1416655674615197,9631.323724345402,-100.61482308562988,1.8867101949860707,9.745403899721431,-0.054748178552249366,-0.040223151589404926,-0.4497950730309548,-2.4432939754849103,0.8770416120297021,26.82819978926296,0.0199439793297693,1.2114665961786708,0.9871436102075714,12.326116355516639,2.815116355516631,1.4710666533019083,9838.50045548355,11.404687426647058,14.353553390593273,10.061106588963352,7.0517766952966365,159.0,0.9197771587743734,1.138815480531758,82.67647441582812,4.636495298361506,59.5,59.0,0.4325905292479108,0.7,0.0,118.0,0.9164276193949463,328.99751536278575,9.526699732478313,470.2379328070856,463.76633220537053,-45.71022644446868,1687.5700000000002,1.9901548497467794,0.0,113,4.77912349311153,4.74493212836325,4.736198448394496,7.134890851565884,0.0
C120,CCCCCCCCCCCCCCCCCCCCCCCCCCCCCCCCCCCCCCCCCCCCCCCCCCCCCCCCCCCCCCCCCCCCCCCCCCCCCCCCCCCCCCCCCCCCCCCCCCCCCCCCCCCCCCCCCCCCCCCC,1.3749646917590566,0.05326173735636402,1441.319999999998,0.0,766.1673626410263,0.0,0.0,0.0,4.636565914843393,0,0,119.0,47.057999999999836,556.154000000003,1.267219268838706,472.0,464.0,460.0,456.0,4562.0,5736.0,17557.582007999998,20097.345694999978,22936.346278,23105.372589000006,442.264322973458,916.4963803812755,1.3093922651933703,48.50160775690607,6.990967425414364,5.307403314917129,165.6502611068184,317.524861878453,2.1423338725924292,9712.03563911602,-100.6101907806167,1.9025211049723736,9.8270718232044,-0.054745657946924334,-0.04022129971609554,-0.44977436447224917,-2.443181486265798,0.8771405024266657,26.828827732364697,0.019944446140227685,1.2114949518677605,0.9871436102075701,12.32712205377681,2.816122053776815,1.4710655610275853,10004.561608004355,11.453062261742387,14.478553390593273,10.14949493661167,7.1142766952966365,160.33333333333334,0.919779005524862,1.1388122849636058,83.37134673336963,4.636565914843393,60.0,59.5,0.4325966850828729,0.7,0.0,119.0,0.9164431940073101,331.75243623064625,9.50840297627289,474.1878593558133,467.7134201084948,-46.08431836178503,1701.6600000000003,1.990236892665071,0.0,114,4.787491742782046,4.7535901911063645,4.74493212836325,7.143617602704121,0.0
C121,CCCCCCCCCCCCCCCCCCCCCCCCCCCCCCCCCCCCCCCCCCCCCCCCCCCCCCCCCCCCCCCCCCCCCCCCCCCCCCCCCCCCCCCCCCCCCCCCCCCCCCCCCCCCCCCCCCCCCCCCC,1.3749652777777777,0.053261737222663134,1453.3309999999979,0.0,772.532304755423,0.0,0.0,0.0,4.636635359287838,0,0,120.0,47.44809999999983,560.771000000003,1.2671623204656193,476.0,468.0,464.0,460.0,4600.0,5784.0,17703.878256999997,20265.823991999972,23130.054814999996,23302.129318000003,445.942448783156,924.1840705261244,1.3095890410958904,48.50377604657533,6.99097986849315,5.307424657534248,165.64938131727877,320.19178082191775,2.1429911803340476,9792.747533468493,-100.60563472709737,1.9183320109589013,9.908739726027378,-0.05474317883276661,-0.04021947832606472,-0.4497539967931476,-2.443070848709058,0.877237755676487,26.829445297173955,0.019944905235503824,1.2115228389098753,0.9871436102075694,12.328127672135698,2.817127672135684,1.4710645046555118,10172.01239360308,11.50123354542921,14.603553390593273,10.23788328425999,7.1767766952966365,161.66666666666669,0.9197808219178083,1.138809141925341,84.0662181289511,4.636635359287838,60.5,60.0,0.4326027397260274,0.7,0.0,120.0,0.9164585110945844,334.5073565495233,9.490365717058626,478.13778505966,471.66054748497965,-46.45833655371513,1715.7500000000005,1.990317579502069,0.0,115,4.795790545596741,4.762173934797756,4.7535901911063645,7.152268856032539,0.0
C122,CCCCCCCCCCCCCCCCCCCCCCCCCCCCCCCCCCCCCCCCCCCCCCCCCCCCCCCCCCCCCCCCCCCCCCCCCCCCCCCCCCCCCCCCCCCCCCCCCCCCCCCCCCCCCCCCCCCCCCCCCC,1.3749658493272316,0.05326173711478195,1465.3419999999978,0.0,778.8972468698196,0.0,0.0,0.0,4.6367036606333745,0,0,121.0,47.83819999999982,565.388000000003,1.267317385115067,480.0,472.0,468.0,464.0,4638.0,5832.0,17850.174505999996,20434.302288999992,23323.76335200001,23498.886047,449.620574592854,931.8717606709738,1.309782608695652,48.50590898369564,6.99099210869565,5.3074456521739135,165.64851587213386,322.85869565217394,2.143637759924399,9873.459407902172,-100.60115305771401,1.9341429130434762,9.990407608695634,-0.054740740193739194,-0.040217686672948325,-0.44973396164582385,-2.4429620174721958,0.8773334120982987,26.830052738864598,0.019945356805292982,1.211550268827765,0.9871436102075704,12.329133212353483,2.818133212353511,1.4710634645782403,10340.852812279682,11.549203826800808,14.728553390593273,10.326271631908309,7.2392766952966365,163.0,0.9197826086956522,1.1388060501322652,84.76108862524329,4.6367036606333745,61.0,60.5,0.43260869565217386,0.7,0.0,121.0,0.9164735769914555,337.2622763328556,9.472582311420886,482.0877099392289,475.60771347101104,-46.83228193126519,1729.8400000000006,1.9903969436040339,0.0,116,4.804021044733257,4.770684624465665,4.762173934797756,7.160845906664299,0.0
C123,CCCCCCCCCCCCCCCCCCCCCCCCCCCCCCCCCCCCCCCCCCCCCCCCCCCCCCCCCCCCCCCCCCCCCCCCCCCCCCCCCCCCCCCCCCCCCCCCCCCCCCCCCCCCCCCCCCCCCCCCCCC,1.374966406879871,0.0532617370277346,1477.3529999999978,0.0,785.2621889842162,0.0,0.0,0.0,4.636770846873632,0,0,122.0,48.22829999999982,570.0050000000031,1.2672622627257744,484.0,476.0,472.0,468.0,4676.0,5880.0,17996.470755,20602.78058599999,23517.47188900001,23695.642776000004,453.29870040255196,939.5594508158227,1.3099730458221024,48.50800742587601,6.991004150943395,5.307466307277629,165.64766442340633,325.52560646900264,2.1442738718841117,9954.17126290027,-100.59674396557466,1.9499538113207529,10.072075471698092,-0.054738341046581034,-0.040215924034205805,-0.44971425095249895,-2.4428549486720113,0.8774275106981203,26.830650304313398,0.019945801033122375,1.21157725276951,0.9871436102075696,12.33013867613747,2.819138676137472,1.4710624582549137,10511.082864034102,11.596975602166912,14.853553390593273,10.414659979556628,7.3017766952966365,164.33333333333337,0.9197843665768194,1.1388030083412342,85.4559582441797,4.636770846873632,61.5,61.0,0.4326145552560647,0.7,0.0,122.0,0.9164883978265403,340.0171955936465,9.455047280661635,486.0376340144586,479.5549172282951,-47.20615538683284,1743.9300000000003,1.990475017232796,0.0,117,4.812184355372417,4.77912349311153,4.770684624465665,7.1693500166706,0.0
C124,CCCCCCCCCCCCCCCCCCCCCCCCCCCCCCCCCCCCCCCCCCCCCCCCCCCCCCCCCCCCCCCCCCCCCCCCCCCCCCCCCCCCCCCCCCCCCCCCCCCCCCCCCCCCCCCCCCCCCCCCCCCC,1.374966950889021,0.05326173695749758,1489.3639999999978,0.0,791.6271310986128,0.0,0.0,0.0,4.63683694509559,0,0,123.0,48.61839999999981,574.622000000003,1.2674123545102631,488.0,480.0,476.0,472.0,4714.0,5928.0,18142.767003999994,20771.258882999988,23711.180426000006,23892.399505000005,456.97682621225,947.2471409606717,1.3101604278074865,48.51007220320854,6.991015999999998,5.307486631016044,165.64682663428405,328.192513368984,2.144899768366269,10034.88309893048,-100.59240570184899,1.9657647058823504,10.153743315508,-0.054735980439764305,-0.040214189710834666,-0.4496948568951444,-2.4427495998441215,0.8775200892218824,26.83123823243444,0.019946238096599823,1.2116038015236266,0.9871436102075694,12.33114406514377,2.8201440651437557,1.4710614671015272,10682.702548866298,11.644551316571748,14.978553390593273,10.503048327204947,7.3642766952966365,165.66666666666669,0.9197860962566845,1.1388000153489894,86.15082700698629,4.63683694509559,62.0,61.5,0.4326203208556149,0.7,0.0,123.0,0.9165029795307,342.7721143444818,9.437755304790722,489.98755730464995,483.50215794311134,-47.57995779473482,1758.020000000001,1.9905518316094815,0.0,118,4.820281565605037,4.787491742782046,4.77912349311153,7.177782416195197,0.0
C125,CCCCCCCCCCCCCCCCCCCCCCCCCCCCCCCCCCCCCCCCCCCCCCCCCCCCCCCCCCCCCCCCCCCCCCCCCCCCCCCCCCCCCCCCCCCCCCCCCCCCCCCCCCCCCCCCCCCCCCCCCCCCC,1.3749674817898023,0.053261736900824606,1501.3749999999977,0.0,797.9920732130095,0.0,0.0,0.0,4.636901981515985,0,0,124.0,49.0084999999998,579.2390000000031,1.2673589716707259,492.0,484.0,480.0,476.0,4752.0,5976.0,18289.063253,20939.737179999986,23904.888963,24089.156234000005,460.65495202194796,954.9348311055204,1.3103448275862069,48.51210411936339,6.991027660477452,5.307506631299736,165.64600217867573,330.8594164456234,2.1455156934897106,10115.594916445621,-100.58813657343268,1.9815755968169741,10.235411140583533,-0.05473365745198099,-0.04021248302595199,-0.44967577190475677,-2.4426459298737244,0.8776111842058977,26.83181675449767,0.019946668167650495,1.211629925533447,0.9871436102075691,12.332149380979455,2.8211493809794197,1.4710605077141865,10855.711866776188,11.691933365256519,15.103553390593273,10.591436674853266,7.4267766952966365,167.0,0.9197877984084882,1.1387970699905734,86.84569493420955,4.636901981515985,62.5,62.0,0.4326259946949602,0.7,0.0,124.0,0.9165173278449512,345.5270325975466,9.420701216779237,493.9374798284912,487.4494348254074,-47.953690011715835,1772.1100000000001,1.99062741695614,0.0,119,4.8283137373023015,4.795790545596741,4.787491742782046,7.186144304522325,0.0
C126,CCCCCCCCCCCCCCCCCCCCCCCCCCCCCCCCCCCCCCCCCCCCCCCCCCCCCCCCCCCCCCCCCCCCCCCCCCCCCCCCCCCCCCCCCCCCCCCCCCCCCCCCCCCCCCCCCCCCCCCCCCCCCC,1.374968,0.05326173685509619,1513.3859999999977,0.0,804.3570153274061,0.0,0.0,0.0,4.636965981515985,0,0,125.0,49.398599999999796,583.8560000000031,1.2675043260313807,496.0,488.0,484.0,480.0,4790.0,6024.0,18435.359501999996,21108.215476999976,24098.5975,24285.912963000002,464.33307783164594,962.6225212503693,1.3105263157894738,48.514103952631565,6.9910391368421045,5.307526315789476,165.64519074078748,333.52631578947364,2.146121883656509,10196.30671588421,-100.58393494076073,1.9973864842105242,10.3170789473684,-0.05473137119109003,-0.040210803324058325,-0.44965698865179043,-2.4425438989454995,0.8777008310249307,26.83238609443213,0.01994709141274236,1.2116556349108143,0.9871436102075681,12.333154625204319,2.822154625204307,1.4710595624641503,11030.110817763758,11.739124095068508,15.228553390593273,10.679825022501586,7.4892766952966365,168.33333333333337,0.9197894736842106,1.138794171137817,87.54056204574412,4.636965981515985,63.0,62.5,0.4326315789473684,0.7,0.0,125.0,0.9165314483280016,348.2819503646406,9.403879997061617,497.88740160408184,491.3967471079334,-48.32735287743905,1786.2000000000007,1.9907018025353913,0.0,120,4.836281906951478,4.804021044733257,4.795790545596741,7.194436851100335,0.0
C127,CCCCCCCCCCCCCCCCCCCCCCCCCCCCCCCCCCCCCCCCCCCCCCCCCCCCCCCCCCCCCCCCCCCCCCCCCCCCCCCCCCCCCCCCCCCCCCCCCCCCCCCCCCCCCCCCCCCCCCCCCCCCCCC,1.374968505920887,0.05326173681819873,1525.3969999999977,0.0,810.7219574418028,0.0,0.0,0.0,4.637028969674212,0,0,126.0,49.788699999999785,588.4730000000031,1.2674526016778922,500.0,492.0,488.0,484.0,4828.0,6072.0,18581.655751,21276.693773999974,24292.30603699999,24482.669692,468.01120364134397,970.3102113952183,1.3107049608355092,48.516072456919055,6.991050433420365,5.307545691906006,165.64439201471995,336.19321148825065,2.146718567854471,10277.018497671019,-100.57979921571106,2.013197368146212,10.398746736292406,-0.054729120792907274,-0.04020914997028702,-0.4496385000365724,-2.44244346849465,0.8777890639379913,26.832946469114933,0.019947507993101028,1.2116809394491321,0.98714361020757,12.334159799332767,2.823159799332758,1.471058647138355,11205.89940182893,11.786125805819609,15.353553390593273,10.768213370149905,7.5517766952966365,169.66666666666669,0.9197911227154048,1.138791317697897,88.23542836085774,4.637028969674212,63.5,63.0,0.43263707571801563,0.7,0.0,126.0,0.9165453463634294,351.03686765719345,9.387286768274048,501.83732264895616,495.34409404541583,-48.70094721495903,1800.29,1.9907750166881975,0.0,121,4.844187086458591,4.812184355372417,4.804021044733257,7.202661196523238,0.0
C128,CCCCCCCCCCCCCCCCCCCCCCCCCCCCCCCCCCCCCCCCCCCCCCCCCCCCCCCCCCCCCCCCCCCCCCCCCCCCCCCCCCCCCCCCCCCCCCCCCCCCCCCCCCCCCCCCCCCCCCCCCCCCCCCC,1.374968999938,0.05326173678842679,1537.4079999999976,0.0,817.0868995561995,0.0,0.0,0.0,4.637090969798212,0,0,127.0,50.17879999999978,593.0900000000031,1.2675934394241175,504.0,496.0,492.0,488.0,4866.0,6120.0,18727.951999999997,21445.17207099999,24486.014574000015,24679.42642100001,471.689329451042,977.9979015400677,1.310880829015544,48.51801036269429,6.991061554404143,5.307564766839379,165.64360570408354,338.860103626943,2.147305967945412,10357.730262217616,-100.575727859601,2.029008248704661,10.480414507772,-0.05472690542025587,-0.040207522349576835,-0.44962029918043883,-2.442344601155842,0.8778759161319767,26.833498088646675,0.019947918064914468,1.2117058486357994,0.9871436102075701,12.335164904835295,2.8241649048353015,1.4710577450006153,11383.07761897166,11.832940751595855,15.478553390593273,10.856601717798224,7.6142766952966365,171.00000000000003,0.9197927461139899,1.1387885086119656,88.93029389821608,4.637090969798212,64.0,63.5,0.4326424870466321,0.7,0.0,127.0,0.9165590271665272,353.7917844862795,9.370916790217404,505.7872429801047,499.2914749137659,-49.07447383117816,1814.3800000000006,1.9908470868698662,0.0,122,4.852030263919617,4.820281565605037,4.812184355372417,7.21081845347222,0.0
C129,CCCCCCCCCCCCCCCCCCCCCCCCCCCCCCCCCCCCCCCCCCCCCCCCCCCCCCCCCCCCCCCCCCCCCCCCCCCCCCCCCCCCCCCCCCCCCCCCCCCCCCCCCCCCCCCCCCCCCCCCCCCCCCCCC,1.374969482421875,0.053261736764404065,1549.4189999999976,0.0,823.4518416705961,0.0,0.0,0.0,4.637152004954462,0,0,128.0,50.56889999999977,597.7070000000032,1.2675432974526049,508.0,500.0,496.0,492.0,4904.0,6168.0,18874.248248999997,21613.650367999984,24679.72311100001,24876.183150000008,475.36745526074003,985.6855916849166,1.3110539845758356,48.51991837789202,6.991072503856041,5.307583547557842,165.6428315216317,341.5269922879178,2.147884298940721,10438.44200992288,-100.57171938126038,2.0448191259640076,10.562082262210772,-0.05472472426162944,-0.04020591986567358,-0.44960237941720343,-2.442247260716598,0.8779614197632848,26.834041156614084,0.019948321779528263,1.2117303716640733,0.9871436102075704,12.336169943140288,2.8251699431402812,1.4710568710786482,11561.645469191923,11.879571142020668,15.603553390593273,10.944990065446543,7.6767766952966365,172.33333333333334,0.9197943444730079,1.1387857428538377,89.62515867590633,4.637152004954462,64.5,64.0,0.4326478149100257,0.7,0.0,128.0,0.9165724957908244,356.5467008626307,9.35476545503355,509.7371626139952,503.2388890093236,-49.44793351728688,1828.4700000000003,1.990918039684377,0.0,123,4.859812404361672,4.8283137373023015,4.820281565605037,7.21890970761906,0.0
C130,CCCCCCCCCCCCCCCCCCCCCCCCCCCCCCCCCCCCCCCCCCCCCCCCCCCCCCCCCCCCCCCCCCCCCCCCCCCCCCCCCCCCCCCCCCCCCCCCCCCCCCCCCCCCCCCCCCCCCCCCCCCCCCCCCC,1.3749699537287423,0.05326173674502091,1561.4299999999976,0.0,829.8167837849927,0.0,0.0,0.0,4.6372120974969775,0,0,129.0,50.95899999999976,602.3240000000031,1.2676798258813184,512.0,504.0,500.0,496.0,4942.0,6216.0,19020.544497999996,21782.128664999982,24873.43164800001,25072.939879000005,479.045581070438,993.3732818297656,1.3112244897959184,48.5217971887755,6.991083285714285,5.307602040816327,165.64206918891134,344.19387755102036,2.148453769262811,10519.153741173466,-100.56777233523322,2.060629999999998,10.64374999999998,-0.05472257653056527,-0.040204341940829856,-0.44958473428504936,-2.4421514120793497,0.8780456059975009,26.834575870340476,0.019948719283631795,1.2117545174443771,0.9871436102075698,12.337174915635412,2.8261749156353906,1.4710560094711291,11741.602952489658,11.9260191434735,15.728553390593273,11.033378413094862,7.7392766952966365,173.66666666666669,0.9197959183673471,1.1387830194287425,90.32002271145889,4.6372120974969775,65.0,64.5,0.43265306122448977,0.7,0.0,129.0,0.9165857571343126,359.30161679665053,9.338828282584593,513.687081566593,507.1863356481322,-49.82132704918876,1842.5600000000004,1.9909879009171263,0.0,124,4.867534450455582,4.836281906951478,4.8283137373023015,7.226936018493289,0.0
C131,CCCCCCCCCCCCCCCCCCCCCCCCCCCCCCCCCCCCCCCCCCCCCCCCCCCCCCCCCCCCCCCCCCCCCCCCCCCCCCCCCCCCCCCCCCCCCCCCCCCCCCCCCCCCCCCCCCCCCCCCCCCCCCCCCCC,1.3749704142011834,0.05326173672938074,1573.4409999999975,0.0,836.1817258993893,0.0,0.0,0.0,4.637271269094611,0,0,130.0,51.34909999999976,606.9410000000032,1.2676311947737655,516.0,508.0,504.0,500.0,4980.0,6264.0,19166.840746999995,21950.606961999973,25067.140185000004,25269.69660800001,482.723706880136,1001.0609719746145,1.3113924050632912,48.52364746075948,6.991093903797467,5.307620253164559,165.64131843592844,346.8607594936708,2.14901458099665,10599.865456344303,-100.56388532004516,2.0764408708860738,10.72541772151897,-0.05472046146446194,-0.04020278801470375,-0.4495673575186006,-2.4420570212064656,0.8781285050472678,26.83510242112482,0.019949110719435965,1.2117782946150937,0.9871436102075692,12.338179823669106,2.8271798236690944,1.4710551744927118,11922.950068864826,11.972286880265798,15.853553390593273,11.121766760743181,7.8017766952966365,175.00000000000003,0.9197974683544305,1.13878033737213,91.0148860218689,4.637271269094611,65.5,65.0,0.4326582278481012,0.7,0.0,130.0,0.9165988159453825,362.0565322984261,9.323100916025115,517.6369998533793,511.13381416524584,-50.19465518791081,1856.65,1.9910566955661697,0.0,125,4.875197323201151,4.844187086458591,4.836281906951478,7.234898420314831,0.0
C132,CCCCCCCCCCCCCCCCCCCCCCCCCCCCCCCCCCCCCCCCCCCCCCCCCCCCCCCCCCCCCCCCCCCCCCCCCCCCCCCCCCCCCCCCCCCCCCCCCCCCCCCCCCCCCCCCCCCCCCCCCCCCCCCCCCCC,1.3749708641687548,0.05326173671676101,1585.4519999999975,0.0,842.546668013786,0.0,0.0,0.0,4.637329540757101,0,0,131.0,51.73919999999975,611.5580000000032,1.2677636086874486,520.0,512.0,508.0,504.0,5018.0,6312.0,19313.136995999997,22119.08525899997,25260.848722,25466.453337000006,486.40183268983395,1008.7486621194633,1.3115577889447236,48.52546983919597,6.991104361809045,5.307638190954775,165.64057900082972,349.5276381909548,2.1495669301280653,10680.577155798994,-100.56005697650119,2.0922517386934647,10.807085427135656,-0.054718378323755354,-0.0402012575439507,-0.44955024304171043,-2.441964055097458,0.8782101462084292,26.835620994469835,0.019949496224842784,1.2118017115528714,0.9871436102075698,12.339184668552113,2.8281846685521077,1.471054351023739,12105.68681831739,12.018376435776286,15.978553390593273,11.2101551083915,7.8642766952966365,176.33333333333334,0.9197989949748745,1.1387776957485314,91.70974862361659,4.637329540757101,66.0,65.5,0.43266331658291457,0.7,0.0,131.0,0.9166116768284923,364.81144737773997,9.307579117558058,521.5869174893701,515.0813239140653,-50.567918679999764,1870.7400000000007,1.9911244478720456,0.0,126,4.882801922586371,4.852030263919617,4.844187086458591,7.242797922793756,0.0
C133,CCCCCCCCCCCCCCCCCCCCCCCCCCCCCCCCCCCCCCCCCCCCCCCCCCCCCCCCCCCCCCCCCCCCCCCCCCCCCCCCCCCCCCCCCCCCCCCCCCCCCCCCCCCCCCCCCCCCCCCCCCCCCCCCCCCCC,1.3749713039485767,0.05326173670657841,1597.4629999999975,0.0,848.9116101281826,0.0,0.0,0.0,4.637386932859948,0,0,132.0,52.129299999999745,616.1750000000033,1.2677164211715841,524.0,516.0,512.0,508.0,5056.0,6360.0,19459.433244999997,22287.56355599999,25454.55725900001,25663.210066000007,490.0799584995319,1016.4363522643129,1.311720698254364,48.52726495012468,6.991114663341644,5.307655860349129,165.63985062959784,352.1945137157108,2.150111006772364,10761.288839890274,-100.55628598614366,2.108062603491269,10.88875311720696,-0.054716326390973555,-0.04019975000151757,-0.4495333849602509,-2.4418724817318185,0.8782905578945407,26.836131770299936,0.019949875933607353,1.2118247763824601,0.9871436102075707,12.34018945155867,2.829189451558676,1.4710535527086614,12289.813200847322,12.064289853546972,16.103553390593273,11.29854345603982,7.9267766952966365,177.66666666666669,0.9198004987531174,1.1387750936504726,92.40461053268663,4.637386932859948,66.5,66.0,0.43266832917705733,0.7,0.0,132.0,0.9166243442495805,367.56636204408176,9.29225876436545,525.5368344891331,519.0288642657015,-50.941118257904925,1884.8300000000008,1.9911911813462542,0.0,127,4.890349128221754,4.859812404361672,4.852030263919617,7.25063551189868,0.0
C134,CCCCCCCCCCCCCCCCCCCCCCCCCCCCCCCCCCCCCCCCCCCCCCCCCCCCCCCCCCCCCCCCCCCCCCCCCCCCCCCCCCCCCCCCCCCCCCCCCCCCCCCCCCCCCCCCCCCCCCCCCCCCCCCCCCCCCC,1.3749717338458929,0.05326173669836208,1609.4739999999974,0.0,855.2765522425792,0.0,0.0,0.0,4.637443465168162,0,0,133.0,52.519399999999735,620.7920000000032,1.2678449038056543,528.0,520.0,516.0,512.0,5094.0,6408.0,19605.729493999996,22456.041852999988,25648.26579600001,25859.96679500001,493.75808430922996,1024.1240424091618,1.311881188118812,48.52903340099009,6.991124811881187,5.3076732673267335,165.6391330757605,354.86138613861385,2.1506469953925746,10842.000508960395,-100.55257106973835,2.123873465346532,10.970420792079185,-0.05471430497006984,-0.040198264875950886,-0.44951677755549463,-2.441782270044754,0.8783697676698363,26.836634923169292,0.019950249975492572,1.211847496986108,0.9871436102075697,12.341194173927914,2.830194173927909,1.471052765160436,12475.32921645456,12.110029138341872,16.228553390593277,11.386931803688139,7.9892766952966365,179.00000000000003,0.91980198019802,1.1387725301974352,93.09947176458627,4.637443465168162,67.0,66.5,0.4326732673267326,0.7,0.0,133.0,0.9166368225412356,370.3212763066592,9.277135844705535,529.4867508668045,522.9764346083658,-51.314254640348025,1898.9200000000005,1.9912569187984597,0.0,128,4.897839799950911,4.867534450455582,4.859812404361672,7.258412150595307,0.0
C135,CCCCCCCCCCCCCCCCCCCCCCCCCCCCCCCCCCCCCCCCCCCCCCCCCCCCCCCCCCCCCCCCCCCCCCCCCCCCCCCCCCCCCCCCCCCCCCCCCCCCCCCCCCCCCCCCCCCCCCCCCCCCCCCCCCCCCCC,1.3749721541546,0.053261736691732675,1621.4849999999974,0.0,861.6414943569758,0.0,0.0,0.0,4.637499156858961,0,0,134.0,52.90949999999973,625.4090000000033,1.2677990965445016,532.0,524.0,520.0,516.0,5132.0,6456.0,19752.025743,22624.520149999982,25841.974333000006,26056.723524000005,497.436210118928,1031.8117325540113,1.3120393120393121,48.530775781326774,6.99113481081081,5.307690417690419,165.63842610011233,357.52825552825556,2.151175075008001,10922.712163341523,-100.54891098580418,2.139684324324322,11.052088452088428,-0.05471231338549792,-0.04019680167095995,-0.4495004152773508,-2.441693389888811,0.8784478022807262,26.837130622460744,0.01995061847641698,1.2118698810125452,0.9871436102075708,12.342198836864965,2.8311988368649588,1.4710520013929547,12662.234865139086,12.155596257169757,16.353553390593277,11.475320151336458,8.051776695296637,180.33333333333337,0.9198034398034398,1.1387700045348599,93.79433233436357,4.637499156858961,67.5,67.0,0.43267813267813265,0.7,0.0,134.0,0.9166491159076365,373.07619017440805,9.262206454168512,533.4366666361049,526.924034346786,-51.68732853268078,1913.0100000000011,1.9913216823624844,0.0,129,4.90527477843843,4.875197323201151,4.867534450455582,7.266128779556451,0.0
C136,CCCCCCCCCCCCCCCCCCCCCCCCCCCCCCCCCCCCCCCCCCCCCCCCCCCCCCCCCCCCCCCCCCCCCCCCCCCCCCCCCCCCCCCCCCCCCCCCCCCCCCCCCCCCCCCCCCCCCCCCCCCCCCCCCCCCCCCC,1.3749725651577505,0.05326173668638361,1633.4959999999974,0.0,868.0064364713726,0.0,0.0,0.0,4.6375540265434605,0,0,135.0,53.29959999999972,630.0260000000033,1.2679238204132948,536.0,528.0,524.0,520.0,5170.0,6504.0,19898.321991999994,22792.998446999976,26035.68287,26253.480253000005,501.1143359286259,1039.4994226988606,1.3121951219512196,48.53249266341462,6.991144663414633,5.307707317073173,165.63772947044933,360.1951219512195,2.151695419393194,11003.423803356098,-100.54530452921907,2.1554951804878026,11.133756097560955,-0.054710350981537294,-0.04019535990479447,-0.4494842927383984,-2.4416058120022286,0.8785246876859012,26.837619032575848,0.01995098155859605,1.2118919358855642,0.9871436102075696,12.343203441542254,2.832203441542239,1.4710512477065243,12850.530146900866,12.200993140272288,16.478553390593277,11.563708498984777,8.114276695296638,181.66666666666669,0.9198048780487806,1.1387675158332002,94.48919225662404,4.6375540265434605,68.0,67.5,0.43268292682926823,0.7,0.0,135.0,0.9166612284292741,375.83110365600237,9.247466792083294,537.3865818103538,530.8716629016454,-52.0603406272305,1927.1000000000004,1.9913854935211557,0.0,130,4.912654885736052,4.882801922586371,4.875197323201151,7.273786317844895,0.0
C137,CCCCCCCCCCCCCCCCCCCCCCCCCCCCCCCCCCCCCCCCCCCCCCCCCCCCCCCCCCCCCCCCCCCCCCCCCCCCCCCCCCCCCCCCCCCCCCCCCCCCCCCCCCCCCCCCCCCCCCCCCCCCCCCCCCCCCCCCC,1.3749729671280277,0.053261736682067344,1645.5069999999973,0.0,874.3713785857692,0.0,0.0,0.0,4.6376080922874054,0,0,136.0,53.68969999999971,634.6430000000033,1.2678793337215652,540.0,532.0,528.0,524.0,5208.0,6552.0,20044.618240999996,22961.476743999974,26229.391407,26450.236982000002,504.79246173832394,1047.1871128437099,1.3123486682808716,48.53418460290556,6.991154372881355,5.307723970944312,165.6370429613141,362.861985472155,2.1522081972691267,11084.135429317193,-100.54175052997044,2.171306033898303,11.215423728813537,-0.05470841712148487,-0.040193939109628235,-0.44946840470810295,-2.4415195079703382,0.8786004490851211,26.83810031311669,0.01995133934067736,1.2119136688122307,0.9871436102075702,12.344207989100587,2.833207989100554,1.4710505165213734,13040.215061739858,12.246221682079586,16.603553390593277,11.652096846633096,8.176776695296638,183.0,0.9198062953995159,1.1387650632870128,95.18405154554642,4.6376080922874054,68.5,68.0,0.4326876513317191,0.7,0.0,136.0,0.9166731640674676,378.5860167598641,9.232913158068285,541.3364964024855,534.8193197090458,-52.433291603634345,1941.190000000001,1.9914483731300656,0.0,131,4.919980925828125,4.890349128221754,4.882801922586371,7.2813856635702825,0.0
C138,CCCCCCCCCCCCCCCCCCCCCCCCCCCCCCCCCCCCCCCCCCCCCCCCCCCCCCCCCCCCCCCCCCCCCCCCCCCCCCCCCCCCCCCCCCCCCCCCCCCCCCCCCCCCCCCCCCCCCCCCCCCCCCCCCCCCCCCCCC,1.3749733603282008,0.05326173667858461,1657.5179999999973,0.0,880.7363207001658,0.0,0.0,0.0,4.637661371631004,0,0,137.0,54.07979999999971,639.2600000000033,1.2680004613911415,544.0,536.0,532.0,528.0,5246.0,6600.0,20190.91449,23129.955040999994,26423.09994400001,26646.993711000003,508.47058754802197,1054.8748029885578,1.3125,48.53585213942308,6.99116394230769,5.307740384615386,165.63636635375295,365.5288461538461,2.15271357248516,11164.847041528845,-100.53824785177736,2.187116884615382,11.29709134615382,-0.05470651118711811,-0.040192538831326965,-0.4494527461068907,-2.4414344502006324,0.8786751109467453,26.838574619059724,0.019951691937869807,1.2119350867907337,0.9871436102075686,12.345212480650169,2.8342124806501436,1.4710497947832104,13231.289609656018,12.291283742133565,16.728553390593277,11.740485194281415,8.239276695296638,184.33333333333334,0.9198076923076925,1.1387626461140876,95.8789102148987,4.637661371631004,69.0,68.5,0.4326923076923077,0.7,0.0,137.0,0.9166849266686825,381.3409294941719,9.218541948719464,545.2864104250617,538.7670042199908,-52.80618212916256,1955.2800000000007,1.9915103414402955,0.0,132,4.927253685157205,4.897839799950911,4.890349128221754,7.288927694521257,0.0
C139,CCCCCCCCCCCCCCCCCCCCCCCCCCCCCCCCCCCCCCCCCCCCCCCCCCCCCCCCCCCCCCCCCCCCCCCCCCCCCCCCCCCCCCCCCCCCCCCCCCCCCCCCCCCCCCCCCCCCCCCCCCCCCCCCCCCCCCCCCCC,1.3749737450115522,0.05326173667577452,1669.5289999999973,0.0,887.1012628145625,0.0,0.0,0.0,4.637713881607899,0,0,138.0,54.4698999999997,643.8770000000034,1.2679572389758096,548.0,540.0,536.0,532.0,5284.0,6648.0,20337.210738999995,23298.43333799999,26616.808481000015,26843.750440000007,512.14871335772,1062.562493133407,1.3126491646778042,48.537495797136025,6.991173374701669,5.3077565632458255,165.63569943508287,368.19570405727916,2.153211704193999,11245.558640286396,-100.53479539097559,2.202927732696895,11.378758949880645,-0.054704632577808075,-0.04019115862856424,-0.4494373120007831,-2.4413506118908526,0.8787486970340791,26.839042100922185,0.01995203946206729,1.2119561966178982,0.9871436102075704,12.346216917271779,2.8352169172717696,1.4710490943528998,13423.753790649356,12.336181145981193,16.853553390593277,11.828873541929735,8.301776695296638,185.66666666666669,0.9198090692124107,1.1387602635546175,96.57376827805292,4.637713881607899,69.5,69.0,0.43269689737470163,0.7,0.0,138.0,0.9166965199686639,384.09584186687016,9.20434965442938,549.2363238902852,542.7147158998916,-53.17901285903128,1969.3700000000008,1.9915714181201623,0.0,133,4.9344739331306915,4.90527477843843,4.897839799950911,7.29641326877392,0.0
C140,CCCCCCCCCCCCCCCCCCCCCCCCCCCCCCCCCCCCCCCCCCCCCCCCCCCCCCCCCCCCCCCCCCCCCCCCCCCCCCCCCCCCCCCCCCCCCCCCCCCCCCCCCCCCCCCCCCCCCCCCCCCCCCCCCCCCCCCCCCCC,1.3749741214222866,0.05326173667350719,1681.5399999999972,0.0,893.4662049289591,0.0,0.0,0.0,4.637765638763327,0,0,139.0,54.859999999999694,648.4940000000033,1.2680749237708622,552.0,544.0,540.0,536.0,5322.0,6696.0,20483.506987999997,23466.911634999986,26810.51701800001,27040.507169000008,515.8268391674179,1070.2501832782564,1.3127962085308056,48.53911608530805,6.99118267298578,5.307772511848342,165.63504199866875,370.86255924170615,2.1537027470182246,11326.270225876777,-100.53139207532521,2.21873857819905,11.460426540284336,-0.054702780710187,-0.04018979807277112,-0.4494220975962925,-2.4412679670024238,0.8788212304305832,26.83950290492127,0.01995238202196714,1.2119770048963763,0.9871436102075695,12.347221300017678,2.8362213000176575,1.4710484027827853,13617.607604719808,12.380915686038614,16.978553390593277,11.917261889578054,8.364276695296638,187.00000000000006,0.9198104265402846,1.1387579148704001,97.2686257479986,4.637765638763327,70.0,69.5,0.43270142180094784,0.7,0.0,139.0,0.9167079475963911,386.850753885677,9.190332856331118,553.1862368100128,546.6624542280914,-53.55178443670522,1983.4600000000005,1.991631622276031,0.0,134,4.941642422609304,4.912654885736052,4.90527477843843,7.303843225277705,0.0
C141,CCCCCCCCCCCCCCCCCCCCCCCCCCCCCCCCCCCCCCCCCCCCCCCCCCCCCCCCCCCCCCCCCCCCCCCCCCCCCCCCCCCCCCCCCCCCCCCCCCCCCCCCCCCCCCCCCCCCCCCCCCCCCCCCCCCCCCCCCCCCC,1.3749744897959184,0.05326173667167745,1693.5509999999972,0.0,899.8311470433557,0.0,0.0,0.0,4.63781665917149,0,0,140.0,55.250099999999684,653.1110000000034,1.2680329124935432,556.0,548.0,544.0,540.0,5360.0,6744.0,20629.803236999996,23635.38993199998,27004.225555000005,27237.26389800001,519.504964977116,1077.9378734231054,1.3129411764705883,48.54071349882352,6.991191839999997,5.307788235294119,165.63439384370994,373.52941176470586,2.154186851211104,11406.981798578823,-100.52803686285819,2.2345494211764683,11.542094117647036,-0.05470095501726026,-0.04018845674737059,-0.4494070982354659,-2.4411864902370053,0.8788927335640138,26.839957173126642,0.019952719723183368,1.2119975180415306,0.987143610207571,12.348225629912504,2.8372256299125054,1.471047731406187,13812.851051867354,12.425489122426889,17.103553390593277,12.005650237226373,8.426776695296638,188.33333333333334,0.9198117647058826,1.1387555993440774,97.96348263735712,4.63781665917149,70.5,70.0,0.4327058823529411,0.7,0.0,140.0,0.9167192130778652,389.6056655580927,9.176488223361467,557.1361491957676,550.610218697409,-53.92449749419058,1997.5500000000006,1.9916909724722422,0.0,135,4.948759890378168,4.919980925828125,4.912654885736052,7.311218384419629,0.0
C142,CCCCCCCCCCCCCCCCCCCCCCCCCCCCCCCCCCCCCCCCCCCCCCCCCCCCCCCCCCCCCCCCCCCCCCCCCCCCCCCCCCCCCCCCCCCCCCCCCCCCCCCCCCCCCCCCCCCCCCCCCCCCCCCCCCCCCCCCCCCCCC,1.37497485035964,0.05326173667020122,1705.5619999999972,0.0,906.1960891577523,0.0,0.0,0.0,4.63786695845221,0,0,141.0,55.64019999999967,657.7280000000034,1.268147299144874,560.0,552.0,548.0,544.0,5398.0,6792.0,20776.099485999996,23803.868228999978,27197.934092,27434.020627000005,523.183090786814,1085.6255635679545,1.3130841121495327,48.54228851869158,6.991200878504671,5.307803738317759,165.63375477503553,376.19626168224306,2.154664162808936,11487.69335866355,-100.52472874091379,2.2503602616822405,11.623761682242968,-0.05469915494802011,-0.040187134247478516,-0.4493923093911601,-2.4411061570005947,0.8789632282295399,26.840405043606424,0.01995305266835529,1.2120177422880303,0.9871436102075707,12.34922990795436,2.838229907954351,1.4710470683461367,14009.484132091966,12.469903183781176,17.228553390593277,12.094038584874692,8.489276695296638,189.66666666666669,0.9198130841121497,1.1387533162784047,98.65833895839413,4.63786695845221,71.0,70.5,0.43271028037383175,0.7,0.0,141.0,0.9167303198397352,392.36057689140665,9.162812509437948,561.0860610587499,554.5580088136999,-54.297152652318786,2011.6400000000003,1.9917494867501968,0.0,136,4.955827057601261,4.927253685157205,4.919980925828125,7.318539548567902,0.0
C143,CCCCCCCCCCCCCCCCCCCCCCCCCCCCCCCCCCCCCCCCCCCCCCCCCCCCCCCCCCCCCCCCCCCCCCCCCCCCCCCCCCCCCCCCCCCCCCCCCCCCCCCCCCCCCCCCCCCCCCCCCCCCCCCCCCCCCCCCCCCCCCC,1.374975203332672,0.05326173666901027,1717.5729999999971,0.0,912.561031272149,0.0,0.0,0.0,4.637916551786866,0,0,142.0,56.03029999999967,662.3450000000034,1.268106448803899,564.0,556.0,552.0,548.0,5436.0,6840.0,20922.395734999995,23972.34652599997,27391.642628999998,27630.777356000002,526.861216596512,1093.3132537128038,1.3132250580046403,48.54384161252899,6.991209791183293,5.307819025522044,165.63312460290882,378.86310904872386,2.155134823778895,11568.40490639443,-100.52146672500221,2.2661710997679787,11.705429234338725,-0.05469737996668369,-0.04018583017959551,-0.44937772666235254,-2.441026943386,0.8790327356118883,26.840846650567123,0.019953380957251503,1.2120376836961655,0.9871436102075689,12.350234135115505,2.83923413511548,1.4710464244381598,14207.506845393618,12.514159568033788,17.353553390593277,12.182426932523011,8.551776695296638,191.00000000000006,0.9198143851508122,1.1387510649955486,99.3531947230323,4.637916551786866,71.5,71.0,0.43271461716937354,0.7,0.0,142.0,0.9167412712127742,395.1154878927057,9.14930255074452,565.0359724098494,558.5058240954357,-54.669750521021065,2025.730000000001,1.9918071826466415,0.0,137,4.962844630259907,4.9344739331306915,4.927253685157205,7.325807502595773,0.0
C144,CCCCCCCCCCCCCCCCCCCCCCCCCCCCCCCCCCCCCCCCCCCCCCCCCCCCCCCCCCCCCCCCCCCCCCCCCCCCCCCCCCCCCCCCCCCCCCCCCCCCCCCCCCCCCCCCCCCCCCCCCCCCCCCCCCCCCCCCCCCCCCCC,1.3749755489265978,0.05326173666804906,1729.583999999997,0.0,918.9259733865456,0.0,0.0,0.0,4.63796545393367,0,0,143.0,56.42039999999966,666.9620000000034,1.268217674042209,568.0,560.0,556.0,552.0,5474.0,6888.0,21068.691983999994,24140.82482299999,27585.35116600001,27827.534085000007,530.5393424062099,1101.0009438576521,1.3133640552995391,48.54537323502303,6.991218580645159,5.30783410138249,165.6325031428392,381.52995391705065,2.1555989721591384,11649.116442027647,-100.51824985792541,2.281981935483868,11.787096774193524,-0.05469562955252481,-0.04018454416103992,-0.4493633457697589,-2.4409488261494694,0.8791012763065683,26.841282124487666,0.01995370468686953,1.2120573481579031,0.9871436102075706,12.351238312343268,2.840238312343266,1.4710457883425616,14406.91919177229,12.558259943172503,17.478553390593277,12.27081528017133,8.614276695296638,192.33333333333337,0.9198156682027651,1.1387488448364183,100.04804994286312,4.63796545393367,72.0,71.5,0.43271889400921654,0.7,0.0,143.0,0.9167520704352075,397.87039856888003,9.13595526312114,568.9858832596551,562.4536640732991,-55.04229169959459,2039.8200000000002,1.991864077211191,0.0,138,4.969813299576001,4.941642422609304,4.9344739331306915,7.333023014386481,0.0
C145,CCCCCCCCCCCCCCCCCCCCCCCCCCCCCCCCCCCCCCCCCCCCCCCCCCCCCCCCCCCCCCCCCCCCCCCCCCCCCCCCCCCCCCCCCCCCCCCCCCCCCCCCCCCCCCCCCCCCCCCCCCCCCCCCCCCCCCCCCCCCCCCCC,1.374975887345679,0.053261736667273504,1741.594999999997,0.0,925.2909155009423,0.0,0.0,0.0,4.638013679242312,0,0,144.0,56.81049999999966,671.5790000000035,1.2681779371725235,572.0,564.0,560.0,556.0,5512.0,6936.0,21214.988232999996,24309.303119999986,27779.05970300001,28024.29081400001,534.217468215908,1108.6886340025014,1.3135011441647597,48.54688382837528,6.991227249427916,5.307848970251718,165.63189021540208,384.19679633867275,2.1560567421937398,11729.827965812356,-100.51507720876951,2.297792768878716,11.868764302059475,-0.05469390319893008,-0.04018327581960755,-0.44934916255188234,-2.4408717826838227,0.8791688703402123,26.841711592247954,0.019954023951531372,1.2120767414026905,0.9871436102075705,12.352242440560973,2.8412424405609578,1.4710451704247371,14607.721171227942,12.602205947974934,17.603553390593277,12.35920362781965,8.676776695296638,193.6666666666667,0.919816933638444,1.1387466551600223,100.74290462915822,4.638013679242312,72.5,72.0,0.43272311212814646,0.7,0.0,144.0,0.9167627206559061,400.62530892663096,9.122767639552542,572.9357936184662,566.401528289794,-55.414776776960224,2053.9100000000008,1.9919201870231262,0.0,139,4.976733742420574,4.948759890378168,4.941642422609304,7.340186835320115,0.0
C146,CCCCCCCCCCCCCCCCCCCCCCCCCCCCCCCCCCCCCCCCCCCCCCCCCCCCCCCCCCCCCCCCCCCCCCCCCCCCCCCCCCCCCCCCCCCCCCCCCCCCCCCCCCCCCCCCCCCCCCCCCCCCCCCCCCCCCCCCCCCCCCCCCC,1.3749762187871581,0.05326173666664774,1753.605999999997,0.0,931.655857615339,0.0,0.0,0.0,4.638061241667995,0,0,145.0,57.200599999999646,676.1960000000034,1.2682861302736423,576.0,568.0,564.0,560.0,5550.0,6984.0,21361.284481999995,24477.781416999984,27972.768240000005,28221.047543000008,537.8955940256059,1116.3763241473503,1.3136363636363637,48.548373822727264,6.9912357999999974,5.307863636363638,165.63128564606637,386.8636363636364,2.1565082644627935,11810.539477990904,-100.51194787206205,2.313603599999997,11.950431818181796,-0.05469220041319603,-0.04018202479335942,-0.4493351729608477,-2.440795791003436,0.8792355371900826,26.842135177252054,0.01995433884297518,1.2120958690030195,0.9871436102075702,12.3532465206685,2.8422465206684797,1.4710445598512965,14809.912783760568,12.645999192719845,17.728553390593277,12.447591975467969,8.739276695296638,195.0,0.919818181818182,1.1387444953428496,101.43775879288059,4.638061241667995,73.0,72.5,0.4327272727272727,0.7,0.0,145.0,0.9167732249374467,403.38021897247654,9.109736747751857,576.8857034963015,570.3494162988713,-55.78720633191227,2068.0000000000005,1.9919755282075007,0.0,140,4.983606621708336,4.955827057601261,4.948759890378168,7.347299700743164,0.0
C147,CCCCCCCCCCCCCCCCCCCCCCCCCCCCCCCCCCCCCCCCCCCCCCCCCCCCCCCCCCCCCCCCCCCCCCCCCCCCCCCCCCCCCCCCCCCCCCCCCCCCCCCCCCCCCCCCCCCCCCCCCCCCCCCCCCCCCCCCCCCCCCCCCCC,1.3749765434415462,0.05326173666614273,1765.616999999997,0.0,938.0207997297356,0.0,0.0,0.0,4.638108154784903,0,0,146.0,57.590699999999636,680.8130000000035,1.2682474619628394,580.0,572.0,568.0,564.0,5588.0,7032.0,21507.580731,24646.25971399998,28166.476777,28417.804272000005,541.5737198353039,1124.0640142921995,1.3137697516930023,48.549843636568845,6.991244234762978,5.3078781038374725,165.63068926502868,389.53047404063204,2.1569536660059785,11891.250978799095,-100.50886096688481,2.3294144288939025,12.032099322799073,-0.054690520716014344,-0.04018079073009114,-0.4493213730583774,-2.440720829715753,0.8793012958027812,26.842552999546488,0.019954649450443035,1.212114736379766,0.9871436102075685,12.354250553543185,2.843250553543196,1.4710439665433246,15013.494029370144,12.68964125987635,17.853553390593277,12.535980323116288,8.801776695296638,196.33333333333337,0.919819413092551,1.1387423647782802,102.1326124446948,4.638108154784903,73.5,73.0,0.4327313769751693,0.7,0.0,146.0,0.9167835862590483,406.1351287127584,9.096859727834916,580.8356129029092,574.2973276655696,-56.15958093336068,2082.0900000000006,1.9920301164505911,0.0,141,4.990432586778736,4.962844630259907,4.955827057601261,7.354362330421477,0.0
C148,CCCCCCCCCCCCCCCCCCCCCCCCCCCCCCCCCCCCCCCCCCCCCCCCCCCCCCCCCCCCCCCCCCCCCCCCCCCCCCCCCCCCCCCCCCCCCCCCCCCCCCCCCCCCCCCCCCCCCCCCCCCCCCCCCCCCCCCCCCCCCCCCCCCC,1.3749768614928966,0.0532617366657354,1777.627999999997,0.0,944.3857418441322,0.0,0.0,0.0,4.63815443179911,0,0,147.0,57.98079999999963,685.4300000000035,1.268352745248963,584.0,576.0,572.0,568.0,5626.0,7080.0,21653.876979999994,24814.738010999976,28360.185313999995,28614.561001000002,545.2518456450019,1131.7517044370488,1.3139013452914798,48.55129367713003,6.99125255605381,5.3078923766816155,165.63010090705427,392.1973094170405,2.15739307044184,11971.962468466369,-100.50581563602563,2.3452252556053783,12.113766816143473,-0.05468886364094198,-0.04017957328719589,-0.44930775901253805,-2.4406468780028345,0.8793661646121984,26.84296517593356,0.019954955860765324,1.2121333488073078,0.9871436102075692,12.355254540040587,2.8442545400405685,1.4710433801449094,15218.46490805662,12.733133704771973,17.978553390593277,12.624368670764607,8.864276695296638,197.6666666666667,0.9198206278026907,1.1387402628760142,102.82746559497717,4.63815443179911,74.0,73.5,0.4327354260089686,0.7,0.0,147.0,0.9167938075193882,408.89003815364714,9.08413379008127,584.7855218477757,578.2452619656674,-56.531901140565665,2096.1800000000003,1.992083967014721,0.0,142,4.997212273764115,4.969813299576001,4.962844630259907,7.3613754289773485,0.0
C149,CCCCCCCCCCCCCCCCCCCCCCCCCCCCCCCCCCCCCCCCCCCCCCCCCCCCCCCCCCCCCCCCCCCCCCCCCCCCCCCCCCCCCCCCCCCCCCCCCCCCCCCCCCCCCCCCCCCCCCCCCCCCCCCCCCCCCCCCCCCCCCCCCCCCC,1.374977173119065,0.05326173666540684,1789.638999999997,0.0,950.7506839585288,0.0,0.0,0.0,4.63820008556098,0,0,148.0,58.37089999999962,690.0470000000035,1.2683151029679647,588.0,580.0,576.0,572.0,5664.0,7128.0,21800.173228999993,24983.216307999992,28553.89385100001,28811.317730000006,548.9299714547,1139.4393945818967,1.3140311804008908,48.55272434075722,6.991260766146992,5.307906458797329,165.6295204113245,394.86414253897556,2.1578265980823796,12052.673947216033,-100.5028110452356,2.361036080178171,12.195434298440954,-0.05468722873392902,-0.04017837213108108,-0.4492943270937384,-2.4405739156062496,0.8794301615567385,26.843371820080254,0.019955258158441652,1.2121517114184455,0.9871436102075708,12.356258480994908,2.845258480994919,1.4710428101569264,15424.825419820005,12.776478056239936,18.103553390593277,12.712757018412926,8.926776695296638,199.00000000000003,0.9198218262806238,1.1387381890615287,103.52231825382553,4.63820008556098,74.5,74.0,0.432739420935412,0.7,0.0,148.0,0.9168038915393066,411.6449473011487,9.071556212778166,588.7354303401348,582.1932187853506,-56.90416750336537,2110.270000000001,1.9921370947524866,0.0,143,5.003946305945459,4.976733742420574,4.969813299576001,7.368339686311381,0.0
C150,CCCCCCCCCCCCCCCCCCCCCCCCCCCCCCCCCCCCCCCCCCCCCCCCCCCCCCCCCCCCCCCCCCCCCCCCCCCCCCCCCCCCCCCCCCCCCCCCCCCCCCCCCCCCCCCCCCCCCCCCCCCCCCCCCCCCCCCCCCCCCCCCCCCCCC,1.3749774784919597,0.053261736665141564,1801.649999999997,0.0,957.1156260729255,0.0,0.0,0.0,4.6382451285770605,0,0,149.0,58.76099999999962,694.6640000000035,1.2684175922689875,592.0,584.0,580.0,576.0,5702.0,7176.0,21946.469477999995,25151.694604999986,28747.60238800001,29008.07445900001,552.608097264398,1147.127084726746,1.3141592920353982,48.554136013274324,6.991268867256636,5.307920353982302,165.62894762129028,397.5309734513274,2.1582543660427436,12133.385415265484,-100.49984638240842,2.376846902654865,12.27710176991148,-0.05468561555323442,-0.04017718693707764,-0.44928107367145825,-2.4405019228064275,0.879493304095857,26.843773042622754,0.019955556425718512,1.212169829209117,0.987143610207569,12.357262377220042,2.8462623772200506,1.4710422466741069,15632.575564660268,12.819675817247042,18.228553390593277,12.801145366061245,8.989276695296638,200.33333333333337,0.9198230088495577,1.1387361427755542,104.21717043106847,4.6382451285770605,75.0,74.5,0.4327433628318584,0.7,0.0,149.0,0.9168138410644002,414.3998561611089,9.059124340143937,592.685338388975,586.1411977208911,-57.276380562396604,2124.36,1.9921895141204151,0.0,144,5.0106352940962555,4.983606621708336,4.976733742420574,7.3752557780097545,0.0
C151,CCCCCCCCCCCCCCCCCCCCCCCCCCCCCCCCCCCCCCCCCCCCCCCCCCCCCCCCCCCCCCCCCCCCCCCCCCCCCCCCCCCCCCCCCCCCCCCCCCCCCCCCCCCCCCCCCCCCCCCCCCCCCCCCCCCCCCCCCCCCCCCCCCCCCCC,1.3749777777777779,0.053261736664927624,1813.6609999999969,0.0,963.4805681873221,0.0,0.0,0.0,4.638289573021504,0,0,150.0,59.15109999999961,699.2810000000036,1.268380935716025,596.0,588.0,584.0,580.0,5740.0,7224.0,22092.765726999995,25320.17290199998,28941.31092500001,29204.831188000007,556.2862230740959,1154.8147748715953,1.3142857142857143,48.555529070329655,6.99127686153846,5.3079340659340675,165.6283823845312,400.1978021978023,2.158676488346862,12214.096872826372,-100.49692085689723,2.392657723076921,12.358769230769205,-0.054684023668616986,-0.04017601738912147,-0.44926799521128663,-2.4404308804020696,0.8795556092259391,26.844168951266752,0.019955850742663907,1.2121877070429303,0.98714361020757,12.358266229509866,2.8472662295098856,1.4710416987996646,15841.71534257738,12.862728465502311,18.353553390593277,12.889533713709564,9.051776695296638,201.66666666666669,0.9198241758241761,1.138734123473571,104.9120221362741,4.638289573021504,75.5,75.0,0.4327472527472527,0.7,0.0,150.0,0.916823658767516,417.1547647392198,9.046835580327357,596.6352460030491,590.0891983783378,-57.64854084930896,2138.4500000000007,1.9922412391920798,0.0,145,5.017279836814924,4.990432586778736,4.983606621708336,7.382124365737512,0.0
C152,CCCCCCCCCCCCCCCCCCCCCCCCCCCCCCCCCCCCCCCCCCCCCCCCCCCCCCCCCCCCCCCCCCCCCCCCCCCCCCCCCCCCCCCCCCCCCCCCCCCCCCCCCCCCCCCCCCCCCCCCCCCCCCCCCCCCCCCCCCCCCCCCCCCCCCCC,1.3749780711372308,0.05326173666475477,1825.6719999999968,0.0,969.8455103017187,0.0,0.0,0.0,4.638333430747043,0,0,151.0,59.541199999999606,703.8980000000035,1.2684807407946272,600.0,592.0,588.0,584.0,5778.0,7272.0,22239.061975999997,25488.651198999978,29135.019462000004,29401.587917000004,559.964348883794,1162.5024650164446,1.314410480349345,48.556903877729255,6.991284751091701,5.307947598253277,165.62782455262052,402.8646288209608,2.1590930760283347,12294.808320104803,-100.4940336987957,2.408468541484714,12.44043668122268,-0.05468245266103063,-0.04017486317952249,-0.44925508827124605,-2.440360769699881,0.8796170934955475,26.84455965088385,0.019956141187238974,1.2122053496555159,0.9871436102075705,12.359270038639089,2.848270038639112,1.471041157053965,16052.244753571329,12.905637454047376,18.478553390593277,12.977922061357884,9.114276695296638,203.00000000000003,0.9198253275109172,1.138732130625325,105.60687337875875,4.638333430747043,76.0,75.5,0.43275109170305676,0.7,0.0,151.0,0.9168333472511438,419.9096730410239,9.034687403479769,600.5851531908809,594.0372203732187,-58.02064888697263,2152.5400000000004,1.9922922836706964,0.0,146,5.0238805208462765,4.997212273764115,4.990432586778736,7.388946097618437,0.0
C153,CCCCCCCCCCCCCCCCCCCCCCCCCCCCCCCCCCCCCCCCCCCCCCCCCCCCCCCCCCCCCCCCCCCCCCCCCCCCCCCCCCCCCCCCCCCCCCCCCCCCCCCCCCCCCCCCCCCCCCCCCCCCCCCCCCCCCCCCCCCCCCCCCCCCCCCCC,1.3749783587257618,0.05326173666461546,1837.6829999999968,0.0,976.2104524161155,0.0,0.0,0.0,4.63837671329552,0,0,152.0,59.931299999999595,708.5150000000036,1.2684450317513165,604.0,596.0,592.0,588.0,5816.0,7320.0,22385.358224999996,25657.129495999976,29328.727999,29598.344646,563.642474693492,1170.190155161294,1.314533622559653,48.55826079175704,6.991292537960953,5.307960954446856,165.62727398099497,405.531453362256,2.159504237228277,12375.519757301518,-100.49118415826366,2.424279357917568,12.522104121475028,-0.05468090212262506,-0.04017372400840759,-0.4492423494992179,-2.440291572488842,0.8796777730200781,26.84494524360416,0.019956427835366837,1.2122227616587087,0.9871436102075686,12.36027380536376,2.8492738053637443,1.4710406301636436,16264.1637976421,12.94840421182933,18.603553390593277,13.066310409006203,9.176776695296638,204.33333333333337,0.9198264642082431,1.138730163714367,106.30172416759538,4.63837671329552,76.5,76.0,0.43275488069414314,0.7,0.0,152.0,0.9168429090497169,422.6645810719195,9.022677339896887,604.5350599607725,597.9852633302542,-58.392705189679994,2166.6300000000006,1.9923426609012265,0.0,147,5.030437921392435,5.003946305945459,4.997212273764115,7.395721608602045,0.0
C154,CCCCCCCCCCCCCCCCCCCCCCCCCCCCCCCCCCCCCCCCCCCCCCCCCCCCCCCCCCCCCCCCCCCCCCCCCCCCCCCCCCCCCCCCCCCCCCCCCCCCCCCCCCCCCCCCCCCCCCCCCCCCCCCCCCCCCCCCCCCCCCCCCCCCCCCCCC,1.3749786406937503,0.05326173666450308,1849.6939999999968,0.0,982.5753945305121,0.0,0.0,0.0,4.638419431908019,0,0,153.0,60.321399999999585,713.1320000000036,1.2685422566950824,608.0,600.0,596.0,592.0,5854.0,7368.0,22531.654473999995,25825.607792999996,29522.43653600001,29795.101375000006,567.3206005031899,1177.8778453061418,1.3146551724137931,48.55960015948275,6.991300224137929,5.307974137931035,165.62673052883017,408.19827586206907,2.159910077289006,12456.231184612068,-100.4883715048565,2.440090172413791,12.603771551724112,-0.05467937165570574,-0.04017259958383283,-0.44922977562981337,-2.4402232710311456,0.8797376634958385,26.84532582890532,0.019956710760998787,1.2122399475445669,0.9871436102075696,12.361277530421713,2.850277530421707,1.4710401090513971,16477.472474789665,12.991030144256564,18.728553390593277,13.154698756654522,9.239276695296638,205.66666666666669,0.9198275862068969,1.138728222237602,106.9965745116212,4.638419431908019,77.0,76.5,0.43275862068965515,0.7,0.0,153.0,0.916852346631821,425.419488837165,9.010802978227353,608.484966320812,601.9333268830808,-58.7647102633414,2180.720000000001,1.9923923838820095,0.0,148,5.0369526024136295,5.0106352940962555,5.003946305945459,7.402451520818244,0.0
C155,CCCCCCCCCCCCCCCCCCCCCCCCCCCCCCCCCCCCCCCCCCCCCCCCCCCCCCCCCCCCCCCCCCCCCCCCCCCCCCCCCCCCCCCCCCCCCCCCCCCCCCCCCCCCCCCCCCCCCCCCCCCCCCCCCCCCCCCCCCCCCCCCCCCCCCCCCCC,1.3749789171867093,0.05326173666441232,1861.7049999999967,0.0,988.9403366449087,0.0,0.0,0.0,4.638461597534601,0,0,154.0,60.71149999999958,717.7490000000037,1.2685074588935223,612.0,604.0,600.0,596.0,5892.0,7416.0,22677.950722999994,25994.086089999986,29716.14507300001,29991.85810400001,570.9987263128879,1185.565535450991,1.3147751605995717,48.5609223190578,6.991307811563168,5.307987152034263,165.6261940589201,410.865096359743,2.160310698843109,12536.942602226982,-100.48559502692996,2.455900985010704,12.685438972162716,-0.054677860873336516,-0.04017148962118194,-0.4492173634817094,-2.440155848044145,0.8797967802135824,26.845701503698034,0.019956990036177867,1.212256911689234,0.9871436102075692,12.362281214533386,2.851281214533387,1.471039602086962,16692.17078501403,13.033516633738133,18.853553390593277,13.243087104302841,9.301776695296638,207.00000000000003,0.9198286937901501,1.138726305704864,107.69142441944535,4.638461597534601,77.5,77.0,0.43276231263383297,0.7,0.0,154.0,0.9168616624023207,428.1743963418838,8.999061963745264,612.4348722788802,605.8814106739845,-59.13666460567514,2194.8100000000004,1.9924414652759435,0.0,149,5.043425116919247,5.017279836814924,5.0106352940962555,7.409136443920128,0.0
C156,CCCCCCCCCCCCCCCCCCCCCCCCCCCCCCCCCCCCCCCCCCCCCCCCCCCCCCCCCCCCCCCCCCCCCCCCCCCCCCCCCCCCCCCCCCCCCCCCCCCCCCCCCCCCCCCCCCCCCCCCCCCCCCCCCCCCCCCCCCCCCCCCCCCCCCCCCCCC,1.3749791883454734,0.05326173666433907,1873.7159999999967,0.0,995.3052787593053,0.0,0.0,0.0,4.638503220843654,0,0,155.0,61.10159999999957,722.3660000000036,1.2686022024770351,616.0,608.0,604.0,600.0,5930.0,7464.0,22824.246971999994,26162.564386999984,29909.85361000001,30188.614833000007,574.6768521225858,1193.2532255958404,1.3148936170212766,48.562227599999986,6.991315302127659,5.308000000000002,165.6256644375621,413.53191489361706,2.160706201901308,12617.654010331913,-100.48285403103132,2.471711795744678,12.767106382978696,-0.05467636939790184,-0.04017039384332172,-0.4492051099546261,-2.440089286690227,0.8798551380715256,26.846072362408325,0.019957265731100023,1.212273658356657,0.9871436102075717,12.36328485840216,2.852284858402155,1.4710391005736287,16908.25872831515,13.075865040207349,18.978553390593277,13.33147545195116,9.364276695296638,208.33333333333337,0.9198297872340427,1.1387244136385015,108.38627389945613,4.638503220843654,78.0,77.5,0.43276595744680846,0.7,0.0,155.0,0.9168708587044005,430.9293035910683,8.987451996683987,616.3847778426571,609.8295143536445,-59.50856870639202,2208.900000000001,1.9924899174212374,0.0,150,5.049856007249537,5.0238805208462765,5.017279836814924,7.415776975415394,0.0
C157,CCCCCCCCCCCCCCCCCCCCCCCCCCCCCCCCCCCCCCCCCCCCCCCCCCCCCCCCCCCCCCCCCCCCCCCCCCCCCCCCCCCCCCCCCCCCCCCCCCCCCCCCCCCCCCCCCCCCCCCCCCCCCCCCCCCCCCCCCCCCCCCCCCCCCCCCCCCCC,1.3749794543063774,0.05326173666427998,1885.7269999999967,0.0,1001.670220873702,0.0,0.0,0.0,4.6385443122308985,0,0,156.0,61.49169999999957,726.9830000000037,1.268568281476946,620.0,612.0,608.0,604.0,5968.0,7512.0,22970.543220999996,26331.04268399998,30103.562147000004,30385.371562000004,578.3549779322839,1200.9409157406897,1.3150105708245243,48.56351632346722,6.991322697674417,5.30801268498943,165.62514153444545,416.198731501057,2.1610966839346175,12698.365409107822,-100.48014784130443,2.4875226046511596,12.848773784355153,-0.05467489686174022,-0.04016931198008644,-0.4491930120274423,-2.4400235705581443,0.8799127515878584,26.846438497056706,0.019957537914172926,1.2122901917021556,0.9871436102075701,12.364288462714878,2.8532884627148842,1.4710386125427546,17125.736304693015,13.118076701630216,19.103553390593277,13.41986379959948,9.426776695296638,209.66666666666669,0.9198308668076113,1.1387225455729806,109.08112295982819,4.6385443122308985,78.5,78.0,0.43276955602536993,0.7,0.0,156.0,0.9168799378215304,433.68421058958387,8.975970830628782,620.334683019628,613.7776375808847,-59.88042304737448,2222.9900000000007,1.9925377523417505,0.0,151,5.056245805348308,5.030437921392435,5.0238805208462765,7.422373700986824,0.0
C158,CCCCCCCCCCCCCCCCCCCCCCCCCCCCCCCCCCCCCCCCCCCCCCCCCCCCCCCCCCCCCCCCCCCCCCCCCCCCCCCCCCCCCCCCCCCCCCCCCCCCCCCCCCCCCCCCCCCCCCCCCCCCCCCCCCCCCCCCCCCCCCCCCCCCCCCCCCCCCC,1.374979715201428,0.053261736664232534,1897.7379999999966,0.0,1008.0351629880986,0.0,0.0,0.0,4.638584881828042,0,0,157.0,61.88179999999956,731.6000000000037,1.2686606374965086,624.0,616.0,612.0,608.0,6006.0,7560.0,23116.83946999999,26499.520980999972,30297.270684,30582.128291000008,582.0331037419819,1208.628605885539,1.315126050420168,48.564788802520994,6.991329999999999,5.308025210084035,165.6246252225445,418.86554621848745,2.1614822399548466,12779.07679873109,-100.47747579897661,2.5033334117647033,12.930441176470563,-0.05467344290659081,-0.040168243768066894,-0.4491810667550108,-2.4399586836497114,0.8799696349127888,26.846799997334223,0.01995780665207257,1.21230651577586,0.9871436102075696,12.36529202814241,2.8542920281424133,1.4710381296578567,17344.603514147602,13.160152934499203,19.228553390593277,13.508252147247799,9.489276695296638,211.00000000000003,0.9198319327731095,1.1387207010545044,109.77597160852918,4.638584881828042,79.0,78.5,0.4327731092436975,0.7,0.0,157.0,0.9168889019793568,436.43911734217386,8.964616270965749,624.2845878170906,617.7257800224356,-60.25222810285076,2237.080000000001,1.9925849817569405,0.0,152,5.062595033026967,5.0369526024136295,5.030437921392435,7.428927194802272,0.0
C159,CCCCCCCCCCCCCCCCCCCCCCCCCCCCCCCCCCCCCCCCCCCCCCCCCCCCCCCCCCCCCCCCCCCCCCCCCCCCCCCCCCCCCCCCCCCCCCCCCCCCCCCCCCCCCCCCCCCCCCCCCCCCCCCCCCCCCCCCCCCCCCCCCCCCCCCCCCCCCCC,1.3749799711584683,0.05326173666419398,1909.7489999999966,0.0,1014.4001051024952,0.0,0.0,0.0,4.638624939511106,0,0,158.0,62.27189999999955,736.2170000000037,1.2686275605715454,628.0,620.0,616.0,612.0,6044.0,7608.0,23263.135718999998,26667.99927799997,30490.979220999998,30778.885020000005,585.7112295516798,1216.3162960303878,1.3152400835073068,48.56604534237995,6.991337210855949,5.3080375782881015,165.62411537801603,421.5323590814196,2.161862962591653,12859.788179373692,-100.4748372617628,2.5191442171189955,13.012108559498934,-0.05467200718260998,-0.04016718895046567,-0.4491692712660095,-2.4398946103635164,0.8800258018401245,26.847156950675767,0.019958072009797705,1.2123226345260214,0.9871436102075698,12.36629555534007,2.855295555340077,1.4710376596292047,17564.860356678928,13.202095034312658,19.353553390593277,13.596640494896118,9.551776695296638,212.33333333333337,0.9198329853862215,1.1387188796406433,110.47081985332662,4.638624939511106,79.5,79.0,0.43277661795407096,0.7,0.0,158.0,0.9168977533475196,439.1940238534619,8.953386173384883,628.2344922421596,621.6739413527035,-60.62398433956401,2251.1700000000005,1.9926316170914364,0.0,153,5.0689042022202315,5.043425116919247,5.0369526024136295,7.43543801981455,0.0
C160,CCCCCCCCCCCCCCCCCCCCCCCCCCCCCCCCCCCCCCCCCCCCCCCCCCCCCCCCCCCCCCCCCCCCCCCCCCCCCCCCCCCCCCCCCCCCCCCCCCCCCCCCCCCCCCCCCCCCCCCCCCCCCCCCCCCCCCCCCCCCCCCCCCCCCCCCCCCCCCCC,1.374980222301333,0.05326173666416288,1921.7599999999966,0.0,1020.7650472168918,0.0,0.0,0.0,4.63866449490844,0,0,159.0,62.661999999999544,740.8340000000037,1.268717618154914,632.0,624.0,620.0,616.0,6082.0,7656.0,23409.431967999997,26836.47757499999,30684.687758000015,30975.64174900001,589.389355361378,1224.0039861752362,1.3153526970954357,48.5672862406639,6.991344331950206,5.308049792531121,165.62361188009996,424.1991701244814,2.1622389421670105,12940.499551203318,-100.4722316034184,2.5349550207468847,13.093775933609933,-0.05467058934932298,-0.04016614727705061,-0.44915762276088833,-2.4398313355008723,0.8800812658184262,26.847509442330537,0.019958334050722244,1.2123385518021907,0.9871436102075694,12.367299044948062,2.8562990449480936,1.4710371944615745,17786.506832286927,13.243904276040691,19.478553390593277,13.685028842544437,9.614276695296638,213.66666666666669,0.9198340248962659,1.138717080899984,111.1656677017933,4.63866449490844,80.0,79.5,0.43278008298755183,0.7,0.0,159.0,0.9169064940414042,441.9489301279568,8.942278442434972,632.1843963017732,625.6221212535484,-60.995692216936646,2265.260000000001,1.9926776694842512,0.0,154,5.075173815233827,5.049856007249537,5.043425116919247,7.441906728051625,0.0
C161,CCCCCCCCCCCCCCCCCCCCCCCCCCCCCCCCCCCCCCCCCCCCCCCCCCCCCCCCCCCCCCCCCCCCCCCCCCCCCCCCCCCCCCCCCCCCCCCCCCCCCCCCCCCCCCCCCCCCCCCCCCCCCCCCCCCCCCCCCCCCCCCCCCCCCCCCCCCCCCCCC,1.37498046875,0.0532617366641379,1933.7709999999965,0.0,1027.1299893312882,0.0,0.0,0.0,4.63870355740844,0,0,160.0,63.052099999999534,745.4510000000038,1.2686853541873584,636.0,628.0,624.0,620.0,6120.0,7704.0,23555.728216999993,27004.955871999988,30878.39629500001,31172.398478000006,593.0674811710759,1231.6916763200854,1.3154639175257732,48.56851178762885,6.991351364948452,5.308061855670105,165.6231146110241,426.8659793814434,2.1626102667658587,13021.210914383504,-100.46965821318103,2.5507658226804093,13.175443298969045,-0.05466918907428721,-0.04016511850348034,-0.4491461185091429,-2.439768844223135,0.8801360399617391,26.847857555429904,0.019958592836645746,1.2123542713582882,0.9871436102075699,12.368302497592033,2.857302497592044,1.471036741560404,18009.542940971627,13.285581914577854,19.603553390593277,13.773417190192756,9.676776695296638,215.0,0.919835051546392,1.1387153044117866,111.86051516131445,4.63870355740844,80.5,80.0,0.43278350515463915,0.7,0.0,160.0,0.9169151261238268,444.703836170056,8.931291030128286,636.1343000026981,629.570319414069,-61.36735218723012,2279.3500000000004,1.992723149797652,0.0,155,5.081404364984463,5.056245805348308,5.049856007249537,7.448333860897476,0.0
C162,CCCCCCCCCCCCCCCCCCCCCCCCCCCCCCCCCCCCCCCCCCCCCCCCCCCCCCCCCCCCCCCCCCCCCCCCCCCCCCCCCCCCCCCCCCCCCCCCCCCCCCCCCCCCCCCCCCCCCCCCCCCCCCCCCCCCCCCCCCCCCCCCCCCCCCCCCCCCCCCCCC,1.3749807106207323,0.053261736664117654,1945.7819999999965,0.0,1033.4949314456849,0.0,0.0,0.0,4.638742136166975,0,0,161.0,63.44219999999953,750.0680000000037,1.2687731980806314,640.0,632.0,628.0,624.0,6158.0,7752.0,23702.024465999995,27173.43416899998,31072.104832000008,31369.15520700001,596.7456069807739,1239.3793664649347,1.3155737704918034,48.569722266393434,6.991358311475407,5.308073770491805,165.62262345591225,429.5327868852461,2.1629770223058578,13101.922269073766,-100.46711649533833,2.5665766229508167,13.257110655737682,-0.05466780603328691,-0.040164102391779956,-0.4491347558478094,-2.4397071220669093,0.8801901370599305,26.8482013710528,0.01995884842784196,1.2123697968555511,0.9871436102075695,12.369305913883306,2.8583059138833216,1.4710362932539083,18233.96868273301,13.327129185182912,19.728553390593277,13.861805537841075,9.739276695296638,216.33333333333337,0.9198360655737707,1.138713549765657,112.55536223909266,4.638742136166975,81.0,80.5,0.43278688524590164,0.7,0.0,161.0,0.9169236516066558,447.458741984048,8.920421934593056,640.084203351535,633.5185355303961,-61.73896469570017,2293.440000000001,1.9927680686257023,0.0,156,5.087596335232384,5.062595033026967,5.056245805348308,7.454719949364001,0.0
C163,CCCCCCCCCCCCCCCCCCCCCCCCCCCCCCCCCCCCCCCCCCCCCCCCCCCCCCCCCCCCCCCCCCCCCCCCCCCCCCCCCCCCCCCCCCCCCCCCCCCCCCCCCCCCCCCCCCCCCCCCCCCCCCCCCCCCCCCCCCCCCCCCCCCCCCCCCCCCCCCCCCC,1.3749809480262156,0.053261736664101264,1957.7929999999965,0.0,1039.8598735600815,0.0,0.0,0.0,4.638780240114545,0,0,162.0,63.83229999999952,754.6850000000038,1.268741717463756,644.0,636.0,632.0,628.0,6196.0,7800.0,23848.320714999994,27341.912465999976,31265.813369000003,31565.911936000008,600.4237327904718,1247.0670566097838,1.3156822810590632,48.57091795315681,6.991365173116088,5.3080855397148685,165.62213830269587,432.19959266802425,2.163339292602873,13182.633615429733,-100.4646058687515,2.5823874215885922,13.33877800407329,-0.05466643991016668,-0.04016309870954313,-0.4491235321788457,-2.4396461549183117,0.8802435695886441,26.848540968288663,0.01995910088310565,1.2123851318653773,0.9871436102075689,12.37030929441947,2.859309294419468,1.471035856657957,18459.78405757103,13.368547303906524,19.853553390593277,13.950193885489394,9.801776695296638,217.66666666666669,0.9198370672097762,1.138711816561232,113.25020894215362,4.638780240114545,81.5,81.0,0.43279022403258655,0.7,0.0,162.0,0.9169320724523773,450.21364757411726,8.909669198771834,644.034106354724,637.4667693054921,-62.1105301807479,2307.5300000000007,1.9928124363024882,0.0,157,5.093750200806762,5.0689042022202315,5.062595033026967,7.461065514354283,0.0
C164,CCCCCCCCCCCCCCCCCCCCCCCCCCCCCCCCCCCCCCCCCCCCCCCCCCCCCCCCCCCCCCCCCCCCCCCCCCCCCCCCCCCCCCCCCCCCCCCCCCCCCCCCCCCCCCCCCCCCCCCCCCCCCCCCCCCCCCCCCCCCCCCCCCCCCCCCCCCCCCCCCCCC,1.3749811810756898,0.05326173666408823,1969.8039999999964,0.0,1046.2248156744781,0.0,0.0,0.0,4.638817877963165,0,0,163.0,64.22239999999952,759.3020000000038,1.2688274282973662,648.0,640.0,636.0,632.0,6234.0,7848.0,23994.616963999993,27510.39076299997,31459.521905999998,31762.668665000005,604.1018586001699,1254.7547467546328,1.3157894736842106,48.5720991174089,6.991371951417002,5.308097165991903,165.62165904202868,434.86639676113356,2.1636971594355106,13263.344953603239,-100.46212576640401,2.598198218623479,13.420445344129527,-0.05466509039643822,-0.040162107230063936,-0.44911244496742386,-2.439585929010018,0.8802963497188938,26.848876424298055,0.019959350259797712,1.212400279872066,0.9871436102075709,12.371312639784684,2.8603126397846577,1.471035424407553,18686.989065485704,13.409837468006785,19.978553390593277,14.038582233137713,9.864276695296638,219.0,0.9198380566801622,1.1387101044078727,113.94505527735184,4.638817877963165,82.0,81.5,0.43279352226720647,0.7,0.0,163.0,0.9169403905755988,452.96855294434584,8.899030909163914,647.9840090185489,641.4150204489581,-62.482049074066516,2321.620000000001,1.992856262910045,0.0,158,5.099866427824199,5.075173815233827,5.0689042022202315,7.4673710669175595,0.0
C165,CCCCCCCCCCCCCCCCCCCCCCCCCCCCCCCCCCCCCCCCCCCCCCCCCCCCCCCCCCCCCCCCCCCCCCCCCCCCCCCCCCCCCCCCCCCCCCCCCCCCCCCCCCCCCCCCCCCCCCCCCCCCCCCCCCCCCCCCCCCCCCCCCCCCCCCCCCCCCCCCCCCCC,1.3749814098750743,0.05326173666407768,1981.8149999999964,0.0,1052.5897577888747,0.0,0.0,0.0,4.638855058213016,0,0,164.0,64.61249999999954,763.9190000000038,1.2687967028448242,652.0,644.0,640.0,636.0,6272.0,7896.0,24140.913212999996,27678.869059999994,31653.23044300001,31959.42539400001,607.7799844098678,1262.4424368994808,1.3158953722334004,48.57326602213279,6.9913786478873226,5.3081086519114695,165.6211855672046,437.53319919517116,2.1640507026059916,13344.056283742453,-100.45967563498537,2.6140090140845036,13.50211267605631,-0.05466375719104251,-0.040161127732208535,-0.44910149174002845,-2.439526430904454,0.8803484893263002,26.849207814371134,0.019959596613888537,1.2124152442754552,0.9871436102075697,12.372315950549979,2.8613159505499857,1.4710350033433257,18915.583706477013,13.451000856353504,20.103553390593277,14.126970580786033,9.926776695296638,220.33333333333337,0.9198390342052315,1.1387084129243725,114.63990125137586,4.638855058213016,82.5,82.0,0.4327967806841046,0.7,0.0,164.0,0.9169486078445022,455.7234580987176,8.888505194610076,651.9339113491417,645.3632886768467,-62.85352180078421,2335.7100000000005,1.992899558285995,0.0,159,5.10594547390058,5.081404364984463,5.075173815233827,7.473637108496206,0.0
C166,CCCCCCCCCCCCCCCCCCCCCCCCCCCCCCCCCCCCCCCCCCCCCCCCCCCCCCCCCCCCCCCCCCCCCCCCCCCCCCCCCCCCCCCCCCCCCCCCCCCCCCCCCCCCCCCCCCCCCCCCCCCCCCCCCCCCCCCCCCCCCCCCCCCCCCCCCCCCCCCCCCCCCC,1.374981634527089,0.053261736664069095,1993.8259999999964,0.0,1058.9546999032714,0.0,0.0,0.0,4.638891789158839,0,0,165.0,65.00259999999956,768.5360000000038,1.268880357380386,656.0,648.0,644.0,640.0,6310.0,7944.0,24287.209461999995,27847.347356999988,31846.93898000001,32156.18212300001,611.4581102195658,1270.13012704433,1.316,48.57441892399999,6.991385263999998,5.308120000000001,165.62071777407837,440.2000000000001,2.1643999999999304,13424.767605991998,-100.45725493450705,2.629819807999997,13.583779999999969,-0.054662439999971786,-0.04016015999992993,-0.4490906700824941,-2.439467647489734,0.8804000000000002,26.849535211983994,0.019959839999999975,1.212430028393464,0.9871436102075704,12.373319227273925,2.8623192272739306,1.4710345863914456,19145.567980544947,13.492038629821248,20.228553390593277,14.215358928434352,9.989276695296638,221.66666666666669,0.9198400000000001,1.1387067417386747,115.33474687075265,4.638891789158839,83.0,82.5,0.43279999999999996,0.7,0.0,165.0,0.9169567260822411,458.47836304112053,8.87809022511802,655.8838133524882,649.3115737114827,-63.22494877960306,2349.800000000001,1.9929423320309094,0.0,160,5.111987788356544,5.087596335232384,5.081404364984463,7.4798641311650265,0.0
C167,CCCCCCCCCCCCCCCCCCCCCCCCCCCCCCCCCCCCCCCCCCCCCCCCCCCCCCCCCCCCCCCCCCCCCCCCCCCCCCCCCCCCCCCCCCCCCCCCCCCCCCCCCCCCCCCCCCCCCCCCCCCCCCCCCCCCCCCCCCCCCCCCCCCCCCCCCCCCCCCCCCCCCCC,1.3749818551313688,0.05326173666406216,2005.8369999999964,0.0,1065.3196420176682,0.0,0.0,0.0,4.6389280788961,0,0,166.0,65.39269999999958,773.1530000000039,1.2688503602420433,660.0,652.0,648.0,644.0,6348.0,7992.0,24433.505710999994,28015.825653999982,32040.64751700001,32352.93885200001,615.1362360292638,1277.8178171891793,1.31610337972167,48.57555807355864,6.99139180119284,5.3081312127236595,165.6202555609894,442.8667992047714,2.164745127643692,13505.47892049304,-100.45486313781532,2.6456306003976104,13.665447316103354,-0.054661138536487824,-0.04015920382273378,-0.44907997763843954,-2.4394095659637416,0.8804508930512354,26.84985868885296,0.01996008047144566,1.2124446354645484,0.9871436102075692,12.374322470502651,2.863322470502622,1.4710341801307867,19376.94188768946,13.532951931671521,20.353553390593277,14.303747276082671,10.051776695296638,223.0,0.919840954274354,1.1387050904875977,116.02959214185307,4.6389280788961,83.5,83.0,0.4328031809145129,0.7,0.0,166.0,0.9169647470682902,461.23326777535,8.867784210726864,659.8337150344313,653.2598752812884,-63.596330422934216,2363.8900000000003,1.9929845935154056,0.0,161,5.117993812416755,5.093750200806762,5.087596335232384,7.48605261786314,0.0
C168,CCCCCCCCCCCCCCCCCCCCCCCCCCCCCCCCCCCCCCCCCCCCCCCCCCCCCCCCCCCCCCCCCCCCCCCCCCCCCCCCCCCCCCCCCCCCCCCCCCCCCCCCCCCCCCCCCCCCCCCCCCCCCCCCCCCCCCCCCCCCCCCCCCCCCCCCCCCCCCCCCCCCCCCC,1.3749820717845747,0.053261736664056605,2017.8479999999963,0.0,1071.6845841320649,0.0,0.0,0.0,4.638963935326951,0,0,167.0,65.78279999999958,777.7700000000038,1.268932031601646,664.0,656.0,652.0,648.0,6386.0,8040.0,24579.801959999993,28184.30395099998,32234.356054000003,32549.695581000007,618.8143618389618,1285.5055073340286,1.316205533596838,48.57668371541501,6.9913982608695635,5.308142292490119,165.6197988286881,445.53359683794463,2.1650861597587943,13586.190227383397,-100.45249973031217,2.6614413913043453,13.747114624505905,-0.05465985252072596,-0.0401582589947769,-0.449069412107291,-2.4393521738305064,0.8805011795216297,26.850178314986948,0.019960318080269938,1.2124590686500634,0.9871436102075687,12.37532568077026,2.8643256807702637,1.4710337777640088,19609.7054279106,13.573741887924896,20.478553390593277,14.39213562373099,10.114276695296638,224.33333333333337,0.9198418972332016,1.1387034588165725,116.72443707089641,4.638963935326951,84.0,83.5,0.43280632411067194,0.7,0.0,167.0,0.9169726725397448,463.9881723051109,8.85758540040922,663.7836164006754,657.2081931206144,-63.967667137029444,2377.980000000001,1.9930263518869913,0.0,162,5.123963979403259,5.099866427824199,5.093750200806762,7.492203042618741,0.0
C169,CCCCCCCCCCCCCCCCCCCCCCCCCCCCCCCCCCCCCCCCCCCCCCCCCCCCCCCCCCCCCCCCCCCCCCCCCCCCCCCCCCCCCCCCCCCCCCCCCCCCCCCCCCCCCCCCCCCCCCCCCCCCCCCCCCCCCCCCCCCCCCCCCCCCCCCCCCCCCCCCCCCCCCCCC,1.3749822845804989,0.053261736664052185,2029.8589999999963,0.0,1078.0495262464615,0.0,0.0,0.0,4.638999366165954,0,0,168.0,66.1728999999996,782.3870000000039,1.2689027371853292,668.0,660.0,656.0,652.0,6424.0,8088.0,24726.098208999996,28352.782247999978,32428.064591,32746.452310000004,622.4924876486598,1293.193197478878,1.3163064833005893,48.57779608840864,6.9914046444007845,5.308153241650295,165.6193474802646,448.2003929273086,2.165423168815945,13666.901526797647,-100.45016420954674,2.677252180746559,13.828781925343783,-0.054658581679056205,-0.04015732531516935,-0.4490589712427958,-2.4392954588899376,0.8805508701911761,26.85049415873801,0.01996055287728546,1.2124733310365459,0.9871436102075685,12.376328858599383,2.8653288585994003,1.4710333856209363,19843.858601208296,13.614409607722754,20.603553390593277,14.48052397137931,10.176776695296638,225.66666666666669,0.9198428290766211,1.1387018463793908,117.41928166395437,4.638999366165954,84.5,84.0,0.4328094302554027,0.7,0.0,168.0,0.916980504192576,466.7430766340212,8.847492081009417,667.7335174567916,661.156526969578,-64.33895932210912,2392.07,1.9930676160766647,0.0,163,5.1298987149230735,5.10594547390058,5.099866427824199,7.498315870766981,0.0
C170,CCCCCCCCCCCCCCCCCCCCCCCCCCCCCCCCCCCCCCCCCCCCCCCCCCCCCCCCCCCCCCCCCCCCCCCCCCCCCCCCCCCCCCCCCCCCCCCCCCCCCCCCCCCCCCCCCCCCCCCCCCCCCCCCCCCCCCCCCCCCCCCCCCCCCCCCCCCCCCCCCCCCCCCCCC,1.3749824936101678,0.05326173666404856,2041.8699999999963,0.0,1084.414468360858,0.0,0.0,0.0,4.6390343789456185,0,0,169.0,66.56299999999962,787.0040000000039,1.2689824950647097,672.0,664.0,660.0,656.0,6462.0,8136.0,24872.394457999995,28521.26054499999,32621.773128,32943.20903900001,626.1706134583578,1300.8808876237258,1.31640625,48.57889542578124,6.991410953124998,5.308164062500001,165.6189014210804,450.8671875,2.1657562255859375,13747.612818867186,-100.4478560848425,2.693062968749997,13.910449218749974,-0.05465732574464244,-0.040156402587897114,-0.44904865285143303,-2.4392394092231466,0.8805999755859375,26.850806286849974,0.019960784912109352,1.212487425637911,0.9871436102075709,12.377332004501255,2.8663320045012775,1.4710329971669687,20079.401407582598,13.654956183679555,20.728553390593277,14.568912319027628,10.239276695296638,227.00000000000003,0.9198437500000003,1.1387002528379573,118.11412592695643,4.6390343789456185,85.0,84.5,0.4328125,0.7,0.0,169.0,0.9169882436828392,469.49798076561365,8.837502576216416,671.6834182082195,665.1048765739052,-64.71020737248685,2406.1600000000008,1.993108394805283,0.0,164,5.135798437050262,5.111987788356544,5.10594547390058,7.504391559161238,0.0
C171,CCCCCCCCCCCCCCCCCCCCCCCCCCCCCCCCCCCCCCCCCCCCCCCCCCCCCCCCCCCCCCCCCCCCCCCCCCCCCCCCCCCCCCCCCCCCCCCCCCCCCCCCCCCCCCCCCCCCCCCCCCCCCCCCCCCCCCCCCCCCCCCCCCCCCCCCCCCCCCCCCCCCCCCCCCC,1.3749826989619378,0.05326173666404551,2053.880999999996,0.0,1090.7794104752547,0.0,0.0,0.0,4.639068981021743,0,0,170.0,66.95309999999964,791.621000000004,1.2689538789633878,676.0,668.0,664.0,660.0,6500.0,8184.0,25018.690706999994,28689.738841999988,32815.48166499999,33139.965768,629.8487392680559,1308.568577768575,1.316504854368932,48.5799819553398,6.991417188349512,5.308174757281554,165.61846055870228,453.5339805825241,2.1660853991893383,13828.32410372038,-100.44557487696802,2.7088737553398023,13.992116504854339,-0.054656084456572794,-0.04015549062113872,-0.4490384547908892,-2.439184013196156,0.8806485059854837,26.851114764505592,0.019961014233198203,1.212501355397582,0.9871436102075689,12.378335118976157,2.867335118976163,1.4710326184947655,20316.333847033427,13.695382692225635,20.853553390593277,14.657300666675948,10.301776695296638,228.33333333333334,0.9198446601941749,1.1386986778620547,118.80896986569256,4.639068981021743,85.5,85.0,0.4328155339805825,0.7,0.0,170.0,0.9169958926278424,472.25288470333885,8.827615245570206,675.6333186602731,669.0532416847784,-65.08141167669089,2420.2500000000005,1.9931486965897072,0.0,165,5.14166355650266,5.117993812416755,5.111987788356544,7.510430556378006,0.0
C172,CCCCCCCCCCCCCCCCCCCCCCCCCCCCCCCCCCCCCCCCCCCCCCCCCCCCCCCCCCCCCCCCCCCCCCCCCCCCCCCCCCCCCCCCCCCCCCCCCCCCCCCCCCCCCCCCCCCCCCCCCCCCCCCCCCCCCCCCCCCCCCCCCCCCCCCCCCCCCCCCCCCCCCCCCCCC,1.3749829007215895,0.05326173666404329,2065.891999999996,0.0,1097.1443525896514,0.0,0.0,0.0,4.639103179578564,0,0,171.0,67.34319999999965,796.2380000000039,1.2690317898303,680.0,672.0,668.0,664.0,6538.0,8232.0,25164.986955999997,28858.217138999982,33009.190202000005,33336.722497,633.5268650777538,1316.2562679134244,1.3166023166023166,48.581055899613894,6.991423351351349,5.308185328185329,165.61802480283816,456.20077220077224,2.166410757144307,13909.03538148262,-100.44332011780234,2.7246845405405384,14.073783783783755,-0.05465485756021469,-0.04015458922790098,-0.44902837496826087,-2.4391292594408407,0.8806964714300622,26.851419655371853,0.019961240887881794,1.2125151231905327,0.987143610207569,12.379338202513583,2.868338202513596,1.4710322433195928,20554.655919560828,13.735690193940854,20.978553390593277,14.745689014324267,10.364276695296638,229.66666666666669,0.91984555984556,1.1386971211291168,119.50381348581881,4.639103179578564,86.0,85.5,0.4328185328185328,0.7,0.0,171.0,0.9170034526072729,475.0077884505674,8.817828483500294,679.5832188181433,673.0016220586888,-65.45257261758213,2434.3400000000006,1.9931885297487308,0.0,166,5.147494476813453,5.123963979403259,5.117993812416755,7.516433302915632,0.0
C173,CCCCCCCCCCCCCCCCCCCCCCCCCCCCCCCCCCCCCCCCCCCCCCCCCCCCCCCCCCCCCCCCCCCCCCCCCCCCCCCCCCCCCCCCCCCCCCCCCCCCCCCCCCCCCCCCCCCCCCCCCCCCCCCCCCCCCCCCCCCCCCCCCCCCCCCCCCCCCCCCCCCCCCCCCCCCC,1.3749830989724174,0.05326173666404135,2077.902999999996,0.0,1103.509294704048,0.0,0.0,0.0,4.639136981633729,0,0,172.0,67.73329999999966,800.855000000004,1.269003828754268,684.0,676.0,672.0,668.0,6576.0,8280.0,25311.283204999996,29026.695435999976,33202.898739000004,33533.47922600001,637.2049908874517,1323.9439580582734,1.3166986564299423,48.58211747600767,6.9914294433781174,5.308195777351249,165.61759406527577,458.8675623800384,2.1667323654127113,13989.746652276386,-100.44109135002843,2.740495324376197,14.155451055662159,-0.05465364480677629,-0.04015369822536971,-0.449018411339356,-2.439075136849567,0.8807438817275209,26.851721021643737,0.019961464922395637,1.2125287318252707,0.987143610207569,12.380341255592725,2.8693412555927136,1.4710318775081854,20794.367625164756,13.775879733879538,21.103553390593277,14.834077361972586,10.426776695296638,231.00000000000003,0.9198464491362767,1.138695582324005,120.19865679285986,4.639136981633729,86.5,86.0,0.43282149712092133,0.7,0.0,172.0,0.917010925164284,477.76269201059193,8.808140718395181,683.5331186869016,676.950017457295,-65.82369057246936,2448.4300000000003,1.9932279024088064,0.0,167,5.153291594497779,5.1298987149230735,5.123963979403259,7.522400231387125,0.0
C174,CCCCCCCCCCCCCCCCCCCCCCCCCCCCCCCCCCCCCCCCCCCCCCCCCCCCCCCCCCCCCCCCCCCCCCCCCCCCCCCCCCCCCCCCCCCCCCCCCCCCCCCCCCCCCCCCCCCCCCCCCCCCCCCCCCCCCCCCCCCCCCCCCCCCCCCCCCCCCCCCCCCCCCCCCCCCCC,1.3749832937953155,0.05326173666403967,2089.913999999996,0.0,1109.8742368184446,0.0,0.0,0.0,4.639170394043098,0,0,173.0,68.12339999999968,805.472000000004,1.2690799560332227,688.0,680.0,676.0,672.0,6614.0,8328.0,25457.579454,29195.173732999974,33396.60727600002,33730.23595500002,640.8831166971497,1331.6316482031225,1.316793893129771,48.583166896946565,6.991435465648854,5.308206106870231,165.61716825982282,461.5343511450382,2.1670502884446328,14070.457916221372,-100.4388881268021,2.756306106870226,14.237118320610659,-0.05465244595297171,-0.040152817434872076,-0.4490085619064354,-2.4390216345745768,0.8807907464599966,26.85201892408659,0.019961686381912456,1.2125421840457424,0.987143610207571,12.381344278682523,2.870344278682538,1.471031515013484,21035.468963845226,13.815952341886831,21.228553390593277,14.922465709620905,10.489276695296638,232.33333333333334,0.9198473282442751,1.1386940611387995,120.89349979221394,4.639170394043098,87.0,86.5,0.432824427480916,0.7,0.0,173.0,0.9170183118065462,480.51759538663026,8.79855041170159,687.4830182715036,680.8984276472837,-66.1947659132211,2462.520000000001,1.9932668225095707,0.0,168,5.159055299214529,5.135798437050262,5.1298987149230735,7.528331766707247,0.0
C175,CCCCCCCCCCCCCCCCCCCCCCCCCCCCCCCCCCCCCCCCCCCCCCCCCCCCCCCCCCCCCCCCCCCCCCCCCCCCCCCCCCCCCCCCCCCCCCCCCCCCCCCCCCCCCCCCCCCCCCCCCCCCCCCCCCCCCCCCCCCCCCCCCCCCCCCCCCCCCCCCCCCCCCCCCCCCCCC,1.3749834852688598,0.05326173666403856,2101.924999999996,0.0,1116.2391789328412,0.0,0.0,0.0,4.6392034235053785,0,0,174.0,68.5134999999997,810.089000000004,1.2690526277468888,692.0,684.0,680.0,676.0,6652.0,8376.0,25603.875702999994,29363.652029999972,33590.31581300002,33926.992684000026,644.5612425068477,1339.3193383479718,1.316888045540797,48.584204370018966,6.991441419354837,5.308216318785579,165.61674730224982,464.20113851992414,2.1673645892217945,14151.169173434533,-100.43671001145967,2.7721168880455367,14.318785578747597,-0.0546512607613481,-0.04015194668179637,-0.4489988247173829,-2.438968742008047,0.8808370749903683,26.852313422076914,0.01996190531057251,1.2125554825331817,0.9871436102075689,12.382347272242217,2.87134727224221,1.4710311614869387,21277.95993560223,13.855909032906922,21.353553390593277,15.010854057269224,10.551776695296638,233.66666666666669,0.9198481973434537,1.1386925572725901,121.5883424891556,4.6392034235053785,87.5,87.0,0.43282732447817834,0.7,0.0,174.0,0.9170256140072597,483.27249858182586,8.789056057052381,691.4329175767922,684.8468524002373,-66.56579900637504,2476.610000000001,1.9933052978091834,0.0,169,5.1647859739235145,5.14166355650266,5.135798437050262,7.534228326274089,0.0
C176,CCCCCCCCCCCCCCCCCCCCCCCCCCCCCCCCCCCCCCCCCCCCCCCCCCCCCCCCCCCCCCCCCCCCCCCCCCCCCCCCCCCCCCCCCCCCCCCCCCCCCCCCCCCCCCCCCCCCCCCCCCCCCCCCCCCCCCCCCCCCCCCCCCCCCCCCCCCCCCCCCCCCCCCCCCCCCCCC,1.3749836734693877,0.05326173666403745,2113.935999999996,0.0,1122.6041210472379,0.0,0.0,0.0,4.639236076566602,0,0,175.0,68.9035999999997,814.706000000004,1.2691270319913515,696.0,688.0,684.0,680.0,6690.0,8424.0,25750.171951999993,29532.13032699999,33784.02434999999,34123.749413,648.2393683165458,1347.0070284928202,1.3169811320754716,48.58523009811319,6.991447305660376,5.308226415094341,165.61633111023426,466.8679245283018,2.1676753292986537,14231.880424030185,-100.43455657724647,2.787927667924525,14.400452830188648,-0.05465008899958965,-0.040151085795586086,-0.4489891978645624,-2.438916448791836,0.880882876468494,26.85260457364186,0.019962121751512973,1.2125686299078895,0.9871436102075681,12.38335023672132,2.8723502367213176,1.4710308111077188,21521.840540435733,13.895750807283134,21.478553390593277,15.099242404917543,10.614276695296638,235.0,0.9198490566037737,1.1386910704312814,122.28318488883934,4.639236076566602,88.0,87.5,0.4328301886792452,0.7,0.0,175.0,0.9170328332061362,486.0274015992522,8.779656179422071,695.3828166075014,688.7952914925039,-66.93679021324422,2490.7000000000007,1.9933433358894823,0.0,170,5.170483995038151,5.147494476813453,5.14166355650266,7.540090320145325,0.0
C177,CCCCCCCCCCCCCCCCCCCCCCCCCCCCCCCCCCCCCCCCCCCCCCCCCCCCCCCCCCCCCCCCCCCCCCCCCCCCCCCCCCCCCCCCCCCCCCCCCCCCCCCCCCCCCCCCCCCCCCCCCCCCCCCCCCCCCCCCCCCCCCCCCCCCCCCCCCCCCCCCCCCCCCCCCCCCCCCCC,1.3749838584710743,0.05326173666403664,2125.946999999996,0.0,1128.9690631616345,0.0,0.0,0.0,4.639268359624454,0,0,176.0,69.29369999999973,819.3230000000041,1.269100315254267,700.0,692.0,688.0,684.0,6728.0,8472.0,25896.468200999992,29700.60862399999,33977.73288699999,34320.506142,651.9174941262438,1354.6947186376694,1.3170731707317074,48.5862442795497,6.991453125703563,5.308236397748594,165.61591960330705,469.5347091932458,2.1679825688428966,14312.591668120076,-100.43242740701862,2.8037384465290778,14.482120075046872,-0.05464893044080808,-0.04015023460954932,-0.4489796794829357,-2.438864744790384,0.8809281598372342,26.852892435497328,0.019962335746896192,1.212581628730954,0.9871436102075695,12.38435317256004,2.8733531725600634,1.4710304693219887,21767.110778345734,13.935478651050433,21.603553390593277,15.187630752565862,10.676776695296638,236.33333333333331,0.9198499061913696,1.1386896003273983,122.97802699630363,4.639268359624454,88.5,88.0,0.4328330206378987,0.7,0.0,176.0,0.9170399708103425,488.7823044419126,8.77034933430894,699.3327153682578,692.743744705073,-67.3077398900208,2504.7900000000013,1.9933809441609642,0.0,171,5.176149732573829,5.153291594497779,5.147494476813453,7.545918151209323,0.0
C178,CCCCCCCCCCCCCCCCCCCCCCCCCCCCCCCCCCCCCCCCCCCCCCCCCCCCCCCCCCCCCCCCCCCCCCCCCCCCCCCCCCCCCCCCCCCCCCCCCCCCCCCCCCCCCCCCCCCCCCCCCCCCCCCCCCCCCCCCCCCCCCCCCCCCCCCCCCCCCCCCCCCCCCCCCCCCCCCCCC,1.3749840403460052,0.05326173666403607,2137.957999999996,0.0,1135.3340052760311,0.0,0.0,0.0,4.639300278932443,0,0,177.0,69.68379999999974,823.940000000004,1.2691730543072974,704.0,696.0,692.0,688.0,6766.0,8520.0,26042.76444999999,29869.08692099998,34171.441424,34517.26287100001,655.5956199359418,1362.3824087825183,1.3171641791044777,48.58724710820894,6.991458880597014,5.308246268656717,165.61551270280066,472.2014925373135,2.168286366674118,14393.302905813433,-100.43032209297587,2.8195492238805935,14.563787313432805,-0.054647784862943666,-0.04014939296051949,-0.44897026774963267,-2.438813620106478,0.8809729338382715,26.85317706308476,0.019962547337937155,1.212594481505916,0.9871436102075704,12.385356080189599,2.874356080189582,1.4710301305243791,22013.77064933225,13.975093536220228,21.728553390593277,15.276019100214182,10.739276695296638,237.66666666666669,0.9198507462686567,1.138688146679902,123.67286881647334,4.639300278932443,89.0,88.5,0.43283582089552236,0.7,0.0,177.0,0.9170470281954168,491.53720711274343,8.761134106942762,703.2826138635861,696.6922118234535,-67.67864838787708,2518.8800000000006,1.9934181298675981,0.0,172,5.181783550292085,5.159055299214529,5.153291594497779,7.55171221535131,0.0
C179,CCCCCCCCCCCCCCCCCCCCCCCCCCCCCCCCCCCCCCCCCCCCCCCCCCCCCCCCCCCCCCCCCCCCCCCCCCCCCCCCCCCCCCCCCCCCCCCCCCCCCCCCCCCCCCCCCCCCCCCCCCCCCCCCCCCCCCCCCCCCCCCCCCCCCCCCCCCCCCCCCCCCCCCCCCCCCCCCCCC,1.374984219164247,0.05326173666403553,2149.968999999996,0.0,1141.6989473904277,0.0,0.0,0.0,4.639331840603949,0,0,178.0,70.07389999999975,828.5570000000041,1.2691469288191017,708.0,700.0,696.0,692.0,6804.0,8568.0,26189.060698999994,30037.565217999978,34365.149961,34714.019600000014,659.2737457456399,1370.0700989273676,1.3172541743970316,48.58823877365491,6.99146457142857,5.3082560296846015,165.61511033179897,474.8682745825604,2.168586780301607,14474.014137217067,-100.42824023640823,2.835359999999997,14.645454545454514,-0.05464665204918196,-0.040148560689238846,-0.4489609608821663,-2.438763065055189,0.8810172070177372,26.853458510606803,0.01996275656492988,1.2126071906803748,0.9871436102075698,12.386358960032148,2.8753589600321448,1.4710297999651927,22261.82015339521,14.014596421058316,21.853553390593277,15.3644074478625,10.801776695296638,239.0,0.9198515769944342,1.1386867092140107,124.36771035416312,4.639331840603949,89.5,89.0,0.4328385899814471,0.7,0.0,178.0,0.9170540067061516,494.2921096146157,8.752009111517228,707.2325120979089,700.6406926375566,-68.04951605306394,2532.970000000001,1.9934549000914763,0.0,173,5.187385805840755,5.1647859739235145,5.159055299214529,7.557472901614746,0.0
C180,CCCCCCCCCCCCCCCCCCCCCCCCCCCCCCCCCCCCCCCCCCCCCCCCCCCCCCCCCCCCCCCCCCCCCCCCCCCCCCCCCCCCCCCCCCCCCCCCCCCCCCCCCCCCCCCCCCCCCCCCCCCCCCCCCCCCCCCCCCCCCCCCCCCCCCCCCCCCCCCCCCCCCCCCCCCCCCCCCCCC,1.374984394993914,0.05326173666403496,2161.979999999996,0.0,1148.0638895048244,0.0,0.0,0.0,4.639363050616121,0,0,179.0,70.46399999999977,833.1740000000041,1.2692180579633223,712.0,704.0,700.0,696.0,6842.0,8616.0,26335.356947999993,30206.043514999972,34558.85849800001,34910.77632900002,662.9518715553378,1377.7577890722168,1.3173431734317342,48.5892194612546,6.991470199261991,5.308265682656827,165.61471241508883,477.53505535055353,2.1688838659603618,14554.725362435425,-100.42618144745458,2.8511707749077457,14.72712177121768,-0.05464553178730754,-0.04014773763967047,-0.44895175713762786,-2.4387130701671946,0.8810609877316485,26.85373683106167,0.01996296346727303,1.2126197586475416,0.9871436102075704,12.387361812501414,2.8763618125014085,1.4710294722443917,22511.25929053467,14.053988250355227,21.978553390593277,15.45279579551082,10.864276695296638,240.33333333333331,0.9198523985239853,1.1386852876610256,125.06255161408146,4.639363050616121,90.0,89.5,0.4328413284132841,0.7,0.0,179.0,0.9170609076574476,497.04701195033664,8.742972990446113,711.1824100755517,704.5891869415832,-68.42034322700698,2547.060000000001,1.9934912617573113,0.0,174,5.19295685089021,5.170483995038151,5.1647859739235145,7.563200592358071,0.0
C181,CCCCCCCCCCCCCCCCCCCCCCCCCCCCCCCCCCCCCCCCCCCCCCCCCCCCCCCCCCCCCCCCCCCCCCCCCCCCCCCCCCCCCCCCCCCCCCCCCCCCCCCCCCCCCCCCCCCCCCCCCCCCCCCCCCCCCCCCCCCCCCCCCCCCCCCCCCCCCCCCCCCCCCCCCCCCCCCCCCCCC,1.3749845679012345,0.05326173666403468,2173.990999999996,0.0,1154.428831619221,0.0,0.0,0.0,4.6393939148136525,0,0,180.0,70.85409999999979,837.7910000000041,1.269192504312304,716.0,708.0,704.0,700.0,6880.0,8664.0,26481.653196999992,30374.521811999995,34752.567034999985,35107.533058,666.6299973650359,1385.445479217065,1.3174311926605504,48.590189352293564,6.991475765137613,5.308275229357799,165.6143188791131,480.20183486238534,2.1691776786465313,14635.43658157064,-100.4241453448157,2.8669815486238504,14.808788990825658,-0.0546444238700422,-0.04014692365953557,-0.44894265481143286,-2.4386636261883576,0.8811042841511657,26.854012076276405,0.019963168083494635,1.2126321877477435,0.9871436102075708,12.388364638002614,2.8773646380026103,1.47102915242536,22762.088060750604,14.09326995569031,22.103553390593277,15.541184143159139,10.926776695296638,241.66666666666669,0.9198532110091743,1.1386838817581653,125.75739260083203,4.6393939148136525,90.5,90.0,0.4328440366972477,0.7,0.0,180.0,0.9170677323351408,499.80191412265174,8.734024413642423,715.1323078007456,708.5376945339113,-68.7911302464,2561.150000000001,1.9935272216367836,0.0,175,5.198497031265826,5.176149732573829,5.170483995038151,7.5688956634069955,0.0
C182,CCCCCCCCCCCCCCCCCCCCCCCCCCCCCCCCCCCCCCCCCCCCCCCCCCCCCCCCCCCCCCCCCCCCCCCCCCCCCCCCCCCCCCCCCCCCCCCCCCCCCCCCCCCCCCCCCCCCCCCCCCCCCCCCCCCCCCCCCCCCCCCCCCCCCCCCCCCCCCCCCCCCCCCCCCCCCCCCCCCCCC,1.374984737950612,0.05326173666403442,2186.001999999996,0.0,1160.7937737336176,0.0,0.0,0.0,4.639424438912428,0,0,181.0,71.2441999999998,842.4080000000041,1.2692620764100229,720.0,712.0,708.0,704.0,6918.0,8712.0,26627.94944599999,30543.000108999986,34946.27557199999,35304.289787,670.308123174734,1393.1331693619143,1.3175182481751824,48.59114862408757,6.991481270072991,5.3082846715328476,165.61392965192545,482.8686131386862,2.16946827215091,14716.147794722627,-100.42213155557688,2.88279232116788,14.890456204379532,-0.054643328094150845,-0.04014611859974525,-0.4489336522364695,-2.4386147240578193,0.8811471042676756,26.8542842969391,0.019963370451276018,1.2126444802698746,0.9871436102075707,12.389367436932815,2.878367436932815,1.4710288353037824,23014.306464042995,14.132442455688908,22.228553390593277,15.629572490807458,10.989276695296638,243.0,0.9198540145985401,1.1386824912484017,126.45223331891764,4.639424438912428,91.0,90.5,0.43284671532846714,0.7,0.0,181.0,0.9170744819968,502.5568161342464,8.725162077819617,719.0822052776284,712.4862152169924,-69.16187744329639,2575.2400000000007,1.9935627863527452,0.0,176,5.204006687076795,5.181783550292085,5.176149732573829,7.5745584842024805,0.0
C183,CCCCCCCCCCCCCCCCCCCCCCCCCCCCCCCCCCCCCCCCCCCCCCCCCCCCCCCCCCCCCCCCCCCCCCCCCCCCCCCCCCCCCCCCCCCCCCCCCCCCCCCCCCCCCCCCCCCCCCCCCCCCCCCCCCCCCCCCCCCCCCCCCCCCCCCCCCCCCCCCCCCCCCCCCCCCCCCCCCCCCCC,1.3749849052046854,0.05326173666403414,2198.012999999996,0.0,1167.1587158480143,0.0,0.0,0.0,4.639454628503057,0,0,182.0,71.63429999999981,847.0250000000042,1.2692370760250207,724.0,716.0,712.0,708.0,6956.0,8760.0,26774.24569499999,30711.478405999984,35139.98410899999,35501.046516,673.9862489844319,1400.8208595067633,1.3176043557168784,48.592097450090726,6.99148671506352,5.308294010889293,165.61354466314634,485.5353901996371,2.169755699091949,14796.859001989109,-100.4201397149334,2.8986030925589805,14.972123411978192,-0.05464224426135454,-0.04014532231447478,-0.4489247477821185,-2.438566354921011,0.881189455897708,26.85455354262996,0.019963570607474918,1.2126566384528017,0.9871436102075704,12.390370209681109,2.8793702096811127,1.4710285257645488,23267.914500411833,14.171506656273147,22.353553390593277,15.717960838455777,11.051776695296638,244.33333333333334,0.9198548094373865,1.1386811158803058,127.14707377274226,4.639454628503057,91.5,91.0,0.43284936479128855,0.7,0.0,182.0,0.9170811578724998,505.3117179877474,8.716384705814146,723.0321025102483,716.4347487972452,-69.53258514519814,2589.330000000001,1.9935979623832865,0.0,177,5.209486152841421,5.187385805840755,5.181783550292085,7.580189417944541,0.0
C184,CCCCCCCCCCCCCCCCCCCCCCCCCCCCCCCCCCCCCCCCCCCCCCCCCCCCCCCCCCCCCCCCCCCCCCCCCCCCCCCCCCCCCCCCCCCCCCCCCCCCCCCCCCCCCCCCCCCCCCCCCCCCCCCCCCCCCCCCCCCCCCCCCCCCCCCCCCCCCCCCCCCCCCCCCCCCCCCCCCCCCCCC,1.374985069724387,0.05326173666403414,2210.023999999996,0.0,1173.523657962411,0.0,0.0,0.0,4.639484489054283,0,0,183.0,72.02439999999983,851.6420000000041,1.2693051416492513,728.0,720.0,716.0,712.0,6994.0,8808.0,26920.541943999993,30879.956702999978,35333.692645999996,35697.80324500002,677.6643747941299,1408.5085496516126,1.3176895306859207,48.59303599999999,6.991492101083032,5.308303249097473,165.61316384392086,488.2021660649819,2.1700400109475764,14877.5702034657,-100.41816946600999,2.9144138628158816,15.053790613718384,-0.05464117217734464,-0.04014453466086745,-0.44891593985271144,-2.4385185101091715,0.881231346687693,26.854819861851446,0.019963768588147874,1.2126686644867244,0.9871436102075681,12.391372956628793,2.880372956628797,1.4710282187900867,23522.912169857125,14.210463450906534,22.478553390593277,15.806349186104097,11.114276695296638,245.66666666666669,0.9198555956678701,1.1386797554078927,127.84191396661485,4.639484489054283,92.0,91.5,0.4328519855595668,0.7,0.0,183.0,0.9170877611655677,508.0666196857245,8.707691045928565,726.9819995025655,720.3832950849569,-69.90325367514272,2603.4200000000005,1.9936327560656697,0.0,178,5.214935757608986,5.19295685089021,5.187385805840755,7.585788821732034,0.0
C185,CCCCCCCCCCCCCCCCCCCCCCCCCCCCCCCCCCCCCCCCCCCCCCCCCCCCCCCCCCCCCCCCCCCCCCCCCCCCCCCCCCCCCCCCCCCCCCCCCCCCCCCCCCCCCCCCCCCCCCCCCCCCCCCCCCCCCCCCCCCCCCCCCCCCCCCCCCCCCCCCCCCCCCCCCCCCCCCCCCCCCCCCC,1.374985231568998,0.05326173666403385,2222.0349999999958,0.0,1179.8886000768077,0.0,0.0,0.0,4.639514025916287,0,0,184.0,72.41449999999985,856.2590000000042,1.2692806767546454,732.0,724.0,720.0,716.0,7032.0,8856.0,27066.838192999992,31048.434999999972,35527.40118300001,35894.559974000025,681.342500603828,1416.196239796462,1.3177737881508078,48.59396443985636,6.9914974290843785,5.308312387791743,165.61278712687727,490.8689407540395,2.1703212580862505,14958.28139924596,-100.416220459602,2.9302246319569094,15.135457809694763,-0.054640111652202394,-0.040143755499537144,-0.448907226887318,-2.4384711811408293,0.8812727841185628,26.855083302057377,0.019963964428571863,1.2126805605144892,0.987143610207569,12.39237567814962,2.8813756781496234,1.4710279190947164,23779.29947237885,14.249313720832681,22.603553390593277,15.894737533752416,11.176776695296638,247.0,0.9198563734290844,1.138678409590479,128.53675390475055,4.639514025916287,92.5,92.0,0.43285457809694794,0.7,0.0,184.0,0.9170942930533075,510.82152123069227,8.69907987129445,730.9318962584559,724.3318538941858,-70.27388335178782,2617.510000000001,1.9936671736001352,0.0,179,5.220355825078324,5.198497031265826,5.19295685089021,7.591357046698551,0.0
C186,CCCCCCCCCCCCCCCCCCCCCCCCCCCCCCCCCCCCCCCCCCCCCCCCCCCCCCCCCCCCCCCCCCCCCCCCCCCCCCCCCCCCCCCCCCCCCCCCCCCCCCCCCCCCCCCCCCCCCCCCCCCCCCCCCCCCCCCCCCCCCCCCCCCCCCCCCCCCCCCCCCCCCCCCCCCCCCCCCCCCCCCCCC,1.3749853907962015,0.05326173666403385,2234.0459999999957,0.0,1186.2535421912044,0.0,0.0,0.0,4.6395432443238835,0,0,185.0,72.80459999999987,860.8760000000042,1.2693472843117066,736.0,728.0,724.0,720.0,7070.0,8904.0,27213.134441999995,31216.913297,35721.10971999998,36091.316703000004,685.020626413526,1423.8839299413098,1.3178571428571428,48.594882932142845,6.991502699999999,5.308321428571429,165.61241444608777,493.53571428571445,2.1705994897959773,15038.992589421428,-100.4142923540407,2.9460353999999964,15.21712499999997,-0.05463906249995215,-0.040142984693809516,-0.4488986073582739,-2.438424359723241,0.8813137755102044,26.85534390968112,0.019964158163265286,1.212692328632863,0.98714361020757,12.39337837460991,2.8823783746099356,1.4710276218390672,24037.076407977,14.28805833530792,22.728553390593277,15.983125881400735,11.239276695296638,248.33333333333334,0.9198571428571428,1.1386770781925375,129.23159359127422,4.6395432443238835,93.0,92.5,0.43285714285714283,0.7,0.0,185.0,0.9171007546876987,513.5764226251113,8.690549979254476,734.881792781712,728.2804250426661,-70.64447448949404,2631.6000000000004,1.993701221053585,0.0,180,5.225746673713202,5.204006687076795,5.198497031265826,7.596894438144544,0.0
C187,CCCCCCCCCCCCCCCCCCCCCCCCCCCCCCCCCCCCCCCCCCCCCCCCCCCCCCCCCCCCCCCCCCCCCCCCCCCCCCCCCCCCCCCCCCCCCCCCCCCCCCCCCCCCCCCCCCCCCCCCCCCCCCCCCCCCCCCCCCCCCCCCCCCCCCCCCCCCCCCCCCCCCCCCCCCCCCCCCCCCCCCCCCC,1.3749855474621344,0.05326173666403357,2246.0569999999957,0.0,1192.618484305601,0.0,0.0,0.0,4.639572149399615,0,0,186.0,73.19469999999987,865.4930000000043,1.269323337885272,740.0,732.0,728.0,724.0,7108.0,8952.0,27359.43069099999,31385.39159399999,35914.81825699998,36288.073432,688.698752223224,1431.571620086159,1.3179396092362345,48.5957916358792,6.991507914742449,5.308330373001777,165.61204573702952,496.20248667850797,2.1708747543134526,15119.703774081705,-100.41238481487312,2.9618461669626965,15.29879218472466,-0.054638024538654364,-0.040142222109976956,-0.4488900797705913,-2.438378037730503,0.8813543280257691,26.855601730162885,0.0199643498260082,1.2127039708937648,0.9871436102075699,12.394381046368899,2.8833810463688945,1.4710273315744828,24296.242976651585,14.326698151828484,22.853553390593277,16.071514229049054,11.301776695296638,249.66666666666666,0.9198579040852576,1.1386757609835616,129.92643303022237,4.639572149399615,93.5,93.0,0.4328596802841918,0.7000000000000001,0.0,186.0,0.9171071471960738,516.3313238713895,8.682100190762947,738.8316890760453,732.229008351718,-71.01502739840558,2645.690000000001,1.9937349043631476,0.0,181,5.231108616854587,5.209486152841421,5.204006687076795,7.602401335665818,0.0
C188,CCCCCCCCCCCCCCCCCCCCCCCCCCCCCCCCCCCCCCCCCCCCCCCCCCCCCCCCCCCCCCCCCCCCCCCCCCCCCCCCCCCCCCCCCCCCCCCCCCCCCCCCCCCCCCCCCCCCCCCCCCCCCCCCCCCCCCCCCCCCCCCCCCCCCCCCCCCCCCCCCCCCCCCCCCCCCCCCCCCCCCCCCCCC,1.3749857016214362,0.05326173666403357,2258.0679999999957,0.0,1198.9834264199976,0.0,0.0,0.0,4.639600746156742,0,0,187.0,73.58479999999989,870.1100000000042,1.2693885337295923,744.0,736.0,732.0,728.0,7146.0,9000.0,27505.72693999999,31553.869890999988,36108.52679399998,36484.830161,692.376878032922,1439.2593102310084,1.3180212014134276,48.596690706713765,6.991513074204945,5.308339222614841,165.61168093654794,498.86925795053,2.171147098852509,15200.414953314485,-100.41049751480335,2.977656932862187,15.380459363957563,-0.054636997590175325,-0.040141467617231134,-0.4488816426611892,-2.4383322072198035,0.8813944486758482,26.85585680797612,0.019964539449862005,1.2127154893054581,0.987143610207569,12.395383693778637,2.884383693778622,1.4710270436317612,24556.799178402587,14.365234016352021,22.978553390593277,16.159902576697373,11.364276695296638,251.0,0.9198586572438162,1.1386744577379317,130.62127222554565,4.639600746156742,94.0,93.5,0.43286219081272087,0.7,0.0,187.0,0.917113471681774,519.0862249718841,8.673729349804145,742.7815851450897,736.1776036461573,-71.38554238452897,2659.7800000000007,1.9937682293396297,0.0,182,5.236441962829949,5.214935757608986,5.209486152841421,7.607878073278507,0.0
C189,CCCCCCCCCCCCCCCCCCCCCCCCCCCCCCCCCCCCCCCCCCCCCCCCCCCCCCCCCCCCCCCCCCCCCCCCCCCCCCCCCCCCCCCCCCCCCCCCCCCCCCCCCCCCCCCCCCCCCCCCCCCCCCCCCCCCCCCCCCCCCCCCCCCCCCCCCCCCCCCCCCCCCCCCCCCCCCCCCCCCCCCCCCCCC,1.3749858533272974,0.05326173666403357,2270.0789999999956,0.0,1205.3483685343942,0.0,0.0,0.0,4.639629039502148,0,0,188.0,73.9748999999999,874.7270000000043,1.269365089463004,748.0,740.0,736.0,732.0,7184.0,9048.0,27652.023188999992,31722.348187999985,36302.23533099999,36681.586890000006,696.05500384262,1446.9470003758577,1.3181019332161688,48.597580297012286,6.9915181792618615,5.308347978910369,165.6113199828201,501.5360281195078,2.1714165696300403,15281.126127205618,-100.4086301334128,2.9934676977152863,15.462126537785558,-0.05463598148016638,-0.04014072108744327,-0.44887329459755176,-2.4382868604043915,0.8814341443225093,26.856109186653107,0.019964727067188427,1.212726885833707,0.9871436102075699,12.396386317184405,2.8853863171844067,1.4710267624063305,24818.745013230007,14.403666763513874,23.103553390593277,16.248290924345692,11.426776695296638,252.33333333333334,0.9198594024604569,1.1386731682347864,131.31611118111113,4.639629039502148,94.5,94.0,0.4328646748681898,0.7,0.0,188.0,0.9171197292247841,521.8411259289022,8.665436322827881,746.7314809924014,740.1262107542101,-71.75601974980997,2673.870000000001,1.9938012016708582,0.0,183,5.241747015059643,5.220355825078324,5.214935757608986,7.613324979540639,0.0
C190,CCCCCCCCCCCCCCCCCCCCCCCCCCCCCCCCCCCCCCCCCCCCCCCCCCCCCCCCCCCCCCCCCCCCCCCCCCCCCCCCCCCCCCCCCCCCCCCCCCCCCCCCCCCCCCCCCCCCCCCCCCCCCCCCCCCCCCCCCCCCCCCCCCCCCCCCCCCCCCCCCCCCCCCCCCCCCCCCCCCCCCCCCCCCCC,1.3749860026315053,0.05326173666403357,2282.0899999999956,0.0,1211.7133106487909,0.0,0.0,0.0,4.6396570342391374,0,0,189.0,74.36499999999992,879.3440000000043,1.2694289180047036,752.0,744.0,740.0,736.0,7222.0,9096.0,27798.31943799999,31890.826484999976,36495.943867999995,36878.34361900002,699.733129652318,1454.634690520707,1.3181818181818181,48.598460555944044,6.991523230769229,5.308356643356643,165.61096281532016,504.2027972027971,2.171683211893014,15361.837295839161,-100.40678235703484,3.0092784615384582,15.543793706293673,-0.05463497603790256,-0.04013998239517417,-0.4488650341774913,-2.43824198967106,0.8814734216832117,26.85635890880972,0.019964912709667933,1.2127381624028928,0.9871436102075697,12.397388916924818,2.886388916924852,1.4710264833915663,25082.08048113385,14.441997216838129,23.228553390593277,16.33667927199401,11.489276695296638,253.66666666666666,0.9198601398601398,1.138671892257898,132.01094990070442,4.6396570342391374,95.0,94.5,0.43286713286713285,0.7,0.0,189.0,0.9171259208823472,524.5960267447026,8.657219998201676,750.6813766214632,744.0748295074295,-72.12645979220858,2687.9600000000005,1.9938338269249156,0.0,184,5.247024072160486,5.225746673713202,5.220355825078324,7.618742377670413,0.0
C191,CCCCCCCCCCCCCCCCCCCCCCCCCCCCCCCCCCCCCCCCCCCCCCCCCCCCCCCCCCCCCCCCCCCCCCCCCCCCCCCCCCCCCCCCCCCCCCCCCCCCCCCCCCCCCCCCCCCCCCCCCCCCCCCCCCCCCCCCCCCCCCCCCCCCCCCCCCCCCCCCCCCCCCCCCCCCCCCCCCCCCCCCCCCCCCC,1.3749861495844875,0.05326173666403357,2294.1009999999956,0.0,1218.0782527631875,0.0,0.0,0.0,4.639684735070162,0,0,190.0,74.75509999999994,883.9610000000043,1.2694059602664984,756.0,748.0,744.0,740.0,7260.0,9144.0,27944.615686999994,32059.304781999974,36689.652405,37075.100348000036,703.411255462016,1462.3223806655558,1.3182608695652174,48.59933162956521,6.991528229565216,5.308365217391305,165.6106093747854,506.8695652173913,2.1719470699433,15442.548459297388,-100.40495387854426,3.025089224347823,15.625460869565186,-0.05463398109639816,-0.04013925141771258,-0.4488568600278395,-2.4381975875608375,0.8815122873345936,26.85660601616937,0.01996509640831756,1.212749320897098,0.9871436102075711,12.398391493332046,2.887391493332056,1.47102621083378,25346.805582114015,14.480226188943643,23.353553390593277,16.42506761964233,11.551776695296638,255.0,0.9198608695652173,1.1386706295955509,132.7057883880314,4.639684735070162,95.5,95.0,0.4328695652173913,0.7,0.0,190.0,0.9171320476895601,527.3509274214971,8.64907928567895,754.6312720356847,748.0234597406143,-72.49686280577238,2702.050000000001,1.9938661105532762,0.0,185,5.25227342804663,5.231108616854587,5.225746673713202,7.624130585661289,0.0
C192,CCCCCCCCCCCCCCCCCCCCCCCCCCCCCCCCCCCCCCCCCCCCCCCCCCCCCCCCCCCCCCCCCCCCCCCCCCCCCCCCCCCCCCCCCCCCCCCCCCCCCCCCCCCCCCCCCCCCCCCCCCCCCCCCCCCCCCCCCCCCCCCCCCCCCCCCCCCCCCCCCCCCCCCCCCCCCCCCCCCCCCCCCCCCCCCC,1.3749862942353555,0.053261736664033305,2306.1119999999955,0.0,1224.4431948775841,0.0,0.0,0.0,4.639712146599451,0,0,191.0,75.14519999999995,888.5780000000043,1.269468464072272,760.0,752.0,748.0,744.0,7298.0,9192.0,28090.911935999993,32227.78307899999,36883.36094199997,37271.857077,707.0893812717138,1470.0100708104042,1.3183391003460208,48.60019366089964,6.991533176470587,5.308373702422147,165.6102596031836,509.5363321799308,2.1722081871624774,15523.259617660895,-100.40314439719073,3.0408999861591663,15.707128027681629,-0.05463299649185645,-0.04013852803479186,-0.44884877080425406,-2.4381536467700347,0.8815507477161433,26.856850549586323,0.01996527819350819,1.2127603631611568,0.9871436102075702,12.399394046731768,2.888394046731749,1.4710259403817278,25612.920316170632,14.518354481745126,23.478553390593277,16.51345596729065,11.614276695296638,256.3333333333333,0.9198615916955019,1.1386693800404255,133.400626646722,4.639712146599451,96.0,95.5,0.43287197231833907,0.6999999999999998,0.0,191.0,0.9171381106599504,530.1058279614514,8.641013115882743,758.5811672384052,751.97210129173,-72.86722908070799,2716.1400000000003,1.9938980578938414,0.0,186,5.2574953720277815,5.236441962829949,5.231108616854587,7.629489916393995,0.0
C193,CCCCCCCCCCCCCCCCCCCCCCCCCCCCCCCCCCCCCCCCCCCCCCCCCCCCCCCCCCCCCCCCCCCCCCCCCCCCCCCCCCCCCCCCCCCCCCCCCCCCCCCCCCCCCCCCCCCCCCCCCCCCCCCCCCCCCCCCCCCCCCCCCCCCCCCCCCCCCCCCCCCCCCCCCCCCCCCCCCCCCCCCCCCCCCCCC,1.3749864366319444,0.053261736664033305,2318.1229999999955,0.0,1230.8081369919807,0.0,0.0,0.0,4.639739273335563,0,0,192.0,75.53529999999996,893.1950000000044,1.269445977873095,764.0,756.0,752.0,748.0,7336.0,9240.0,28237.208184999996,32396.261375999984,37077.06947899997,37468.613806,710.7675070814118,1477.6977609552534,1.3184165232358003,48.60104679001721,6.991538072289155,5.308382099827884,165.60991344368094,512.2030981067126,2.1724666060355675,15603.970771008604,-100.40135361844025,3.0567107469879486,15.788795180722857,-0.05463202206414259,-0.04013781212872443,-0.44884076518997557,-2.4381101601478465,0.8815888091337566,26.857092549068167,0.019965458094981327,1.2127712910016697,0.9871436102075711,12.400396577443455,2.8893965774434704,1.471025676138977,25880.424683303638,14.556382886649647,23.603553390593277,16.60184431493897,11.676776695296638,257.6666666666667,0.9198623063683306,1.1386681433894839,134.09546468032977,4.639739273335563,96.5,96.0,0.43287435456110157,0.7,0.0,192.0,0.9171441107860349,532.8607283666862,8.633020439804376,762.5310622328948,755.9207540018331,-73.237558903451,2730.230000000001,1.9939296741738826,0.0,187,5.262690188904886,5.241747015059643,5.236441962829949,7.634820677745543,0.0
C194,CCCCCCCCCCCCCCCCCCCCCCCCCCCCCCCCCCCCCCCCCCCCCCCCCCCCCCCCCCCCCCCCCCCCCCCCCCCCCCCCCCCCCCCCCCCCCCCCCCCCCCCCCCCCCCCCCCCCCCCCCCCCCCCCCCCCCCCCCCCCCCCCCCCCCCCCCCCCCCCCCCCCCCCCCCCCCCCCCCCCCCCCCCCCCCCCCC,1.3749865768208542,0.053261736664033305,2330.1339999999955,0.0,1237.1730791063774,0.0,0.0,0.0,4.639766119693854,0,0,193.0,75.92539999999998,897.8120000000043,1.269507197760878,768.0,760.0,756.0,752.0,7374.0,9288.0,28383.504433999995,32564.739672999982,37270.778015999975,37665.37053500001,714.4456328911099,1485.3854511001027,1.3184931506849316,48.60189115410958,6.991542917808218,5.308390410958904,165.6095708406115,514.8698630136987,2.172722368174225,15684.681919417806,-100.39958125381763,3.0725215068493115,15.87046232876709,-0.054631057656186054,-0.0401371035841389,-0.44883284189554296,-2.4380671206848046,0.8816264777631827,26.857332053797613,0.01996563614186524,1.2127821061879893,0.9871436102075708,12.401399085780724,2.890399085780702,1.47102541390285,26149.31868351302,14.594312184748391,23.728553390593277,16.690232662587288,11.739276695296638,259.0,0.9198630136986302,1.13866691944386,134.79030249233514,4.639766119693854,97.0,96.5,0.4328767123287671,0.7,0.0,193.0,0.9171500490398615,535.6156286392792,8.625100228316594,766.4809570223568,759.8694177149957,-73.60785255673422,2744.3200000000006,1.9939609645128924,0.0,188,5.267858159063328,5.247024072160486,5.241747015059643,7.640123172695364,0.0
C195,CCCCCCCCCCCCCCCCCCCCCCCCCCCCCCCCCCCCCCCCCCCCCCCCCCCCCCCCCCCCCCCCCCCCCCCCCCCCCCCCCCCCCCCCCCCCCCCCCCCCCCCCCCCCCCCCCCCCCCCCCCCCCCCCCCCCCCCCCCCCCCCCCCCCCCCCCCCCCCCCCCCCCCCCCCCCCCCCCCCCCCCCCCCCCCCCCCC,1.3749867148474864,0.053261736664033305,2342.1449999999954,0.0,1243.538021220774,0.0,0.0,0.0,4.639792689998881,0,0,194.0,76.3155,902.4290000000044,1.2694851687208473,772.0,764.0,760.0,756.0,7412.0,9336.0,28529.80068299999,32733.21796999998,37464.48655299998,37862.12726400001,718.1237587008079,1493.0731412449518,1.3185689948892674,48.60272688756387,6.991547713798977,5.308398637137991,165.6092317394474,517.5366269165246,2.1729755143382032,15765.393062964224,-100.39782702077889,3.0883322657580887,15.952129471890938,-0.054630103114274374,-0.040136402287982036,-0.448824999657684,-2.438024521527084,0.8816637596533639,26.857569102153704,0.01996581236269076,1.212792810453178,0.9871436102075695,12.402401572051026,2.891401572051027,1.471025157640281,26419.60231679876,14.632143147003822,23.853553390593277,16.778621010235607,11.801776695296638,260.3333333333333,0.9198637137989779,1.1386657080087539,135.4851400861475,4.639792689998881,97.5,97.0,0.4328790459965928,0.7,0.0,194.0,0.9171559263735349,538.370528781265,8.617251471700667,770.4308516099292,763.8180922782351,-73.97811031965426,2758.4100000000008,1.9939919339253485,0.0,189,5.272999558563747,5.25227342804663,5.247024072160486,7.645397699428633,0.0
C196,CCCCCCCCCCCCCCCCCCCCCCCCCCCCCCCCCCCCCCCCCCCCCCCCCCCCCCCCCCCCCCCCCCCCCCCCCCCCCCCCCCCCCCCCCCCCCCCCCCCCCCCCCCCCCCCCCCCCCCCCCCCCCCCCCCCCCCCCCCCCCCCCCCCCCCCCCCCCCCCCCCCCCCCCCCCCCCCCCCCCCCCCCCCCCCCCCCCC,1.3749868507560814,0.053261736664033305,2354.1559999999954,0.0,1249.9029633351706,0.0,0.0,0.0,4.639818988486718,0,0,195.0,76.70560000000002,907.0460000000044,1.269545143848708,776.0,768.0,764.0,760.0,7450.0,9384.0,28676.096931999993,32901.69626700003,37658.19508999999,38058.883993000025,721.8018845105059,1500.7608313898008,1.3186440677966103,48.603554122033884,6.991552461016949,5.308406779661018,165.60889608676968,520.2033898305085,2.173226084458477,15846.104201722032,-100.39609064248494,3.1041430237288106,16.033796610169457,-0.054629158287842226,-0.040135708129799365,-0.4488172372387766,-2.437982355941299,0.8817006607296755,26.857803731732258,0.019965986785406467,1.2128034054949302,0.9871436102075697,12.403404036556253,2.8924040365562647,1.4710249032906826,26691.275583160896,14.669876534432825,23.978553390593277,16.867009357883926,11.864276695296638,261.6666666666667,0.9198644067796611,1.1386645088933265,136.17997746510662,4.639818988486718,98.0,97.5,0.43288135593220334,0.7,0.0,195.0,0.9171617437197239,541.1254287946371,8.60947317918701,774.380745998686,767.7667775414425,-74.34833246773687,2772.5000000000014,1.9940225873233914,0.0,190,5.278114659230517,5.2574953720277815,5.25227342804663,7.650644551436897,0.0
C197,CCCCCCCCCCCCCCCCCCCCCCCCCCCCCCCCCCCCCCCCCCCCCCCCCCCCCCCCCCCCCCCCCCCCCCCCCCCCCCCCCCCCCCCCCCCCCCCCCCCCCCCCCCCCCCCCCCCCCCCCCCCCCCCCCCCCCCCCCCCCCCCCCCCCCCCCCCCCCCCCCCCCCCCCCCCCCCCCCCCCCCCCCCCCCCCCCCCCC,1.3749869845897542,0.053261736664033305,2366.1669999999954,0.0,1256.2679054495673,0.0,0.0,0.0,4.639845019307209,0,0,196.0,77.09570000000002,911.6630000000044,1.2695235581667492,780.0,772.0,768.0,764.0,7488.0,9432.0,28822.393180999992,33070.17456400001,37851.90362699997,38255.640722000004,725.480010320204,1508.4485215346488,1.3187183811129848,48.60437298650926,6.991557160202359,5.308414839797639,165.6085638302405,522.8701517706577,2.1734741176571024,15926.81533576391,-100.3943718477295,3.119953780775714,16.115463743676187,-0.05462822302911689,-0.040135021001016305,-0.44880955342662676,-2.4379406173516958,0.8817371867970618,26.858035979365784,0.01996615943739351,1.2128138929764707,0.9871436102075706,12.404406479592598,2.893406479592584,1.4710246546901111,26964.33848259937,14.707513098285345,24.103553390593277,16.955397705532246,11.926776695296638,263.0,0.9198650927487353,1.1386633219106017,136.8748146324841,4.639845019307209,98.5,98.0,0.43288364249578415,0.6999999999999998,0.0,196.0,0.9171675019921561,543.8803286813486,8.60176437850886,778.3306401916394,771.7154733573157,-74.71851927300031,2786.5900000000006,1.994052929519424,0.0,191,5.2832037287379885,5.262690188904886,5.2574953720277815,7.655864017616056,0.0
C198,CCCCCCCCCCCCCCCCCCCCCCCCCCCCCCCCCCCCCCCCCCCCCCCCCCCCCCCCCCCCCCCCCCCCCCCCCCCCCCCCCCCCCCCCCCCCCCCCCCCCCCCCCCCCCCCCCCCCCCCCCCCCCCCCCCCCCCCCCCCCCCCCCCCCCCCCCCCCCCCCCCCCCCCCCCCCCCCCCCCCCCCCCCCCCCCCCCCCCC,1.374987116390528,0.053261736664033305,2378.1779999999953,0.0,1262.6328475639639,0.0,0.0,0.0,4.639870786526154,0,0,197.0,77.48580000000004,916.2800000000044,1.2695823261164125,784.0,776.0,772.0,768.0,7526.0,9480.0,28968.689429999995,33238.65286100001,38045.61216399997,38452.397451,729.158136129902,1516.136211679498,1.3187919463087248,48.60518360738254,6.991561812080537,5.308422818791947,165.6082349185757,525.5369127516778,2.1737196522679096,16007.52646516107,-100.39267037076952,3.135764536912748,16.197130872483186,-0.05462729719377963,-0.04013434079541778,-0.4488019470328992,-2.4378992993019173,0.8817733435430837,26.858265881142735,0.019966330345479906,1.2128242745274271,0.9871436102075692,12.40540890145067,2.8944089014506824,1.4710244079139878,27238.7910151142,14.745053580218965,24.228553390593277,17.043786053180565,11.989276695296638,264.33333333333337,0.9198657718120805,1.1386621468773674,137.56965159148592,4.639870786526154,99.0,98.5,0.43288590604026844,0.7,0.0,197.0,0.9171732020860963,546.6352284433134,8.594124115468603,782.2805341917408,775.6641795812928,-75.08867100401778,2800.680000000001,1.9940829652286278,0.0,192,5.288267030694535,5.267858159063328,5.262690188904886,7.66105638236183,0.0
C199,CCCCCCCCCCCCCCCCCCCCCCCCCCCCCCCCCCCCCCCCCCCCCCCCCCCCCCCCCCCCCCCCCCCCCCCCCCCCCCCCCCCCCCCCCCCCCCCCCCCCCCCCCCCCCCCCCCCCCCCCCCCCCCCCCCCCCCCCCCCCCCCCCCCCCCCCCCCCCCCCCCCCCCCCCCCCCCCCCCCCCCCCCCCCCCCCCCCCCCC,1.3749872461993675,0.053261736664033305,2390.1889999999953,0.0,1268.9977896783605,0.0,0.0,0.0,4.639896294127419,0,0,198.0,77.87590000000006,920.8970000000045,1.2695611705414287,788.0,780.0,776.0,772.0,7564.0,9528.0,29114.98567899999,33407.13115800001,38239.320700999975,38649.15418,732.8362619396,1523.8239018243473,1.318864774624374,48.60598610851417,6.991566417362269,5.308430717863105,165.60790930151856,528.20367278798,2.173962725856347,16088.237589983302,-100.39098595118223,3.151575292153586,16.278797996661066,-0.05462638063993789,-0.04013366740887607,-0.44879441689356847,-2.4378583954655,0.8818091365408682,26.858493472426215,0.019966499535954446,1.2128345517446717,0.9871436102075698,12.4064113024159,2.8954113024158836,1.4710241666729449,27514.6331807054,14.78249871246966,24.353553390593277,17.132174400828884,12.051776695296638,265.6666666666667,0.9198664440734557,1.1386609836140824,138.26448834525323,4.639896294127419,99.5,99.0,0.4328881469115192,0.7,0.0,198.0,0.9171788448788091,549.3901280824066,8.586551453516243,786.2304280018827,779.6128960714883,-75.45878792597803,2814.770000000001,1.9941126990714075,0.0,193,5.293304824724492,5.272999558563747,5.267858159063328,7.666221925662725,0.0
C200,CCCCCCCCCCCCCCCCCCCCCCCCCCCCCCCCCCCCCCCCCCCCCCCCCCCCCCCCCCCCCCCCCCCCCCCCCCCCCCCCCCCCCCCCCCCCCCCCCCCCCCCCCCCCCCCCCCCCCCCCCCCCCCCCCCCCCCCCCCCCCCCCCCCCCCCCCCCCCCCCCCCCCCCCCCCCCCCCCCCCCCCCCCCCCCCCCCCCCCCC,1.3749873740562106,0.053261736664033305,2402.1999999999953,0.0,1275.3627317927571,0.0,0.0,0.0,4.639921546014997,0,0,199.0,78.26600000000006,925.5140000000044,1.2696187673968071,792.0,784.0,780.0,776.0,7602.0,9576.0,29261.281927999993,33575.60945500003,38433.02923799998,38845.91090900001,736.514387749298,1531.5115919691966,1.318936877076412,48.60678061129567,6.9915709767441845,5.308438538205981,165.60758692981415,530.8704318936876,2.1742033752387,16168.948710299002,-100.38931833377895,3.1673860465116244,16.360465116279038,-0.05462547322875507,-0.040133000739458816,-0.4487869618678083,-2.4378178996449074,0.8818445712519728,26.858718787872096,0.019966667034580166,1.2128447261931412,0.9871436102075705,12.407413682768269,2.896413682768287,1.4710239271726235,27791.86497937296,14.819849218018469,24.478553390593277,17.220562748477203,12.114276695296638,267.0,0.9198671096345514,1.138659831944783,138.9593248968648,4.639921546014997,100.0,99.5,0.4328903654485049,0.7,0.0,199.0,0.9171844312300106,552.1450276004664,8.57904547333977,790.1803216249001,783.5616226886305,-75.82887030074487,2828.860000000001,1.9941421355757596,0.0,194,5.298317366548036,5.278114659230517,5.272999558563747,7.671360923190644,0.0
